score,level,severity,value,defanged,type,threat,sources,country,vt_detections,abuse_score,age_days,confidence,first_seen,source,reference
72,alta,media,088f624bf51e8c9db46a345c3a85df89f5729a226da1846f70aae91b9b44ffe7,088f624bf51e8c9db46a345c3a85df89f5729a226da1846f70aae91b9b44ffe7,sha256_hash,Bashlite,ThreatFox,,51/75,,0,100,2026-10-02 21:46:54 UTC,ThreatFox,
70,alta,alta,77820b9edff723a4c6ad8752c1cc5b443fccf57aaca82944598e28a847508286,77820b9edff723a4c6ad8752c1cc5b443fccf57aaca82944598e28a847508286,sha256_hash,Mirai,ThreatFox,,45/75,,0,100,2026-10-02 21:46:43 UTC,ThreatFox,
70,alta,alta,dc17c133c5d7087e6fa11a41cbaabf7cd870b2cf982f02b2df398eb78e408229,dc17c133c5d7087e6fa11a41cbaabf7cd870b2cf982f02b2df398eb78e408229,sha256_hash,Unknown Loader,ThreatFox,,46/75,,0,95,2026-10-02 10:45:57 UTC,ThreatFox,
69,media,alta,fad87a2968c7eb2470e1587d11a16d260fac7f381e131c1d53e39def1be20845,fad87a2968c7eb2470e1587d11a16d260fac7f381e131c1d53e39def1be20845,sha256_hash,Mirai,ThreatFox,,41/75,,0,100,2026-10-02 21:46:55 UTC,ThreatFox,
69,media,media,61958a485732d3fb76ef286246047687239f374e873281dfdeddb1538a889958,61958a485732d3fb76ef286246047687239f374e873281dfdeddb1538a889958,sha256_hash,Bashlite,ThreatFox,,41/75,,0,100,2026-10-02 21:46:50 UTC,ThreatFox,
69,media,alta,15612d87e4b1d45699cdfdba08d1ce405e87c95757c6bdac4d819f9d5d99c777,15612d87e4b1d45699cdfdba08d1ce405e87c95757c6bdac4d819f9d5d99c777,sha256_hash,Mirai,ThreatFox,,42/75,,0,100,2026-10-02 21:46:47 UTC,ThreatFox,
69,media,alta,baf99548f2c0e47d6234bcc964d387184a59e5d4acdbf8af79a736d817730a2e,baf99548f2c0e47d6234bcc964d387184a59e5d4acdbf8af79a736d817730a2e,sha256_hash,Mirai,ThreatFox,,41/74,,0,100,2026-10-02 21:46:36 UTC,ThreatFox,
69,media,alta,3ee840bc79a034e38e1f4d42a19fbdc7cf50bea0581bbcdbd92149b6009fbf90,3ee840bc79a034e38e1f4d42a19fbdc7cf50bea0581bbcdbd92149b6009fbf90,sha256_hash,Mirai,ThreatFox,,41/75,,0,100,2026-10-02 21:46:27 UTC,ThreatFox,
69,media,alta,64ecb45d56f1126d982609f4c9679e3a7db4fea47b90726e28aed6c1555e9331,64ecb45d56f1126d982609f4c9679e3a7db4fea47b90726e28aed6c1555e9331,sha256_hash,Unknown Loader,ThreatFox,,48/75,,0,85,2026-10-02 10:45:55 UTC,ThreatFox,
69,media,alta,14adbc5ababc074a0a890804138c8ac4c9be11a70a38456bc11ab625c2194622,14adbc5ababc074a0a890804138c8ac4c9be11a70a38456bc11ab625c2194622,sha256_hash,Unknown Loader,ThreatFox,,48/75,,0,85,2026-10-02 10:45:53 UTC,ThreatFox,
68,media,alta,661d546af82629fe989abcf66a570e568e69b91feee7509f8aede9f6362b3173,661d546af82629fe989abcf66a570e568e69b91feee7509f8aede9f6362b3173,sha256_hash,Mirai,ThreatFox,,40/75,,0,100,2026-10-02 21:46:56 UTC,ThreatFox,
68,media,alta,e759653346bfd8e7f818b5ea8e30e372bf2143f475af9ed50950c97c87392f37,e759653346bfd8e7f818b5ea8e30e372bf2143f475af9ed50950c97c87392f37,sha256_hash,Mirai,ThreatFox,,39/74,,0,100,2026-10-02 21:46:52 UTC,ThreatFox,
68,media,media,68feece51b734c46cd81c082c80515282a66da2872d3fe9c83c62199d9aba7a9,68feece51b734c46cd81c082c80515282a66da2872d3fe9c83c62199d9aba7a9,sha256_hash,Bashlite,ThreatFox,,40/75,,0,100,2026-10-02 21:46:51 UTC,ThreatFox,
68,media,alta,85a00051bd64a07945c16f0147aee1db76afd198febeebfbc5689409d5c0836c,85a00051bd64a07945c16f0147aee1db76afd198febeebfbc5689409d5c0836c,sha256_hash,Mirai,ThreatFox,,37/74,,0,100,2026-10-02 21:46:46 UTC,ThreatFox,
68,media,alta,32bd603ba84e760872a70162ce899c250826c450a878760dfe22fa11ee61ef92,32bd603ba84e760872a70162ce899c250826c450a878760dfe22fa11ee61ef92,sha256_hash,Mirai,ThreatFox,,37/74,,0,100,2026-10-02 21:46:45 UTC,ThreatFox,
68,media,alta,2d1ec8a263610b7a565b961364a62b85526958c25ff23f7f3aacbd8be78bbc01,2d1ec8a263610b7a565b961364a62b85526958c25ff23f7f3aacbd8be78bbc01,sha256_hash,Mirai,ThreatFox,,37/74,,0,100,2026-10-02 21:46:44 UTC,ThreatFox,
68,media,alta,38534279305c05fc31115da438390708295fc646f41926c3f3a5fab428757551,38534279305c05fc31115da438390708295fc646f41926c3f3a5fab428757551,sha256_hash,Mirai,ThreatFox,,40/75,,0,100,2026-10-02 21:46:33 UTC,ThreatFox,
68,media,alta,dc45540bdad7a5ffc99dbe071dd8803aebb8b85c59b14871e33e58f9096d235d,dc45540bdad7a5ffc99dbe071dd8803aebb8b85c59b14871e33e58f9096d235d,sha256_hash,Unknown Loader,ThreatFox,,45/75,,0,85,2026-10-02 10:45:58 UTC,ThreatFox,
68,media,alta,448bb7bd702777e61ee298cc5b366813dccb872748afdf7f8d462ccd80030f85,448bb7bd702777e61ee298cc5b366813dccb872748afdf7f8d462ccd80030f85,sha256_hash,Unknown Loader,ThreatFox,,46/75,,0,85,2026-10-02 10:45:56 UTC,ThreatFox,
68,media,alta,f88d65205dbfa7cc6a2570d8dd717159c4c541ad5375d387a0536329f1f9a855,f88d65205dbfa7cc6a2570d8dd717159c4c541ad5375d387a0536329f1f9a855,sha256_hash,Mirai,ThreatFox,,42/74,,0,95,2026-10-02 03:45:48 UTC,ThreatFox,
67,media,alta,e1419805e587355ca7d9d0be4faeebc4fa0e683600a62e282af58f0b88e2ba27,e1419805e587355ca7d9d0be4faeebc4fa0e683600a62e282af58f0b88e2ba27,sha256_hash,Mirai,ThreatFox,,37/75,,0,100,2026-10-02 21:46:59 UTC,ThreatFox,
67,media,alta,48eb68c0d94d2aeb3a36f7fdaf776fd771a80582d2d6355d784d9154f6722dfa,48eb68c0d94d2aeb3a36f7fdaf776fd771a80582d2d6355d784d9154f6722dfa,sha256_hash,Mirai,ThreatFox,,37/75,,0,100,2026-10-02 21:46:58 UTC,ThreatFox,
67,media,alta,3f3dd646d38b7777363ce01f76a9684ec49c23fe9c53ff5e27553c64c62879d9,3f3dd646d38b7777363ce01f76a9684ec49c23fe9c53ff5e27553c64c62879d9,sha256_hash,Mirai,ThreatFox,,37/75,,0,100,2026-10-02 21:46:57 UTC,ThreatFox,
67,media,alta,b79a0c376fa56601f16794f277b95239147443fb42a937ac22c4fede85548b15,b79a0c376fa56601f16794f277b95239147443fb42a937ac22c4fede85548b15,sha256_hash,Mirai,ThreatFox,,37/75,,0,100,2026-10-02 21:46:57 UTC,ThreatFox,
67,media,alta,dd35a9e909ac9359da47c01473fd8dbe01ae4c02a17cb607fccf76902dc3c9e7,dd35a9e909ac9359da47c01473fd8dbe01ae4c02a17cb607fccf76902dc3c9e7,sha256_hash,Mirai,ThreatFox,,37/75,,0,100,2026-10-02 21:46:49 UTC,ThreatFox,
67,media,alta,5db88833492ca317ff8e5ea576545876d74a3871169fd3d74b975e0f0a84a7a9,5db88833492ca317ff8e5ea576545876d74a3871169fd3d74b975e0f0a84a7a9,sha256_hash,Mirai,ThreatFox,,37/75,,0,100,2026-10-02 21:46:48 UTC,ThreatFox,
67,media,alta,30bc209286efaf474d4d17d1a18b527ea917ca9965e5be87e02e4eb512e34ff2,30bc209286efaf474d4d17d1a18b527ea917ca9965e5be87e02e4eb512e34ff2,sha256_hash,Mirai,ThreatFox,,37/75,,0,100,2026-10-02 21:46:42 UTC,ThreatFox,
67,media,alta,714d96848961e1168accac6cb5c2965646449884061021d5665efc59dcdb0a89,714d96848961e1168accac6cb5c2965646449884061021d5665efc59dcdb0a89,sha256_hash,Mirai,ThreatFox,,37/75,,0,100,2026-10-02 21:46:41 UTC,ThreatFox,
67,media,alta,28cfb803149a83d652ebdcc5303b4c0fe9a7bf14e083488e0f9e2808b08d470e,28cfb803149a83d652ebdcc5303b4c0fe9a7bf14e083488e0f9e2808b08d470e,sha256_hash,Mirai,ThreatFox,,37/75,,0,100,2026-10-02 21:46:40 UTC,ThreatFox,
67,media,alta,d8a9c3c7797c11cfee0c17fffcbf43135479afe22b29cf647e1c80cd30d970a8,d8a9c3c7797c11cfee0c17fffcbf43135479afe22b29cf647e1c80cd30d970a8,sha256_hash,Mirai,ThreatFox,,37/75,,0,100,2026-10-02 21:46:39 UTC,ThreatFox,
67,media,alta,0059e1ebbb9675661c4c17194260806acf61de164e1d13da8241a4b9e1c19a0b,0059e1ebbb9675661c4c17194260806acf61de164e1d13da8241a4b9e1c19a0b,sha256_hash,Mirai,ThreatFox,,37/75,,0,100,2026-10-02 21:46:38 UTC,ThreatFox,
67,media,alta,237063b07232c9118bddab6b392e30eb99d58764af05e81706c46f17e036ffdf,237063b07232c9118bddab6b392e30eb99d58764af05e81706c46f17e036ffdf,sha256_hash,Mirai,ThreatFox,,37/75,,0,100,2026-10-02 21:46:37 UTC,ThreatFox,
67,media,alta,b905ff92426bd8ea7a2c3846790d5458c053f996448d25637caf4be4569cdfa4,b905ff92426bd8ea7a2c3846790d5458c053f996448d25637caf4be4569cdfa4,sha256_hash,Mirai,ThreatFox,,37/75,,0,100,2026-10-02 21:46:35 UTC,ThreatFox,
67,media,alta,59688106ddc46d7ec9f7e7b00ccb511b9d249fe12ea98fec358dc838b518fa56,59688106ddc46d7ec9f7e7b00ccb511b9d249fe12ea98fec358dc838b518fa56,sha256_hash,Mirai,ThreatFox,,37/75,,0,100,2026-10-02 21:46:34 UTC,ThreatFox,
67,media,alta,d5a7549fc34ee4f29b2094e6505198b2d3100067ee6c279fc91a52b76098b3b8,d5a7549fc34ee4f29b2094e6505198b2d3100067ee6c279fc91a52b76098b3b8,sha256_hash,Mirai,ThreatFox,,37/75,,0,100,2026-10-02 21:46:32 UTC,ThreatFox,
67,media,alta,2279e2d6c16091785e5ddf12e446f096ff8e78b64ddee0b4ebbebd6a322b76e7,2279e2d6c16091785e5ddf12e446f096ff8e78b64ddee0b4ebbebd6a322b76e7,sha256_hash,Mirai,ThreatFox,,37/75,,0,100,2026-10-02 21:46:30 UTC,ThreatFox,
67,media,alta,06c18b2b230de80ae2f1cc137b228f91ec1973f2096a952cbcec8242ef5cdce8,06c18b2b230de80ae2f1cc137b228f91ec1973f2096a952cbcec8242ef5cdce8,sha256_hash,Mirai,ThreatFox,,37/75,,0,100,2026-10-02 21:46:29 UTC,ThreatFox,
67,media,alta,64ebf723abb8d3cf07df9d682d5342f93a6e69bc2245cdbb3c7b38003667ce43,64ebf723abb8d3cf07df9d682d5342f93a6e69bc2245cdbb3c7b38003667ce43,sha256_hash,Mirai,ThreatFox,,37/75,,0,100,2026-10-02 21:46:28 UTC,ThreatFox,
67,media,alta,4a74dda7276c5941ba49e08565e1be01b120fce905382b85504435faf04ffe5a,4a74dda7276c5941ba49e08565e1be01b120fce905382b85504435faf04ffe5a,sha256_hash,Mirai,ThreatFox,,37/75,,0,100,2026-10-02 21:46:26 UTC,ThreatFox,
67,media,alta,00872a27451a4094343c8b4792555da431676578843a0d11be289f868a932654,00872a27451a4094343c8b4792555da431676578843a0d11be289f868a932654,sha256_hash,Mirai,ThreatFox,,37/75,,0,100,2026-10-02 21:46:25 UTC,ThreatFox,
67,media,alta,90d6501a6199bc3f7dc2623dd154d6af634a3f6763ff70b3baac20cfe5cd6969,90d6501a6199bc3f7dc2623dd154d6af634a3f6763ff70b3baac20cfe5cd6969,sha256_hash,Mirai,ThreatFox,,37/75,,0,100,2026-10-02 21:46:24 UTC,ThreatFox,
67,media,alta,ab76331c474e88a3397fc707ef8b7068a0a89d0df20290fa4a232ac947d47dbd,ab76331c474e88a3397fc707ef8b7068a0a89d0df20290fa4a232ac947d47dbd,sha256_hash,Mirai,ThreatFox,,37/75,,0,100,2026-10-02 21:46:23 UTC,ThreatFox,
67,media,alta,4e247c3ac69c652cba2a80e221d0eb18200da8464f90eed71f949db0d3b20b65,4e247c3ac69c652cba2a80e221d0eb18200da8464f90eed71f949db0d3b20b65,sha256_hash,Mirai,ThreatFox,,37/75,,0,100,2026-10-02 21:46:22 UTC,ThreatFox,
67,media,alta,9514a4a4a35e00d4b4fc5d137dd09abce68788b36547ae7124f3ce55ac26c0d6,9514a4a4a35e00d4b4fc5d137dd09abce68788b36547ae7124f3ce55ac26c0d6,sha256_hash,Unknown Loader,ThreatFox,,44/75,,0,85,2026-10-02 10:45:59 UTC,ThreatFox,
67,media,alta,0cbe5a49a0f02bac48140c58a127624924372679aeef0daa4a2fe61dd35b9893,0cbe5a49a0f02bac48140c58a127624924372679aeef0daa4a2fe61dd35b9893,sha256_hash,Mirai,ThreatFox,,37/74,,0,95,2026-10-02 04:45:56 UTC,ThreatFox,
65,media,alta,148649970ff9237136b4456bf729afe4c8986a6e705f99752d2a8081dc05c27b,148649970ff9237136b4456bf729afe4c8986a6e705f99752d2a8081dc05c27b,sha256_hash,Unknown Loader,ThreatFox,,37/75,,0,85,2026-10-02 11:45:54 UTC,ThreatFox,
65,media,critica,158.94.210.16:2853,158[.]94[.]210[.]16:2853,ip:port,Havoc,ThreatFox,NL,,69,0,75,2026-10-02 09:43:42 UTC,ThreatFox,
62,media,alta,23.132.164.72:1080,23[.]132[.]164[.]72:1080,ip:port,AsyncRAT,ThreatFox,NL,,33,0,100,2026-10-02 18:05:04 UTC,ThreatFox,
62,media,critica,153.80.242.105:8447,153[.]80[.]242[.]105:8447,ip:port,Cobalt Strike,ThreatFox,DE,,36,0,100,2026-10-02 17:05:06 UTC,ThreatFox,
62,media,critica,153.80.242.105:8445,153[.]80[.]242[.]105:8445,ip:port,Cobalt Strike,ThreatFox,DE,,36,0,100,2026-10-02 16:05:06 UTC,ThreatFox,
62,media,critica,153.80.242.105:8008,153[.]80[.]242[.]105:8008,ip:port,Cobalt Strike,ThreatFox,DE,,36,0,100,2026-10-02 16:05:05 UTC,ThreatFox,
62,media,critica,153.80.242.105:5349,153[.]80[.]242[.]105:5349,ip:port,Cobalt Strike,ThreatFox,DE,,36,0,100,2026-10-02 08:05:05 UTC,ThreatFox,
62,media,critica,153.80.242.105:3478,153[.]80[.]242[.]105:3478,ip:port,Cobalt Strike,ThreatFox,DE,,36,0,100,2026-10-02 08:05:05 UTC,ThreatFox,
62,media,critica,153.80.242.105:2053,153[.]80[.]242[.]105:2053,ip:port,Cobalt Strike,ThreatFox,DE,,36,0,100,2026-10-02 08:05:04 UTC,ThreatFox,
62,media,critica,153.80.242.105:993,153[.]80[.]242[.]105:993,ip:port,Cobalt Strike,ThreatFox,DE,,36,0,100,2026-10-02 07:05:07 UTC,ThreatFox,
62,media,critica,153.80.242.105:81,153[.]80[.]242[.]105:81,ip:port,Cobalt Strike,ThreatFox,DE,,36,0,100,2026-10-02 07:05:06 UTC,ThreatFox,
60,media,alta,185.236.203.101:62927,185[.]236[.]203[.]101:62927,ip:port,Remcos,ThreatFox,SE,,25,0,100,2026-10-02 14:46:32 UTC,ThreatFox,
59,media,media,http://116.58.62.74/info.zip,hxxp://116[.]58[.]62[.]74/info[.]zip,url,Coinminer,ThreatFox,,14/92,,0,100,2026-10-02 03:39:43 UTC,ThreatFox,
58,media,alta,23.132.164.72:20,23[.]132[.]164[.]72:20,ip:port,AsyncRAT,ThreatFox,NL,,33,0,75,2026-10-02 19:44:58 UTC,ThreatFox,
58,media,critica,109.74.144.151:80,109[.]74[.]144[.]151:80,ip:port,AdaptixC2,ThreatFox,SK,10/91,0,0,100,2026-10-02 10:05:04 UTC,ThreatFox,
58,media,alta,159.223.24.190:34567,159[.]223[.]24[.]190:34567,ip:port,Aisuru,ThreatFox,DE,,16,0,100,2026-10-02 06:30:55 UTC,ThreatFox,
57,media,critica,45.202.1.16:8080,45[.]202[.]1[.]16:8080,ip:port,AdaptixC2,ThreatFox,HK,7/91,0,0,100,2026-10-02 12:05:05 UTC,ThreatFox,
57,media,critica,45.202.1.16:80,45[.]202[.]1[.]16:80,ip:port,AdaptixC2,ThreatFox,HK,7/91,0,0,100,2026-10-02 12:05:04 UTC,ThreatFox,
57,media,critica,45.202.1.16:443,45[.]202[.]1[.]16:443,ip:port,AdaptixC2,ThreatFox,HK,7/91,0,0,100,2026-10-02 12:05:04 UTC,ThreatFox,
57,media,critica,45.142.31.82:8080,45[.]142[.]31[.]82:8080,ip:port,AdaptixC2,ThreatFox,GR,7/91,0,0,100,2026-10-02 11:05:05 UTC,ThreatFox,
57,media,critica,45.142.31.82:443,45[.]142[.]31[.]82:443,ip:port,AdaptixC2,ThreatFox,GR,7/91,0,0,100,2026-10-02 11:05:04 UTC,ThreatFox,
57,media,critica,43.160.225.40:443,43[.]160[.]225[.]40:443,ip:port,AdaptixC2,ThreatFox,SG,9/91,0,0,100,2026-10-02 10:05:05 UTC,ThreatFox,
57,media,media,16cac377739f4bd02c9cd7d9e9bd28f5081a8b3797a5f3c22ea58bea9c8e661c,16cac377739f4bd02c9cd7d9e9bd28f5081a8b3797a5f3c22ea58bea9c8e661c,sha256_hash,AMOS,ThreatFox,,7/75,,0,100,2026-10-02 06:31:07 UTC,ThreatFox,https://www.virustotal.com/gui/file/16cac377739f4bd02c9cd7d9e9bd28f5081a8b3797a5f3c22ea58bea9c8e661c
57,media,media,111.170.148.132:15673,111[.]170[.]148[.]132:15673,ip:port,Unknown malware,ThreatFox,CN,8/91,0,0,100,2026-10-02 04:05:05 UTC,ThreatFox,
57,media,media,yunusemreotomotiv.com.tr,yunusemreotomotiv[.]com[.]tr,domain,IClickFix,ThreatFox,,6/91,,0,100,2026-10-01 22:04:07 UTC,ThreatFox,
56,media,media,http://homecor.click:6527/payments,hxxp://homecor[.]click:6527/payments,url,Remus,ThreatFox,,16/92,,0,75,2026-10-02 11:47:23 UTC,ThreatFox,
56,media,media,7bc5a428392326f138fd7e0d94bf36b51609362a92989ebd99079fbf9b1727ad,7bc5a428392326f138fd7e0d94bf36b51609362a92989ebd99079fbf9b1727ad,sha256_hash,AMOS,ThreatFox,,3/75,,0,100,2026-10-02 11:31:56 UTC,ThreatFox,https://www.virustotal.com/gui/file/7bc5a428392326f138fd7e0d94bf36b51609362a92989ebd99079fbf9b1727ad
56,media,media,d514c7de802c7d0ff9b747700e0bebb9e0967b6b7ba667536bf726e848f646d3,d514c7de802c7d0ff9b747700e0bebb9e0967b6b7ba667536bf726e848f646d3,sha256_hash,AMOS,ThreatFox,,2/75,,0,100,2026-10-02 11:31:55 UTC,ThreatFox,https://www.virustotal.com/gui/file/d514c7de802c7d0ff9b747700e0bebb9e0967b6b7ba667536bf726e848f646d3
56,media,media,89.185.82.37:27651,89[.]185[.]82[.]37:27651,ip:port,Potassium,ThreatFox,MK,4/91,0,0,100,2026-10-02 11:31:54 UTC,ThreatFox,https://github.com/deepfield/public-research/tree/main/potassium
56,media,media,http://kipthen.shop:9932/images,hxxp://kipthen[.]shop:9932/images,url,Remus,ThreatFox,,17/92,,0,75,2026-10-02 11:21:23 UTC,ThreatFox,
56,media,media,12a2da9a62aae2e524ee82fc30f07c2234fe65bc6bb13027d562632ac18a53e7,12a2da9a62aae2e524ee82fc30f07c2234fe65bc6bb13027d562632ac18a53e7,sha256_hash,AMOS,ThreatFox,,3/75,,0,100,2026-10-02 06:31:06 UTC,ThreatFox,https://www.virustotal.com/gui/file/12a2da9a62aae2e524ee82fc30f07c2234fe65bc6bb13027d562632ac18a53e7
56,media,critica,185.33.86.141:80,185[.]33[.]86[.]141:80,ip:port,AdaptixC2,ThreatFox,US,5/91,0,0,100,2026-10-02 04:05:08 UTC,ThreatFox,
56,media,critica,185.33.86.141:443,185[.]33[.]86[.]141:443,ip:port,AdaptixC2,ThreatFox,US,5/91,0,0,100,2026-10-02 04:05:08 UTC,ThreatFox,
55,media,alta,udeur.org,udeur[.]org,domain,ClearFake,ThreatFox,,0/91,,0,100,2026-10-02 21:59:53 UTC,ThreatFox,
55,media,alta,1tmo4621.succeswithpaul.com,1tmo4621[.]succeswithpaul[.]com,domain,ClearFake,ThreatFox,,0/91,,0,100,2026-10-02 21:52:38 UTC,ThreatFox,
55,media,alta,6bc17f9f0a1cda1924abfacf2aec3db6d996e0dd53b12ceb63254279aee0cc73,6bc17f9f0a1cda1924abfacf2aec3db6d996e0dd53b12ceb63254279aee0cc73,sha256_hash,Mirai,ThreatFox,,,,0,100,2026-10-02 21:46:21 UTC,ThreatFox,
55,media,alta,d7f5cd3b5df8d19f8f1b89ce9e1562b535c1c07706dfdf6780ffd277b38c3ee6,d7f5cd3b5df8d19f8f1b89ce9e1562b535c1c07706dfdf6780ffd277b38c3ee6,sha256_hash,Mirai,ThreatFox,,,,0,100,2026-10-02 21:46:20 UTC,ThreatFox,
55,media,alta,9764f31e638322ed6e43b854933cdf521970b0d7e3f89a8bb268a956ed790f9b,9764f31e638322ed6e43b854933cdf521970b0d7e3f89a8bb268a956ed790f9b,sha256_hash,Mirai,ThreatFox,,,,0,100,2026-10-02 21:46:18 UTC,ThreatFox,
55,media,alta,5bcfc51337f994b6b8c31f35ac840a2628b359e315ef4a412a607611e95abcbf,5bcfc51337f994b6b8c31f35ac840a2628b359e315ef4a412a607611e95abcbf,sha256_hash,Mirai,ThreatFox,,,,0,100,2026-10-02 21:46:17 UTC,ThreatFox,
55,media,alta,1ff2d63d2613bfa5ffcd658fa441d8b92396916f7e4e3b40c38ef61971a7520b,1ff2d63d2613bfa5ffcd658fa441d8b92396916f7e4e3b40c38ef61971a7520b,sha256_hash,Mirai,ThreatFox,,,,0,100,2026-10-02 21:46:16 UTC,ThreatFox,
55,media,alta,https://rz.333pwk.org/,hxxps://rz[.]333pwk[.]org/,url,Vidar,ThreatFox,,,,0,100,2026-10-02 21:24:44 UTC,ThreatFox,https://www.virustotal.com/gui/file/978d772094a988c3f9ac9f0d2eb68a1c03d22f0a6d3e0281090eb30944553569/behavior
55,media,media,31275278d814286082558c6db575872275fcc00f6342844bbeaf3a3227c98ae1,31275278d814286082558c6db575872275fcc00f6342844bbeaf3a3227c98ae1,sha256_hash,AMOS,ThreatFox,,,,0,100,2026-10-02 21:24:23 UTC,ThreatFox,https://www.virustotal.com/gui/file/31275278d814286082558c6db575872275fcc00f6342844bbeaf3a3227c98ae1
55,media,media,147.45.116.124:38429,147[.]45[.]116[.]124:38429,ip:port,Potassium,ThreatFox,BR,,0,0,100,2026-10-02 21:24:14 UTC,ThreatFox,https://github.com/deepfield/public-research/tree/main/potassium
55,media,critica,154.92.252.61:80,154[.]92[.]252[.]61:80,ip:port,AdaptixC2,ThreatFox,HK,,0,0,100,2026-10-02 21:05:05 UTC,ThreatFox,
55,media,critica,154.92.252.59:80,154[.]92[.]252[.]59:80,ip:port,AdaptixC2,ThreatFox,HK,,0,0,100,2026-10-02 21:05:04 UTC,ThreatFox,
55,media,alta,d2099687b9763d21807338ce2e1c96a98089a2e851a9f2de9cf2c5474fad6500,d2099687b9763d21807338ce2e1c96a98089a2e851a9f2de9cf2c5474fad6500,sha256_hash,Mirai,ThreatFox,,,,0,100,2026-10-02 20:46:54 UTC,ThreatFox,
55,media,alta,39d4c7826381317409185d32e2929e2e27f507904d03cc6e047911b35dda55f9,39d4c7826381317409185d32e2929e2e27f507904d03cc6e047911b35dda55f9,sha256_hash,Mirai,ThreatFox,,,,0,100,2026-10-02 20:46:52 UTC,ThreatFox,
55,media,alta,d9fec308fa96892c7a6515f87a503c326a87dfac10ae30d62c1b2941eef67382,d9fec308fa96892c7a6515f87a503c326a87dfac10ae30d62c1b2941eef67382,sha256_hash,Mirai,ThreatFox,,,,0,100,2026-10-02 20:46:52 UTC,ThreatFox,
55,media,alta,79ea0ecd31200873d67fa12f83023b21c4baba9f655a837c44afb71d29d727fb,79ea0ecd31200873d67fa12f83023b21c4baba9f655a837c44afb71d29d727fb,sha256_hash,Mirai,ThreatFox,,,,0,100,2026-10-02 20:46:51 UTC,ThreatFox,
55,media,alta,8f7791b74e0b504e7c62fc6a8211eb222957d33a1f264189e421269bbe0004cb,8f7791b74e0b504e7c62fc6a8211eb222957d33a1f264189e421269bbe0004cb,sha256_hash,Mirai,ThreatFox,,,,0,100,2026-10-02 20:46:50 UTC,ThreatFox,
55,media,alta,b610ed02b56e1634c71f36076e61e7bf69aca774e745df6c698d5d9f470d48b8,b610ed02b56e1634c71f36076e61e7bf69aca774e745df6c698d5d9f470d48b8,sha256_hash,Mirai,ThreatFox,,,,0,100,2026-10-02 20:46:49 UTC,ThreatFox,
55,media,alta,abfc654f545cb437714fde5b66e5307b9dea78a67ed7a8c863d82f2daa2fedac,abfc654f545cb437714fde5b66e5307b9dea78a67ed7a8c863d82f2daa2fedac,sha256_hash,Mirai,ThreatFox,,,,0,100,2026-10-02 20:46:48 UTC,ThreatFox,
55,media,alta,2dbe61716ddc409f2da6fa5532241e9f7dfa38349a8c3f2b301815ba6ca4a19f,2dbe61716ddc409f2da6fa5532241e9f7dfa38349a8c3f2b301815ba6ca4a19f,sha256_hash,Mirai,ThreatFox,,,,0,100,2026-10-02 20:46:47 UTC,ThreatFox,
55,media,media,807fe3ad7a3d7c013713b120e077b30ca1978a48fc745c164011e029c8034371,807fe3ad7a3d7c013713b120e077b30ca1978a48fc745c164011e029c8034371,sha256_hash,Bashlite,ThreatFox,,,,0,100,2026-10-02 20:46:46 UTC,ThreatFox,
55,media,alta,dcd547b488a16a9da77f7b456a9c88b85a0be46352a831c9aaea207326b384df,dcd547b488a16a9da77f7b456a9c88b85a0be46352a831c9aaea207326b384df,sha256_hash,Mirai,ThreatFox,,,,0,100,2026-10-02 20:46:45 UTC,ThreatFox,
55,media,alta,a380354eab0a007ab0beddb15a0e7685262d82dddbefda340339769ca79f60b7,a380354eab0a007ab0beddb15a0e7685262d82dddbefda340339769ca79f60b7,sha256_hash,Mirai,ThreatFox,,,,0,100,2026-10-02 20:46:44 UTC,ThreatFox,
55,media,alta,c4cd3858b4f52a94e47a9c261c6f373e6eeb99d8dd561c6c2b69e6f234c15609,c4cd3858b4f52a94e47a9c261c6f373e6eeb99d8dd561c6c2b69e6f234c15609,sha256_hash,Mirai,ThreatFox,,,,0,100,2026-10-02 20:46:42 UTC,ThreatFox,
55,media,alta,df3b427471a3448eaaaab4bba704e80d0e088eca74e1e21d8a1bb420458b4282,df3b427471a3448eaaaab4bba704e80d0e088eca74e1e21d8a1bb420458b4282,sha256_hash,Mirai,ThreatFox,,,,0,100,2026-10-02 20:46:41 UTC,ThreatFox,
55,media,alta,f5d6944d1133d2b45f1b002172212d72bf3e6e6cb612a42f9f7773bb1bbeec83,f5d6944d1133d2b45f1b002172212d72bf3e6e6cb612a42f9f7773bb1bbeec83,sha256_hash,Mirai,ThreatFox,,,,0,100,2026-10-02 20:46:41 UTC,ThreatFox,
55,media,alta,b918ca89c0a1d706056f1060248f984fba9af5d3a66069c11c9535273c1a46ef,b918ca89c0a1d706056f1060248f984fba9af5d3a66069c11c9535273c1a46ef,sha256_hash,Mirai,ThreatFox,,,,0,100,2026-10-02 20:46:39 UTC,ThreatFox,
55,media,alta,d061665e475ea1fd41c3018c8ebece8b9d78542a9846c6dfe980c99f0ff6058f,d061665e475ea1fd41c3018c8ebece8b9d78542a9846c6dfe980c99f0ff6058f,sha256_hash,Mirai,ThreatFox,,,,0,100,2026-10-02 20:46:38 UTC,ThreatFox,
55,media,alta,59d0fe09351ce3bbf82a3301732ba63b59dff2ea730049c4a9125e5a8d6fc53d,59d0fe09351ce3bbf82a3301732ba63b59dff2ea730049c4a9125e5a8d6fc53d,sha256_hash,Mirai,ThreatFox,,,,0,100,2026-10-02 20:46:37 UTC,ThreatFox,
55,media,alta,ac06297b765ab80aeafe86dec174c114a65e6e3e282c149dddd6179d30fcca88,ac06297b765ab80aeafe86dec174c114a65e6e3e282c149dddd6179d30fcca88,sha256_hash,Mirai,ThreatFox,,,,0,100,2026-10-02 20:46:36 UTC,ThreatFox,
55,media,alta,1e29360b5e4f58062895cac59fa21b55c24f45c2d2d02a52a149787bee0634c1,1e29360b5e4f58062895cac59fa21b55c24f45c2d2d02a52a149787bee0634c1,sha256_hash,Mirai,ThreatFox,,,,0,100,2026-10-02 20:46:35 UTC,ThreatFox,
55,media,alta,51ac3c75c8583cffc3f61777a7af6e4b068dcf7698ab89c89a57f15fab59bf18,51ac3c75c8583cffc3f61777a7af6e4b068dcf7698ab89c89a57f15fab59bf18,sha256_hash,Mirai,ThreatFox,,,,0,100,2026-10-02 20:46:34 UTC,ThreatFox,
55,media,alta,a610644ce6bd9531062134b5a017f5339edcb79bdd247cb7c4acf32c2d147b6f,a610644ce6bd9531062134b5a017f5339edcb79bdd247cb7c4acf32c2d147b6f,sha256_hash,Mirai,ThreatFox,,,,0,100,2026-10-02 20:46:33 UTC,ThreatFox,
55,media,alta,fd9b3294962be6f3b57df0b6d545517cffb9bc5dbef374f0a0ab32d86ce79007,fd9b3294962be6f3b57df0b6d545517cffb9bc5dbef374f0a0ab32d86ce79007,sha256_hash,Mirai,ThreatFox,,,,0,100,2026-10-02 20:46:32 UTC,ThreatFox,
55,media,alta,618279e9f6ba7e6765f233e6e86334f7335d219b21d843396af601c4d1ec4bf6,618279e9f6ba7e6765f233e6e86334f7335d219b21d843396af601c4d1ec4bf6,sha256_hash,Mirai,ThreatFox,,,,0,100,2026-10-02 20:46:32 UTC,ThreatFox,
55,media,alta,36354f7f2724edfade129d3e1cd1dcd577b5c7e682ec3c05f3dd1be6890b7979,36354f7f2724edfade129d3e1cd1dcd577b5c7e682ec3c05f3dd1be6890b7979,sha256_hash,Mirai,ThreatFox,,,,0,100,2026-10-02 20:46:31 UTC,ThreatFox,
55,media,alta,bcf48743507bbc7a678e111dd4ee2be1840e4c10426c8f60b16540983b3fecfe,bcf48743507bbc7a678e111dd4ee2be1840e4c10426c8f60b16540983b3fecfe,sha256_hash,Mirai,ThreatFox,,,,0,100,2026-10-02 20:46:29 UTC,ThreatFox,
55,media,alta,0ba0e8e3bf15c34d15d067c6f4dfb76df18f4ad523b301a4feaed7f0c358baa3,0ba0e8e3bf15c34d15d067c6f4dfb76df18f4ad523b301a4feaed7f0c358baa3,sha256_hash,Mirai,ThreatFox,,,,0,100,2026-10-02 20:46:28 UTC,ThreatFox,
55,media,alta,79f19dfccf9943e58b1c616ef28dd56b816a4aaf8de1370536f649bae236d55e,79f19dfccf9943e58b1c616ef28dd56b816a4aaf8de1370536f649bae236d55e,sha256_hash,Mirai,ThreatFox,,,,0,100,2026-10-02 20:46:27 UTC,ThreatFox,
55,media,alta,6f6fdd0bb12ebe8a3d3471a99d4fde2f94222dfbf2c66416e55ae8646310b7de,6f6fdd0bb12ebe8a3d3471a99d4fde2f94222dfbf2c66416e55ae8646310b7de,sha256_hash,Mirai,ThreatFox,,,,0,100,2026-10-02 20:46:26 UTC,ThreatFox,
55,media,alta,e29c40498d1e2b650e65855ab7051475e4aa6bc54e9b0d8352dda798c5aba339,e29c40498d1e2b650e65855ab7051475e4aa6bc54e9b0d8352dda798c5aba339,sha256_hash,Mirai,ThreatFox,,,,0,100,2026-10-02 20:46:25 UTC,ThreatFox,
55,media,alta,6b23bf85f737283b6787ddc9dff4811f1061173c51b0d0c510bfee919e0076f8,6b23bf85f737283b6787ddc9dff4811f1061173c51b0d0c510bfee919e0076f8,sha256_hash,Mirai,ThreatFox,,,,0,100,2026-10-02 20:46:24 UTC,ThreatFox,
55,media,alta,f545fa23cc5c7868c76023eb7e17f61dc30a69ba4c9a2767ef44d4f2e67dc658,f545fa23cc5c7868c76023eb7e17f61dc30a69ba4c9a2767ef44d4f2e67dc658,sha256_hash,Mirai,ThreatFox,,,,0,100,2026-10-02 20:46:23 UTC,ThreatFox,
55,media,alta,9350346cc044ab46f009e288fadbe1c7ac32f0c5cc56be0cf418acca768bb59a,9350346cc044ab46f009e288fadbe1c7ac32f0c5cc56be0cf418acca768bb59a,sha256_hash,Mirai,ThreatFox,,,,0,100,2026-10-02 20:46:22 UTC,ThreatFox,
55,media,alta,d7184cae1f29e20033be66daec42d8bdaf13a99506248c30279877ac6fa432ca,d7184cae1f29e20033be66daec42d8bdaf13a99506248c30279877ac6fa432ca,sha256_hash,Mirai,ThreatFox,,,,0,100,2026-10-02 20:46:21 UTC,ThreatFox,
55,media,alta,5965c3d68cdd84cd1fc174f3d0e0764f6c9dc8687461198d4535684cb65886ed,5965c3d68cdd84cd1fc174f3d0e0764f6c9dc8687461198d4535684cb65886ed,sha256_hash,Mirai,ThreatFox,,,,0,100,2026-10-02 20:46:20 UTC,ThreatFox,
55,media,alta,9fe74b2b6d0a3b3166f1707cb4bd697e17f9dabbac8e30e7f12818fc0b1140e1,9fe74b2b6d0a3b3166f1707cb4bd697e17f9dabbac8e30e7f12818fc0b1140e1,sha256_hash,Mirai,ThreatFox,,,,0,100,2026-10-02 20:46:19 UTC,ThreatFox,
55,media,alta,90c9423bf169aa2938c1ed0860112800c88021f09d41fb1c09118c4246783782,90c9423bf169aa2938c1ed0860112800c88021f09d41fb1c09118c4246783782,sha256_hash,Mirai,ThreatFox,,,,0,100,2026-10-02 20:46:18 UTC,ThreatFox,
55,media,alta,7209e154bd93a9cdd455902b3c3e412f2024e9f0ddb83fc0b180c4af2d8adf67,7209e154bd93a9cdd455902b3c3e412f2024e9f0ddb83fc0b180c4af2d8adf67,sha256_hash,Mirai,ThreatFox,,,,0,100,2026-10-02 20:46:17 UTC,ThreatFox,
55,media,alta,bc1c89c2718f93ee6b67cead554821d5f43e7a71c41af42b01ca0a179a28f7c7,bc1c89c2718f93ee6b67cead554821d5f43e7a71c41af42b01ca0a179a28f7c7,sha256_hash,Mirai,ThreatFox,,,,0,100,2026-10-02 20:46:16 UTC,ThreatFox,
55,media,alta,4f2f00a93c1fcdb200289ab216a202d63ef313dc3abf8b75f2308ae873403da9,4f2f00a93c1fcdb200289ab216a202d63ef313dc3abf8b75f2308ae873403da9,sha256_hash,Mirai,ThreatFox,,,,0,100,2026-10-02 20:46:14 UTC,ThreatFox,
55,media,alta,5b2babb8411889f33f428c1650b56d69a526582fb36d7a39ad4baca4c2765d14,5b2babb8411889f33f428c1650b56d69a526582fb36d7a39ad4baca4c2765d14,sha256_hash,Mirai,ThreatFox,,,,0,100,2026-10-02 20:46:13 UTC,ThreatFox,
55,media,critica,e8d6ea0246b56452df932427cbd3ac450162eaa354c774aedd77e2c68d066a5b,e8d6ea0246b56452df932427cbd3ac450162eaa354c774aedd77e2c68d066a5b,sha256_hash,Havoc,ThreatFox,,,,0,100,2026-10-02 20:46:11 UTC,ThreatFox,
55,media,alta,https://ti.369jk.org,hxxps://ti[.]369jk[.]org,url,Vidar,ThreatFox,,,,0,100,2026-10-02 20:44:42 UTC,ThreatFox,
55,media,alta,https://sderfjs42.com/,hxxps://sderfjs42[.]com/,url,Unknown Stealer,ThreatFox,,,,0,100,2026-10-02 20:44:41 UTC,ThreatFox,
55,media,alta,sderfjs42.com,sderfjs42[.]com,domain,Unknown Stealer,ThreatFox,,,,0,100,2026-10-02 20:44:41 UTC,ThreatFox,
55,media,alta,https://ti.332toto.net,hxxps://ti[.]332toto[.]net,url,Vidar,ThreatFox,,,,0,100,2026-10-02 20:44:41 UTC,ThreatFox,
55,media,media,3f71836497ad7bddd510e7ce10dfae4f27e879d5338c3fca6bdfc2c2ed3ebe15,3f71836497ad7bddd510e7ce10dfae4f27e879d5338c3fca6bdfc2c2ed3ebe15,sha256_hash,AMOS,ThreatFox,,,,0,100,2026-10-02 20:44:40 UTC,ThreatFox,https://www.virustotal.com/gui/file/3f71836497ad7bddd510e7ce10dfae4f27e879d5338c3fca6bdfc2c2ed3ebe15
55,media,alta,js-stable.pupplements.com,js-stable[.]pupplements[.]com,domain,FAKEUPDATES,ThreatFox,,,,0,100,2026-10-02 20:44:40 UTC,ThreatFox,https://infosec.exchange/@monitorsg/117372423400909195
55,media,media,8fc704565fcac625157c3e17839bc60839345271953bf11f8038a0503d053e51,8fc704565fcac625157c3e17839bc60839345271953bf11f8038a0503d053e51,sha256_hash,AMOS,ThreatFox,,,,0,100,2026-10-02 20:44:39 UTC,ThreatFox,https://www.virustotal.com/gui/file/8fc704565fcac625157c3e17839bc60839345271953bf11f8038a0503d053e51
55,media,media,099db2b63d103e42ae3f69417dbfdddb1540960b1bb2da777e7b4e3d99a7e444,099db2b63d103e42ae3f69417dbfdddb1540960b1bb2da777e7b4e3d99a7e444,sha256_hash,AMOS,ThreatFox,,,,0,100,2026-10-02 20:44:37 UTC,ThreatFox,https://www.virustotal.com/gui/file/099db2b63d103e42ae3f69417dbfdddb1540960b1bb2da777e7b4e3d99a7e444
55,media,alta,128.90.113.45:3000,128[.]90[.]113[.]45:3000,ip:port,Remcos,ThreatFox,AR,,0,0,100,2026-10-02 20:44:37 UTC,ThreatFox,
55,media,alta,https://104.105.9.5,hxxps://104[.]105[.]9[.]5,url,Vidar,ThreatFox,,,,0,100,2026-10-02 20:44:37 UTC,ThreatFox,
55,media,media,8f392ba225cc18d406e50b4ba85a27843123eb4d6d2bebe7a0bc4e7dad6e451b,8f392ba225cc18d406e50b4ba85a27843123eb4d6d2bebe7a0bc4e7dad6e451b,sha256_hash,AMOS,ThreatFox,,,,0,100,2026-10-02 20:44:36 UTC,ThreatFox,https://www.virustotal.com/gui/file/8f392ba225cc18d406e50b4ba85a27843123eb4d6d2bebe7a0bc4e7dad6e451b
55,media,media,9481366073d7b44c96bc7d72dfcd6d1c1409c0d52b5b8518d3c0dcd8515a920d,9481366073d7b44c96bc7d72dfcd6d1c1409c0d52b5b8518d3c0dcd8515a920d,sha256_hash,AMOS,ThreatFox,,,,0,100,2026-10-02 20:44:36 UTC,ThreatFox,https://www.virustotal.com/gui/file/9481366073d7b44c96bc7d72dfcd6d1c1409c0d52b5b8518d3c0dcd8515a920d
55,media,media,147.45.116.124:7193,147[.]45[.]116[.]124:7193,ip:port,Potassium,ThreatFox,BR,,0,0,100,2026-10-02 20:44:35 UTC,ThreatFox,https://github.com/deepfield/public-research/tree/main/potassium
55,media,media,22de2538ee2253b2210e2ca50df4c7c41da74576cc2b22e90ec1f8e97e60e9fc,22de2538ee2253b2210e2ca50df4c7c41da74576cc2b22e90ec1f8e97e60e9fc,sha256_hash,AMOS,ThreatFox,,,,0,100,2026-10-02 20:44:35 UTC,ThreatFox,https://www.virustotal.com/gui/file/22de2538ee2253b2210e2ca50df4c7c41da74576cc2b22e90ec1f8e97e60e9fc
55,media,media,78.153.155.29:7193,78[.]153[.]155[.]29:7193,ip:port,Potassium,ThreatFox,US,,0,0,100,2026-10-02 20:44:34 UTC,ThreatFox,https://github.com/deepfield/public-research/tree/main/potassium
55,media,media,147.45.116.125:7193,147[.]45[.]116[.]125:7193,ip:port,Potassium,ThreatFox,BR,,0,0,100,2026-10-02 20:44:34 UTC,ThreatFox,https://github.com/deepfield/public-research/tree/main/potassium
55,media,alta,https://api.telegram.org/bot8744887484:AAFOoHCJQhekvoDaF1VdGBdPW5EyVjm2d_E/sendMessage?chat_id=8547707302,hxxps://api[.]telegram[.]org/bot8744887484:AAFOoHCJQhekvoDaF1VdGBdPW5EyVjm2d_E/sendMessage?chat_id=8547707302,url,404 Keylogger,ThreatFox,,,,0,100,2026-10-02 20:44:33 UTC,ThreatFox,https://bazaar.abuse.ch/sample/803d6aeb379857416ead51f62c9d5484809d36becdcc1d6d591870049fae9b91/
55,media,media,89.23.113.104:7193,89[.]23[.]113[.]104:7193,ip:port,Potassium,ThreatFox,RU,,0,0,100,2026-10-02 20:44:33 UTC,ThreatFox,https://github.com/deepfield/public-research/tree/main/potassium
55,media,media,154.89.152.200:3306,154[.]89[.]152[.]200:3306,ip:port,VShell,ThreatFox,HK,,0,0,100,2026-10-02 20:15:08 UTC,ThreatFox,
55,media,critica,154.92.252.60:80,154[.]92[.]252[.]60:80,ip:port,AdaptixC2,ThreatFox,HK,,0,0,100,2026-10-02 20:05:06 UTC,ThreatFox,
55,media,critica,154.92.252.59:8080,154[.]92[.]252[.]59:8080,ip:port,AdaptixC2,ThreatFox,HK,,0,0,100,2026-10-02 20:05:05 UTC,ThreatFox,
55,media,critica,154.92.252.59:443,154[.]92[.]252[.]59:443,ip:port,AdaptixC2,ThreatFox,HK,,0,0,100,2026-10-02 20:05:04 UTC,ThreatFox,
55,media,media,59na.com,59na[.]com,domain,IClickFix,ThreatFox,,,,0,100,2026-10-02 19:52:53 UTC,ThreatFox,
55,media,media,kalooms.com,kalooms[.]com,domain,IClickFix,ThreatFox,,,,0,100,2026-10-02 19:52:51 UTC,ThreatFox,
55,media,alta,a129b617f2909c5727aff206e4c10e6fba8a3243441ff9d5bcb45ff9712b911e,a129b617f2909c5727aff206e4c10e6fba8a3243441ff9d5bcb45ff9712b911e,sha256_hash,Mirai,ThreatFox,,,,0,100,2026-10-02 19:46:40 UTC,ThreatFox,
55,media,alta,b3389775b61e8a0014aac957e6fc07190761f0cb3ff32ec260396f33d76dd44a,b3389775b61e8a0014aac957e6fc07190761f0cb3ff32ec260396f33d76dd44a,sha256_hash,Mirai,ThreatFox,,,,0,100,2026-10-02 19:46:39 UTC,ThreatFox,
55,media,alta,9d881cb781997baee3114fbe449532e23f8d9a03fb4defa8889fef5c02630d2d,9d881cb781997baee3114fbe449532e23f8d9a03fb4defa8889fef5c02630d2d,sha256_hash,Mirai,ThreatFox,,,,0,100,2026-10-02 19:46:38 UTC,ThreatFox,
55,media,alta,fe0a9f319ead18ede3a2a6552eb4e5faba5236ceb9f877cad771a45199329d7a,fe0a9f319ead18ede3a2a6552eb4e5faba5236ceb9f877cad771a45199329d7a,sha256_hash,Mirai,ThreatFox,,,,0,100,2026-10-02 19:46:37 UTC,ThreatFox,
55,media,alta,00b0dee9cc3cb281e4a53c33fa91b41d86004fb486b6af52ab809adcc74505d8,00b0dee9cc3cb281e4a53c33fa91b41d86004fb486b6af52ab809adcc74505d8,sha256_hash,Mirai,ThreatFox,,,,0,100,2026-10-02 19:46:36 UTC,ThreatFox,
55,media,alta,cb28ac52b01aae74781bfd0e606238d6a6d0d86565f29402f5578d64aafcfadf,cb28ac52b01aae74781bfd0e606238d6a6d0d86565f29402f5578d64aafcfadf,sha256_hash,Mirai,ThreatFox,,,,0,100,2026-10-02 19:46:35 UTC,ThreatFox,
55,media,alta,8b0e129a647a6ccea436f6d16d3043337a723fe48bf19f366e22e7e5149500a9,8b0e129a647a6ccea436f6d16d3043337a723fe48bf19f366e22e7e5149500a9,sha256_hash,Mirai,ThreatFox,,,,0,100,2026-10-02 19:46:34 UTC,ThreatFox,
55,media,alta,6690d52796a3b194421dcadef0f57c71a12983c5435cf234bd2014600e4fea28,6690d52796a3b194421dcadef0f57c71a12983c5435cf234bd2014600e4fea28,sha256_hash,Mirai,ThreatFox,,,,0,100,2026-10-02 19:46:33 UTC,ThreatFox,
55,media,alta,6226892efe162b50777d27ff9c8960676c81fdd9e8069b20e4065955e8f1bcb6,6226892efe162b50777d27ff9c8960676c81fdd9e8069b20e4065955e8f1bcb6,sha256_hash,Mirai,ThreatFox,,,,0,100,2026-10-02 19:46:32 UTC,ThreatFox,
55,media,alta,c1bc5c236ac09f9bb74d2b2df4dac145da1afd6edaf9405cf7bce133ddd0459c,c1bc5c236ac09f9bb74d2b2df4dac145da1afd6edaf9405cf7bce133ddd0459c,sha256_hash,Mirai,ThreatFox,,,,0,100,2026-10-02 19:46:31 UTC,ThreatFox,
55,media,alta,b8c1f1f1cf3815c67b4a840c1fc16e05f190717a3cc5288f5307b3af06578da7,b8c1f1f1cf3815c67b4a840c1fc16e05f190717a3cc5288f5307b3af06578da7,sha256_hash,Mirai,ThreatFox,,,,0,100,2026-10-02 19:46:30 UTC,ThreatFox,
55,media,alta,e156572994d3a6d977ffed757b4ea6723b1e35d2c03db01dfe2f53f1d6d3b848,e156572994d3a6d977ffed757b4ea6723b1e35d2c03db01dfe2f53f1d6d3b848,sha256_hash,Mirai,ThreatFox,,,,0,100,2026-10-02 19:46:29 UTC,ThreatFox,
55,media,alta,b20f7d9fe9143a2cb2650f33f2d63f93f0d03a171da810e42d4a256de4d81bd5,b20f7d9fe9143a2cb2650f33f2d63f93f0d03a171da810e42d4a256de4d81bd5,sha256_hash,Mirai,ThreatFox,,,,0,100,2026-10-02 19:46:28 UTC,ThreatFox,
55,media,alta,25fe0bb77f36b063c98560713422f221dfd3ad4bdd3310e20be4e2441da97452,25fe0bb77f36b063c98560713422f221dfd3ad4bdd3310e20be4e2441da97452,sha256_hash,Mirai,ThreatFox,,,,0,100,2026-10-02 19:46:27 UTC,ThreatFox,
55,media,alta,2391101de95f7fbca63837051ca6928f7c1b0bf8734c0827d6a9fd96a89d1ac6,2391101de95f7fbca63837051ca6928f7c1b0bf8734c0827d6a9fd96a89d1ac6,sha256_hash,Mirai,ThreatFox,,,,0,100,2026-10-02 19:46:26 UTC,ThreatFox,
55,media,alta,4b77b451c0b718630ab712634c6bd1f39fe557ca6f30c185f79fbe64f8f1e615,4b77b451c0b718630ab712634c6bd1f39fe557ca6f30c185f79fbe64f8f1e615,sha256_hash,Mirai,ThreatFox,,,,0,100,2026-10-02 19:46:25 UTC,ThreatFox,
55,media,alta,60bd242f448228391063d6a1521233087ba3602f5521f526a784d6325ffe8377,60bd242f448228391063d6a1521233087ba3602f5521f526a784d6325ffe8377,sha256_hash,Mirai,ThreatFox,,,,0,100,2026-10-02 19:46:24 UTC,ThreatFox,
55,media,alta,e94f5de7cc52706fcb7b67af1bfca1fa9351e4f30e0aeb0465d88530d29b2bb7,e94f5de7cc52706fcb7b67af1bfca1fa9351e4f30e0aeb0465d88530d29b2bb7,sha256_hash,Mirai,ThreatFox,,,,0,100,2026-10-02 19:46:23 UTC,ThreatFox,
55,media,alta,3dc384b44e2e6c37ba4529b86740771f9f942bc0b01a9830110cb4f86739c131,3dc384b44e2e6c37ba4529b86740771f9f942bc0b01a9830110cb4f86739c131,sha256_hash,Mirai,ThreatFox,,,,0,100,2026-10-02 19:46:22 UTC,ThreatFox,
55,media,alta,53d327644cba4fb137d3da3b20098e300083ab531c95ebc143ae6f3955a33338,53d327644cba4fb137d3da3b20098e300083ab531c95ebc143ae6f3955a33338,sha256_hash,Mirai,ThreatFox,,,,0,100,2026-10-02 19:46:21 UTC,ThreatFox,
55,media,alta,076a9a73dc1b2f8053c3cb7a44da7031a55694f844282f79b30094f0848c2dc1,076a9a73dc1b2f8053c3cb7a44da7031a55694f844282f79b30094f0848c2dc1,sha256_hash,Mirai,ThreatFox,,,,0,100,2026-10-02 19:46:20 UTC,ThreatFox,
55,media,alta,ae31548b7714caf4555ab79fea6a6b4764a0ae5bc1baf73b69fd762ff0999b11,ae31548b7714caf4555ab79fea6a6b4764a0ae5bc1baf73b69fd762ff0999b11,sha256_hash,Mirai,ThreatFox,,,,0,100,2026-10-02 19:46:19 UTC,ThreatFox,
55,media,alta,5ef8c87877de0c8ec908b788bd9ca21645dc1f3c04bfea21dfe2d8484ca7285d,5ef8c87877de0c8ec908b788bd9ca21645dc1f3c04bfea21dfe2d8484ca7285d,sha256_hash,Mirai,ThreatFox,,,,0,100,2026-10-02 19:46:18 UTC,ThreatFox,
55,media,alta,0e42a5f6ceb75b8798d8f89e1b4b0c1f3df854a91bda74deaefaf6772994184b,0e42a5f6ceb75b8798d8f89e1b4b0c1f3df854a91bda74deaefaf6772994184b,sha256_hash,Mirai,ThreatFox,,,,0,100,2026-10-02 19:46:17 UTC,ThreatFox,
55,media,alta,835b4bb30ff13a783cac401f0e8093ba552b623859714e2b617e51fb7bc4c159,835b4bb30ff13a783cac401f0e8093ba552b623859714e2b617e51fb7bc4c159,sha256_hash,Mirai,ThreatFox,,,,0,100,2026-10-02 19:46:16 UTC,ThreatFox,
55,media,alta,c74b026a46d2c1f745e00d0a0c238a4fa6dc73edc7b6e296eb82ec0bdc81c108,c74b026a46d2c1f745e00d0a0c238a4fa6dc73edc7b6e296eb82ec0bdc81c108,sha256_hash,Mirai,ThreatFox,,,,0,100,2026-10-02 19:46:15 UTC,ThreatFox,
55,media,alta,48195c016cd3e30348b43e310586ab9ae55552aa15a26360298478a60ebb3303,48195c016cd3e30348b43e310586ab9ae55552aa15a26360298478a60ebb3303,sha256_hash,Mirai,ThreatFox,,,,0,100,2026-10-02 19:46:14 UTC,ThreatFox,
55,media,alta,d91f99d362808c7df2f82467c6ae8d7351150331f0b63c3a324b396cd1b4908f,d91f99d362808c7df2f82467c6ae8d7351150331f0b63c3a324b396cd1b4908f,sha256_hash,Mirai,ThreatFox,,,,0,100,2026-10-02 19:46:13 UTC,ThreatFox,
55,media,alta,402ecf34623d8139feaf2b1890b2f134772303af1448d643c1efcd1a51b1117f,402ecf34623d8139feaf2b1890b2f134772303af1448d643c1efcd1a51b1117f,sha256_hash,Mirai,ThreatFox,,,,0,100,2026-10-02 19:46:12 UTC,ThreatFox,
55,media,alta,12a56719352ae8b05f3bfb89a6fb3fa8ee72b09cc786d5c78db2a136dcbd6643,12a56719352ae8b05f3bfb89a6fb3fa8ee72b09cc786d5c78db2a136dcbd6643,sha256_hash,Mirai,ThreatFox,,,,0,100,2026-10-02 19:46:11 UTC,ThreatFox,
55,media,alta,58ffe7fcb4cc86797b3b9d53a68867439462908f7a8cfb0e3828ba2954508c00,58ffe7fcb4cc86797b3b9d53a68867439462908f7a8cfb0e3828ba2954508c00,sha256_hash,Mirai,ThreatFox,,,,0,100,2026-10-02 19:46:10 UTC,ThreatFox,
55,media,alta,85da24f3adf60ddb61983204149cb44ef255d369d86db7297edcbbe0ab24cad6,85da24f3adf60ddb61983204149cb44ef255d369d86db7297edcbbe0ab24cad6,sha256_hash,Mirai,ThreatFox,,,,0,100,2026-10-02 19:46:09 UTC,ThreatFox,
55,media,alta,881d5a6b504c1b56324114757c4cf27cfd41c43ed49804eca0f1c5500bafedce,881d5a6b504c1b56324114757c4cf27cfd41c43ed49804eca0f1c5500bafedce,sha256_hash,Mirai,ThreatFox,,,,0,100,2026-10-02 19:46:08 UTC,ThreatFox,
55,media,alta,b1236a63e3818e2234f2dbf7528e9683853aa4ae21dab2b30a9424805df44c92,b1236a63e3818e2234f2dbf7528e9683853aa4ae21dab2b30a9424805df44c92,sha256_hash,Mirai,ThreatFox,,,,0,100,2026-10-02 19:46:06 UTC,ThreatFox,
55,media,alta,d735f77709afd027e2a057300e8a3ebe3e46cecfd4c300691d32f13a85cd67df,d735f77709afd027e2a057300e8a3ebe3e46cecfd4c300691d32f13a85cd67df,sha256_hash,Mirai,ThreatFox,,,,0,100,2026-10-02 19:46:05 UTC,ThreatFox,
55,media,alta,bda14f43390cfc7f5021cdf92693725812dd5fa424461a6523592325e0c9e46e,bda14f43390cfc7f5021cdf92693725812dd5fa424461a6523592325e0c9e46e,sha256_hash,Mirai,ThreatFox,,,,0,100,2026-10-02 19:46:04 UTC,ThreatFox,
55,media,alta,994127370dd24d348d1570cf198fdace828a0a40af93d5b8b488eb1d99d8c6b2,994127370dd24d348d1570cf198fdace828a0a40af93d5b8b488eb1d99d8c6b2,sha256_hash,Mirai,ThreatFox,,,,0,100,2026-10-02 19:46:03 UTC,ThreatFox,
55,media,alta,23f8f104044cb662c1cc51addfd4a17c40df6cc1641a387aa594173f8aafa18c,23f8f104044cb662c1cc51addfd4a17c40df6cc1641a387aa594173f8aafa18c,sha256_hash,Mirai,ThreatFox,,,,0,100,2026-10-02 19:46:02 UTC,ThreatFox,
55,media,alta,339ab1107e8d8cbe82a25eee0ef1e818b9aa05df6fc489495fddde0509929c6c,339ab1107e8d8cbe82a25eee0ef1e818b9aa05df6fc489495fddde0509929c6c,sha256_hash,Mirai,ThreatFox,,,,0,100,2026-10-02 19:46:01 UTC,ThreatFox,
55,media,alta,a5842fabc581ddd4ae938b8b9acc01a2a5dc77b852cfe77267d51116f84ba1e5,a5842fabc581ddd4ae938b8b9acc01a2a5dc77b852cfe77267d51116f84ba1e5,sha256_hash,Mirai,ThreatFox,,,,0,100,2026-10-02 19:45:59 UTC,ThreatFox,
55,media,alta,41792492f011594491d180b1bfbed002f07a60e9697558b1a13e00176f9f4611,41792492f011594491d180b1bfbed002f07a60e9697558b1a13e00176f9f4611,sha256_hash,Mirai,ThreatFox,,,,0,100,2026-10-02 19:45:58 UTC,ThreatFox,
55,media,alta,04d6f1dff53cd4c1de8183fff783355a3f65304c9c28567acd088ae535ecc9e9,04d6f1dff53cd4c1de8183fff783355a3f65304c9c28567acd088ae535ecc9e9,sha256_hash,Mirai,ThreatFox,,,,0,100,2026-10-02 19:45:57 UTC,ThreatFox,
55,media,alta,jk6aluy4.finowfurt.com,jk6aluy4[.]finowfurt[.]com,domain,ClearFake,ThreatFox,,,,0,100,2026-10-02 19:11:39 UTC,ThreatFox,
55,media,critica,141.255.166.178:80,141[.]255[.]166[.]178:80,ip:port,Cobalt Strike,ThreatFox,CH,,0,0,100,2026-10-02 19:05:06 UTC,ThreatFox,
55,media,media,ziplocmoving.com,ziplocmoving[.]com,domain,IClickFix,ThreatFox,,,,0,100,2026-10-02 18:56:17 UTC,ThreatFox,
55,media,media,www.quartzsurfacedesign.com,www[.]quartzsurfacedesign[.]com,domain,IClickFix,ThreatFox,,,,0,100,2026-10-02 18:56:17 UTC,ThreatFox,
55,media,media,www.polotravelltd.com,www[.]polotravelltd[.]com,domain,IClickFix,ThreatFox,,,,0,100,2026-10-02 18:56:17 UTC,ThreatFox,
55,media,media,www.poloartisticovinile.it,www[.]poloartisticovinile[.]it,domain,IClickFix,ThreatFox,,,,0,100,2026-10-02 18:56:17 UTC,ThreatFox,
55,media,media,www.pereanton.com,www[.]pereanton[.]com,domain,IClickFix,ThreatFox,,,,0,100,2026-10-02 18:56:17 UTC,ThreatFox,
55,media,media,www.mencid.es,www[.]mencid[.]es,domain,IClickFix,ThreatFox,,,,0,100,2026-10-02 18:56:17 UTC,ThreatFox,
55,media,media,www.hostetlercommercialroofing.com,www[.]hostetlercommercialroofing[.]com,domain,IClickFix,ThreatFox,,,,0,100,2026-10-02 18:56:17 UTC,ThreatFox,
55,media,media,www.dainikbarta.net,www[.]dainikbarta[.]net,domain,IClickFix,ThreatFox,,,,0,100,2026-10-02 18:56:17 UTC,ThreatFox,
55,media,media,webuytexashousesforcash.com,webuytexashousesforcash[.]com,domain,IClickFix,ThreatFox,,,,0,100,2026-10-02 18:56:17 UTC,ThreatFox,
55,media,media,villaelpis.net,villaelpis[.]net,domain,IClickFix,ThreatFox,,,,0,100,2026-10-02 18:56:17 UTC,ThreatFox,
55,media,media,varka.in,varka[.]in,domain,IClickFix,ThreatFox,,,,0,100,2026-10-02 18:56:17 UTC,ThreatFox,
55,media,media,tite.org.uk,tite[.]org[.]uk,domain,IClickFix,ThreatFox,,,,0,100,2026-10-02 18:56:17 UTC,ThreatFox,
55,media,media,therxfamily.com,therxfamily[.]com,domain,IClickFix,ThreatFox,,,,0,100,2026-10-02 18:56:17 UTC,ThreatFox,
55,media,media,techciti.ng,techciti[.]ng,domain,IClickFix,ThreatFox,,,,0,100,2026-10-02 18:56:17 UTC,ThreatFox,
55,media,media,swfmedia.com,swfmedia[.]com,domain,IClickFix,ThreatFox,,,,0,100,2026-10-02 18:56:17 UTC,ThreatFox,
55,media,media,stemtherapiesmt.com,stemtherapiesmt[.]com,domain,IClickFix,ThreatFox,,,,0,100,2026-10-02 18:56:16 UTC,ThreatFox,
55,media,media,sportsdisport.com,sportsdisport[.]com,domain,IClickFix,ThreatFox,,,,0,100,2026-10-02 18:56:16 UTC,ThreatFox,
55,media,media,spectait.com,spectait[.]com,domain,IClickFix,ThreatFox,,,,0,100,2026-10-02 18:56:16 UTC,ThreatFox,
55,media,media,snap.bz,snap[.]bz,domain,IClickFix,ThreatFox,,,,0,100,2026-10-02 18:56:16 UTC,ThreatFox,
55,media,media,sellyourhousegeorgia.com,sellyourhousegeorgia[.]com,domain,IClickFix,ThreatFox,,,,0,100,2026-10-02 18:56:16 UTC,ThreatFox,
55,media,media,schamane-des-windes.com,schamane-des-windes[.]com,domain,IClickFix,ThreatFox,,,,0,100,2026-10-02 18:56:16 UTC,ThreatFox,
55,media,media,salvationarmyangeltreecc.com,salvationarmyangeltreecc[.]com,domain,IClickFix,ThreatFox,,,,0,100,2026-10-02 18:56:16 UTC,ThreatFox,
55,media,media,rompemarketing.com,rompemarketing[.]com,domain,IClickFix,ThreatFox,,,,0,100,2026-10-02 18:56:16 UTC,ThreatFox,
55,media,media,r1ufabet.news,r1ufabet[.]news,domain,IClickFix,ThreatFox,,,,0,100,2026-10-02 18:56:16 UTC,ThreatFox,
55,media,media,prabhunaidu.com,prabhunaidu[.]com,domain,IClickFix,ThreatFox,,,,0,100,2026-10-02 18:56:16 UTC,ThreatFox,
55,media,media,poliklinikazzaara.com.my,poliklinikazzaara[.]com[.]my,domain,IClickFix,ThreatFox,,,,0,100,2026-10-02 18:56:16 UTC,ThreatFox,
55,media,media,photoboffin.com,photoboffin[.]com,domain,IClickFix,ThreatFox,,,,0,100,2026-10-02 18:56:16 UTC,ThreatFox,
55,media,media,nsdfactory.com,nsdfactory[.]com,domain,IClickFix,ThreatFox,,,,0,100,2026-10-02 18:56:16 UTC,ThreatFox,
55,media,media,newlifeaesthetic.com,newlifeaesthetic[.]com,domain,IClickFix,ThreatFox,,,,0,100,2026-10-02 18:56:16 UTC,ThreatFox,
55,media,media,nevadacashoffer.com,nevadacashoffer[.]com,domain,IClickFix,ThreatFox,,,,0,100,2026-10-02 18:56:16 UTC,ThreatFox,
55,media,media,moneylendingtoday.com,moneylendingtoday[.]com,domain,IClickFix,ThreatFox,,,,0,100,2026-10-02 18:56:16 UTC,ThreatFox,
55,media,media,minimalistvoyagegroup.com,minimalistvoyagegroup[.]com,domain,IClickFix,ThreatFox,,,,0,100,2026-10-02 18:56:16 UTC,ThreatFox,
55,media,media,maisonmanteavillas.com,maisonmanteavillas[.]com,domain,IClickFix,ThreatFox,,,,0,100,2026-10-02 18:56:15 UTC,ThreatFox,
55,media,media,madermedia.co.uk,madermedia[.]co[.]uk,domain,IClickFix,ThreatFox,,,,0,100,2026-10-02 18:56:15 UTC,ThreatFox,
55,media,media,ln24international.com,ln24international[.]com,domain,IClickFix,ThreatFox,,,,0,100,2026-10-02 18:56:15 UTC,ThreatFox,
55,media,media,lifesuccess.mu,lifesuccess[.]mu,domain,IClickFix,ThreatFox,,,,0,100,2026-10-02 18:56:15 UTC,ThreatFox,
55,media,media,leuniglobaltrading.com,leuniglobaltrading[.]com,domain,IClickFix,ThreatFox,,,,0,100,2026-10-02 18:56:15 UTC,ThreatFox,
55,media,media,laserdepapelcontinuo.es,laserdepapelcontinuo[.]es,domain,IClickFix,ThreatFox,,,,0,100,2026-10-02 18:56:15 UTC,ThreatFox,
55,media,media,larreayasociadoslaw.com.ec,larreayasociadoslaw[.]com[.]ec,domain,IClickFix,ThreatFox,,,,0,100,2026-10-02 18:56:15 UTC,ThreatFox,
55,media,media,kosherphonestore.com,kosherphonestore[.]com,domain,IClickFix,ThreatFox,,,,0,100,2026-10-02 18:56:15 UTC,ThreatFox,
55,media,media,joyofthechord.com,joyofthechord[.]com,domain,IClickFix,ThreatFox,,,,0,100,2026-10-02 18:56:15 UTC,ThreatFox,
55,media,media,jobeck.ca,jobeck[.]ca,domain,IClickFix,ThreatFox,,,,0,100,2026-10-02 18:56:15 UTC,ThreatFox,
55,media,media,indianadventures.com,indianadventures[.]com,domain,IClickFix,ThreatFox,,,,0,100,2026-10-02 18:56:15 UTC,ThreatFox,
55,media,media,hungerzindia.com,hungerzindia[.]com,domain,IClickFix,ThreatFox,,,,0,100,2026-10-02 18:56:15 UTC,ThreatFox,
55,media,media,h2oceanappstore.com,h2oceanappstore[.]com,domain,IClickFix,ThreatFox,,,,0,100,2026-10-02 18:56:15 UTC,ThreatFox,
55,media,media,grumpydesigns.co.uk,grumpydesigns[.]co[.]uk,domain,IClickFix,ThreatFox,,,,0,100,2026-10-02 18:56:15 UTC,ThreatFox,
55,media,media,gotasdobem.shop,gotasdobem[.]shop,domain,IClickFix,ThreatFox,,,,0,100,2026-10-02 18:56:15 UTC,ThreatFox,
55,media,media,fw-pleiskirchen.de,fw-pleiskirchen[.]de,domain,IClickFix,ThreatFox,,,,0,100,2026-10-02 18:56:15 UTC,ThreatFox,
55,media,media,fogdev.org,fogdev[.]org,domain,IClickFix,ThreatFox,,,,0,100,2026-10-02 18:56:15 UTC,ThreatFox,
55,media,media,events.coachingnews.ma,events[.]coachingnews[.]ma,domain,IClickFix,ThreatFox,,,,0,100,2026-10-02 18:56:14 UTC,ThreatFox,
55,media,media,evanengineering.com,evanengineering[.]com,domain,IClickFix,ThreatFox,,,,0,100,2026-10-02 18:56:14 UTC,ThreatFox,
55,media,media,erenzaglobal.com,erenzaglobal[.]com,domain,IClickFix,ThreatFox,,,,0,100,2026-10-02 18:56:14 UTC,ThreatFox,
55,media,media,educom.co.rs,educom[.]co[.]rs,domain,IClickFix,ThreatFox,,,,0,100,2026-10-02 18:56:14 UTC,ThreatFox,
55,media,media,edenlr.com,edenlr[.]com,domain,IClickFix,ThreatFox,,,,0,100,2026-10-02 18:56:14 UTC,ThreatFox,
55,media,media,easdc.com,easdc[.]com,domain,IClickFix,ThreatFox,,,,0,100,2026-10-02 18:56:14 UTC,ThreatFox,
55,media,media,dplusdconsulting.com,dplusdconsulting[.]com,domain,IClickFix,ThreatFox,,,,0,100,2026-10-02 18:56:14 UTC,ThreatFox,
55,media,media,dieuhoadaikin.com.vn,dieuhoadaikin[.]com[.]vn,domain,IClickFix,ThreatFox,,,,0,100,2026-10-02 18:56:14 UTC,ThreatFox,
55,media,media,desis3x.com,desis3x[.]com,domain,IClickFix,ThreatFox,,,,0,100,2026-10-02 18:56:14 UTC,ThreatFox,
55,media,media,dbs-service.org.uk,dbs-service[.]org[.]uk,domain,IClickFix,ThreatFox,,,,0,100,2026-10-02 18:56:14 UTC,ThreatFox,
55,media,media,crista-hartwig.de,crista-hartwig[.]de,domain,IClickFix,ThreatFox,,,,0,100,2026-10-02 18:56:14 UTC,ThreatFox,
55,media,media,corporategiftdubai.ae,corporategiftdubai[.]ae,domain,IClickFix,ThreatFox,,,,0,100,2026-10-02 18:56:14 UTC,ThreatFox,
55,media,media,coreaccessbilling.com,coreaccessbilling[.]com,domain,IClickFix,ThreatFox,,,,0,100,2026-10-02 18:56:14 UTC,ThreatFox,
55,media,media,consumer-compass.com,consumer-compass[.]com,domain,IClickFix,ThreatFox,,,,0,100,2026-10-02 18:56:14 UTC,ThreatFox,
55,media,media,comprezor.com,comprezor[.]com,domain,IClickFix,ThreatFox,,,,0,100,2026-10-02 18:56:14 UTC,ThreatFox,
55,media,media,composeradrian.com,composeradrian[.]com,domain,IClickFix,ThreatFox,,,,0,100,2026-10-02 18:56:14 UTC,ThreatFox,
55,media,media,clinicaseconsultoriosb.com.br,clinicaseconsultoriosb[.]com[.]br,domain,IClickFix,ThreatFox,,,,0,100,2026-10-02 18:56:14 UTC,ThreatFox,
55,media,media,bodyevolution-labs.com,bodyevolution-labs[.]com,domain,IClickFix,ThreatFox,,,,0,100,2026-10-02 18:56:14 UTC,ThreatFox,
55,media,media,boatshow.com.br,boatshow[.]com[.]br,domain,IClickFix,ThreatFox,,,,0,100,2026-10-02 18:56:14 UTC,ThreatFox,
55,media,media,blogcenter.site,blogcenter[.]site,domain,IClickFix,ThreatFox,,,,0,100,2026-10-02 18:56:14 UTC,ThreatFox,
55,media,media,bicda.com.bd,bicda[.]com[.]bd,domain,IClickFix,ThreatFox,,,,0,100,2026-10-02 18:56:13 UTC,ThreatFox,
55,media,media,bet-game-duck.com,bet-game-duck[.]com,domain,IClickFix,ThreatFox,,,,0,100,2026-10-02 18:56:13 UTC,ThreatFox,
55,media,media,bashirdesign.com,bashirdesign[.]com,domain,IClickFix,ThreatFox,,,,0,100,2026-10-02 18:56:13 UTC,ThreatFox,
55,media,media,azaela.sk,azaela[.]sk,domain,IClickFix,ThreatFox,,,,0,100,2026-10-02 18:56:13 UTC,ThreatFox,
55,media,media,avenuepubhk.com,avenuepubhk[.]com,domain,IClickFix,ThreatFox,,,,0,100,2026-10-02 18:56:13 UTC,ThreatFox,
55,media,media,athashreeanuvidyut.com,athashreeanuvidyut[.]com,domain,IClickFix,ThreatFox,,,,0,100,2026-10-02 18:56:13 UTC,ThreatFox,
55,media,media,appeasy.build,appeasy[.]build,domain,IClickFix,ThreatFox,,,,0,100,2026-10-02 18:56:13 UTC,ThreatFox,
55,media,media,appartement-horizon.fr,appartement-horizon[.]fr,domain,IClickFix,ThreatFox,,,,0,100,2026-10-02 18:56:13 UTC,ThreatFox,
55,media,media,anphuauto.vn,anphuauto[.]vn,domain,IClickFix,ThreatFox,,,,0,100,2026-10-02 18:56:13 UTC,ThreatFox,
55,media,media,alpha-it.pt,alpha-it[.]pt,domain,IClickFix,ThreatFox,,,,0,100,2026-10-02 18:56:13 UTC,ThreatFox,
55,media,media,alnahreengroup.com,alnahreengroup[.]com,domain,IClickFix,ThreatFox,,,,0,100,2026-10-02 18:56:13 UTC,ThreatFox,
55,media,media,al-anoudspecialized.com,al-anoudspecialized[.]com,domain,IClickFix,ThreatFox,,,,0,100,2026-10-02 18:56:13 UTC,ThreatFox,
55,media,media,agenciainovaclick.com,agenciainovaclick[.]com,domain,IClickFix,ThreatFox,,,,0,100,2026-10-02 18:56:13 UTC,ThreatFox,
55,media,media,adnib.in,adnib[.]in,domain,IClickFix,ThreatFox,,,,0,100,2026-10-02 18:56:13 UTC,ThreatFox,
55,media,media,velvetreoskslaon.pro,velvetreoskslaon[.]pro,domain,IClickFix,ThreatFox,,,,0,100,2026-10-02 18:55:38 UTC,ThreatFox,
55,media,media,quill-soaor-xhsw9.pro,quill-soaor-xhsw9[.]pro,domain,IClickFix,ThreatFox,,,,0,100,2026-10-02 18:55:38 UTC,ThreatFox,
55,media,media,amber-ridge-bruixsioi.live,amber-ridge-bruixsioi[.]live,domain,IClickFix,ThreatFox,,,,0,100,2026-10-02 18:55:38 UTC,ThreatFox,
55,media,alta,7f3762d032cc25873728ad0cdafffc90dbf1674c8a39a20f170918908ab37fe0,7f3762d032cc25873728ad0cdafffc90dbf1674c8a39a20f170918908ab37fe0,sha256_hash,Mirai,ThreatFox,,,,0,100,2026-10-02 18:47:01 UTC,ThreatFox,
55,media,alta,548c8cb9348494a5d07f978a7e37ecbe3976f657866a7467006ae0bfa99ec420,548c8cb9348494a5d07f978a7e37ecbe3976f657866a7467006ae0bfa99ec420,sha256_hash,Mirai,ThreatFox,,,,0,100,2026-10-02 18:47:00 UTC,ThreatFox,
55,media,alta,5db0ed2a28e28d60c056ea6bc7410d6d4d013847994096629b7bc0257f46ea0a,5db0ed2a28e28d60c056ea6bc7410d6d4d013847994096629b7bc0257f46ea0a,sha256_hash,Mirai,ThreatFox,,,,0,100,2026-10-02 18:46:59 UTC,ThreatFox,
55,media,alta,16f66579a5d852e0d7e6024cda90ef1260c59b9f010404fbcb86d13816d3b95c,16f66579a5d852e0d7e6024cda90ef1260c59b9f010404fbcb86d13816d3b95c,sha256_hash,Mirai,ThreatFox,,,,0,100,2026-10-02 18:46:58 UTC,ThreatFox,
55,media,alta,51e8bd8f4e5b43fa500919cbfd3336d76ad99f84867112a6ecb8adcda0adba41,51e8bd8f4e5b43fa500919cbfd3336d76ad99f84867112a6ecb8adcda0adba41,sha256_hash,Mirai,ThreatFox,,,,0,100,2026-10-02 18:46:57 UTC,ThreatFox,
55,media,alta,167eb5695a7e3ea5edc97ff1cc50f1992955e083994df2074b2811fd0487afe8,167eb5695a7e3ea5edc97ff1cc50f1992955e083994df2074b2811fd0487afe8,sha256_hash,Mirai,ThreatFox,,,,0,100,2026-10-02 18:46:56 UTC,ThreatFox,
55,media,alta,3d13ccfe550a9bc87f660a53a67d492c6e94386908038dbf93493fc7bb6dbb50,3d13ccfe550a9bc87f660a53a67d492c6e94386908038dbf93493fc7bb6dbb50,sha256_hash,Mirai,ThreatFox,,,,0,100,2026-10-02 18:46:55 UTC,ThreatFox,
55,media,alta,0c47049f096cda02699cf8e2f6a2da57e3e95f8985fc44830991c7c2d923548b,0c47049f096cda02699cf8e2f6a2da57e3e95f8985fc44830991c7c2d923548b,sha256_hash,Mirai,ThreatFox,,,,0,100,2026-10-02 18:46:54 UTC,ThreatFox,
55,media,alta,cbfa29be93d0514acd8179f75705cdad7d4b4ad86861b5bef99c2384404894b3,cbfa29be93d0514acd8179f75705cdad7d4b4ad86861b5bef99c2384404894b3,sha256_hash,Mirai,ThreatFox,,,,0,100,2026-10-02 18:46:53 UTC,ThreatFox,
55,media,alta,d42626ed0a5f58207fc9e412da691575d63110842573bce78753b135c299b38e,d42626ed0a5f58207fc9e412da691575d63110842573bce78753b135c299b38e,sha256_hash,Mirai,ThreatFox,,,,0,100,2026-10-02 18:46:52 UTC,ThreatFox,
55,media,alta,ca93431a830b141f45a3a0dbd6190389f209f8eaebba8c6b7ed93481943264c8,ca93431a830b141f45a3a0dbd6190389f209f8eaebba8c6b7ed93481943264c8,sha256_hash,Mirai,ThreatFox,,,,0,100,2026-10-02 18:46:51 UTC,ThreatFox,
55,media,alta,26c04427dcbc94f30a2ab80d8cb377c88df3521fdcbd97825cf5bffeeb5a9b21,26c04427dcbc94f30a2ab80d8cb377c88df3521fdcbd97825cf5bffeeb5a9b21,sha256_hash,Mirai,ThreatFox,,,,0,100,2026-10-02 18:46:50 UTC,ThreatFox,
55,media,alta,2685d4016578741bfb4cba057dcf9d0964e95afa70a6cf90cf9f6c8c921a9334,2685d4016578741bfb4cba057dcf9d0964e95afa70a6cf90cf9f6c8c921a9334,sha256_hash,Mirai,ThreatFox,,,,0,100,2026-10-02 18:46:49 UTC,ThreatFox,
55,media,alta,4a9a6cf71efa9793bc277ba6859293f9ea0e927199500958e06a38520b961901,4a9a6cf71efa9793bc277ba6859293f9ea0e927199500958e06a38520b961901,sha256_hash,Mirai,ThreatFox,,,,0,100,2026-10-02 18:46:48 UTC,ThreatFox,
55,media,alta,3dcf0133640f73c2a0e0ae748b927aec4d698036bdb213b16306da558499e1c9,3dcf0133640f73c2a0e0ae748b927aec4d698036bdb213b16306da558499e1c9,sha256_hash,Mirai,ThreatFox,,,,0,100,2026-10-02 18:46:47 UTC,ThreatFox,
55,media,alta,c1172053d75477f59c072905521cfd6180ce89002452133f514518561ec87df3,c1172053d75477f59c072905521cfd6180ce89002452133f514518561ec87df3,sha256_hash,Mirai,ThreatFox,,,,0,100,2026-10-02 18:46:46 UTC,ThreatFox,
55,media,alta,05a0b65232abcbb31b06e09ce51f6bdcebc73a69969188adf693b41aefa7ba9a,05a0b65232abcbb31b06e09ce51f6bdcebc73a69969188adf693b41aefa7ba9a,sha256_hash,Mirai,ThreatFox,,,,0,100,2026-10-02 18:46:45 UTC,ThreatFox,
55,media,alta,fa5ccda047819fc1cc8c7e0ac82230da0cc8eaf2bcbcd1679bd699a40950464f,fa5ccda047819fc1cc8c7e0ac82230da0cc8eaf2bcbcd1679bd699a40950464f,sha256_hash,Mirai,ThreatFox,,,,0,100,2026-10-02 18:46:44 UTC,ThreatFox,
55,media,alta,11c465a3cc6a9f7a895b9c5c48e4c733ce6cad202ca77a0a5b11aa5ef44db602,11c465a3cc6a9f7a895b9c5c48e4c733ce6cad202ca77a0a5b11aa5ef44db602,sha256_hash,Mirai,ThreatFox,,,,0,100,2026-10-02 18:46:43 UTC,ThreatFox,
55,media,alta,c7cf5a8802506852d057798cfcd862f89af5a48f3239fbb3e905f112987f0cd6,c7cf5a8802506852d057798cfcd862f89af5a48f3239fbb3e905f112987f0cd6,sha256_hash,Mirai,ThreatFox,,,,0,100,2026-10-02 18:46:42 UTC,ThreatFox,
55,media,alta,c704952b90d1597ceb37ad5767155104765e1e0258839d8eaff64aaca703aff1,c704952b90d1597ceb37ad5767155104765e1e0258839d8eaff64aaca703aff1,sha256_hash,Mirai,ThreatFox,,,,0,100,2026-10-02 18:46:41 UTC,ThreatFox,
55,media,alta,225180eedf6fa9533eb28c6e060e40c71a04c0a12cb1fb6a5d67a917855c3287,225180eedf6fa9533eb28c6e060e40c71a04c0a12cb1fb6a5d67a917855c3287,sha256_hash,Mirai,ThreatFox,,,,0,100,2026-10-02 18:46:40 UTC,ThreatFox,
55,media,alta,6e5274a3c76ab1007dd5f2003e1268449dfd74e3dc41a18b772ac79519436913,6e5274a3c76ab1007dd5f2003e1268449dfd74e3dc41a18b772ac79519436913,sha256_hash,Mirai,ThreatFox,,,,0,100,2026-10-02 18:46:39 UTC,ThreatFox,
55,media,alta,da65cd15a3606a5c48153c34c6897061734df5c37642772564b5ac89d1c412e9,da65cd15a3606a5c48153c34c6897061734df5c37642772564b5ac89d1c412e9,sha256_hash,Mirai,ThreatFox,,,,0,100,2026-10-02 18:46:38 UTC,ThreatFox,
55,media,alta,2f21742b9d10df0f6852b39c7f869533b7e3f9ffee80c79ade7b9a15a44de0c9,2f21742b9d10df0f6852b39c7f869533b7e3f9ffee80c79ade7b9a15a44de0c9,sha256_hash,Mirai,ThreatFox,,,,0,100,2026-10-02 18:46:37 UTC,ThreatFox,
55,media,alta,ab5f94f37e0b786dc893b4ae19f7be52990b8d8328a083560e00879e57d8ca38,ab5f94f37e0b786dc893b4ae19f7be52990b8d8328a083560e00879e57d8ca38,sha256_hash,Mirai,ThreatFox,,,,0,100,2026-10-02 18:46:36 UTC,ThreatFox,
55,media,alta,0a8c00ab0df2a55885c581555fac52fd89c227a7c0caf1ae6a0f2ef6ba100c27,0a8c00ab0df2a55885c581555fac52fd89c227a7c0caf1ae6a0f2ef6ba100c27,sha256_hash,Mirai,ThreatFox,,,,0,100,2026-10-02 18:46:35 UTC,ThreatFox,
55,media,alta,f3ebdcad7867a4782530266fb9ac0fef37d52ded3b03e3dae845a0f048afd0d5,f3ebdcad7867a4782530266fb9ac0fef37d52ded3b03e3dae845a0f048afd0d5,sha256_hash,Mirai,ThreatFox,,,,0,100,2026-10-02 18:46:34 UTC,ThreatFox,
55,media,alta,6513e17734117a630c8bfb7c91c5ec2b686efff89c98c1ea9fcc681e3ac3f143,6513e17734117a630c8bfb7c91c5ec2b686efff89c98c1ea9fcc681e3ac3f143,sha256_hash,Mirai,ThreatFox,,,,0,100,2026-10-02 18:46:33 UTC,ThreatFox,
55,media,alta,fe65712c1fe99be5af0575ad9106d3d7c37fb92b688716795e44fbcf08e591d2,fe65712c1fe99be5af0575ad9106d3d7c37fb92b688716795e44fbcf08e591d2,sha256_hash,Mirai,ThreatFox,,,,0,100,2026-10-02 18:46:32 UTC,ThreatFox,
55,media,alta,87a832effd8e8892984216c1b12bcaee8ef58350e11b27b8a2b873c9e71fa2a3,87a832effd8e8892984216c1b12bcaee8ef58350e11b27b8a2b873c9e71fa2a3,sha256_hash,Mirai,ThreatFox,,,,0,100,2026-10-02 18:46:31 UTC,ThreatFox,
55,media,alta,06c0d953a56629d869230c7962836b020e0977e8086c1fbfb7e6470a6047dbc0,06c0d953a56629d869230c7962836b020e0977e8086c1fbfb7e6470a6047dbc0,sha256_hash,Mirai,ThreatFox,,,,0,100,2026-10-02 18:46:30 UTC,ThreatFox,
55,media,alta,9bc48e9fbc56e1b9c9643f1221d518b85498be7ced8dd40301194e7a63a1fbb1,9bc48e9fbc56e1b9c9643f1221d518b85498be7ced8dd40301194e7a63a1fbb1,sha256_hash,Mirai,ThreatFox,,,,0,100,2026-10-02 18:46:28 UTC,ThreatFox,
55,media,alta,06710dd73fee4a517b98dac1823e091bb3defdef400d7a20c65ea78eb85c0f52,06710dd73fee4a517b98dac1823e091bb3defdef400d7a20c65ea78eb85c0f52,sha256_hash,Mirai,ThreatFox,,,,0,100,2026-10-02 18:46:27 UTC,ThreatFox,
55,media,alta,785b79205d0c9ce28ba9f71a8fcd93e1fd0eb9a91202fda96481c495524dd844,785b79205d0c9ce28ba9f71a8fcd93e1fd0eb9a91202fda96481c495524dd844,sha256_hash,Mirai,ThreatFox,,,,0,100,2026-10-02 18:46:26 UTC,ThreatFox,
55,media,alta,7ac68d8967ad6c5ed092e2d3480187f3c29a36fd65d8b71ba6a5768809824a8b,7ac68d8967ad6c5ed092e2d3480187f3c29a36fd65d8b71ba6a5768809824a8b,sha256_hash,Mirai,ThreatFox,,,,0,100,2026-10-02 18:46:25 UTC,ThreatFox,
55,media,alta,2470e35d9a7feb646476e70cea874c54fc32f6b12c30f3d648c1ee3b1be7e59d,2470e35d9a7feb646476e70cea874c54fc32f6b12c30f3d648c1ee3b1be7e59d,sha256_hash,Mirai,ThreatFox,,,,0,100,2026-10-02 18:46:24 UTC,ThreatFox,
55,media,alta,b14fb03fa65144907038c0836dc863171693b4af4522929b7df14332f528eb69,b14fb03fa65144907038c0836dc863171693b4af4522929b7df14332f528eb69,sha256_hash,Mirai,ThreatFox,,,,0,100,2026-10-02 18:46:22 UTC,ThreatFox,
55,media,alta,6bf4bf24997fa5e31d19584e91521288ccacbb8ed6f381bfecfe377502e5844b,6bf4bf24997fa5e31d19584e91521288ccacbb8ed6f381bfecfe377502e5844b,sha256_hash,Mirai,ThreatFox,,,,0,100,2026-10-02 18:46:21 UTC,ThreatFox,
55,media,alta,55ff825bbefc277884e53cc056ee5c301e062bdc1e5101d29d3e6e1c5c23b46f,55ff825bbefc277884e53cc056ee5c301e062bdc1e5101d29d3e6e1c5c23b46f,sha256_hash,Mirai,ThreatFox,,,,0,100,2026-10-02 18:46:20 UTC,ThreatFox,
55,media,alta,4da59b5009c634573f451490b92b429d0459efc0caf6d0477c6e8044ba803676,4da59b5009c634573f451490b92b429d0459efc0caf6d0477c6e8044ba803676,sha256_hash,Mirai,ThreatFox,,,,0,100,2026-10-02 18:46:19 UTC,ThreatFox,
55,media,alta,688181c0de684018f2707bbcb1573952cc95347e217a159243b2145e9583e8c3,688181c0de684018f2707bbcb1573952cc95347e217a159243b2145e9583e8c3,sha256_hash,Mirai,ThreatFox,,,,0,100,2026-10-02 18:46:17 UTC,ThreatFox,
55,media,media,49.235.134.179:8889,49[.]235[.]134[.]179:8889,ip:port,VShell,ThreatFox,CN,,0,0,100,2026-10-02 18:10:07 UTC,ThreatFox,
55,media,critica,141.255.166.178:443,141[.]255[.]166[.]178:443,ip:port,Cobalt Strike,ThreatFox,CH,,0,0,100,2026-10-02 18:05:05 UTC,ThreatFox,
55,media,media,8.137.35.137:8085,8[.]137[.]35[.]137:8085,ip:port,VShell,ThreatFox,CN,,0,0,100,2026-10-02 18:05:04 UTC,ThreatFox,
55,media,alta,b73671ca54e7ef6dded3dc7add4841c48dd62178421928d2e8c75626cda86b14,b73671ca54e7ef6dded3dc7add4841c48dd62178421928d2e8c75626cda86b14,sha256_hash,Mirai,ThreatFox,,,,0,100,2026-10-02 17:46:37 UTC,ThreatFox,
55,media,alta,3b5cd140fd24f4d5f84142f1ed2ea531eaeda01d160a6a2f8858910372d4615d,3b5cd140fd24f4d5f84142f1ed2ea531eaeda01d160a6a2f8858910372d4615d,sha256_hash,Mirai,ThreatFox,,,,0,100,2026-10-02 17:46:36 UTC,ThreatFox,
55,media,alta,fdee098fd0e29e1bfa1f1d1dff3829b324db52205224a6c2f922660748583a04,fdee098fd0e29e1bfa1f1d1dff3829b324db52205224a6c2f922660748583a04,sha256_hash,Mirai,ThreatFox,,,,0,100,2026-10-02 17:46:35 UTC,ThreatFox,
55,media,alta,b1a5d5ba26c8429f39c1bad0de24f29b107f4d4e6a43b0a914c3af743700ede4,b1a5d5ba26c8429f39c1bad0de24f29b107f4d4e6a43b0a914c3af743700ede4,sha256_hash,Mirai,ThreatFox,,,,0,100,2026-10-02 17:46:34 UTC,ThreatFox,
55,media,alta,30d305938968bff410380270765d0bbe6530922d2e1582fcf5b1642ba1e245e4,30d305938968bff410380270765d0bbe6530922d2e1582fcf5b1642ba1e245e4,sha256_hash,Mirai,ThreatFox,,,,0,100,2026-10-02 17:46:33 UTC,ThreatFox,
55,media,alta,077075b43d07400cff0f28e66dd6eb35740ccc108cc175f69b9f549dac8a7d3c,077075b43d07400cff0f28e66dd6eb35740ccc108cc175f69b9f549dac8a7d3c,sha256_hash,Mirai,ThreatFox,,,,0,100,2026-10-02 17:46:32 UTC,ThreatFox,
55,media,alta,fb019693fd5af3747c1c74e7278fe105b143bf3cfa34122be507df51f1387ad1,fb019693fd5af3747c1c74e7278fe105b143bf3cfa34122be507df51f1387ad1,sha256_hash,Mirai,ThreatFox,,,,0,100,2026-10-02 17:46:31 UTC,ThreatFox,
55,media,alta,21d1ee491c1674ae6e999c386d011a1a5412b5164ff3d2e7156ccc05dc7cc863,21d1ee491c1674ae6e999c386d011a1a5412b5164ff3d2e7156ccc05dc7cc863,sha256_hash,Mirai,ThreatFox,,,,0,100,2026-10-02 17:46:30 UTC,ThreatFox,
55,media,alta,8976033d6173502d498324b4b04e0a5140627d3beb61b71da98f0d37b8c13ac1,8976033d6173502d498324b4b04e0a5140627d3beb61b71da98f0d37b8c13ac1,sha256_hash,Mirai,ThreatFox,,,,0,100,2026-10-02 17:46:29 UTC,ThreatFox,
55,media,alta,a3995db451ee3c98dd9da0589b8c2590ccd5a0f481d8080c3042e000fbd724ee,a3995db451ee3c98dd9da0589b8c2590ccd5a0f481d8080c3042e000fbd724ee,sha256_hash,Mirai,ThreatFox,,,,0,100,2026-10-02 17:46:28 UTC,ThreatFox,
55,media,alta,6ceeee25401a7fd7fc1f2a081ea07440d63565ef318b58e3440a6154824ee6b0,6ceeee25401a7fd7fc1f2a081ea07440d63565ef318b58e3440a6154824ee6b0,sha256_hash,Mirai,ThreatFox,,,,0,100,2026-10-02 17:46:27 UTC,ThreatFox,
55,media,alta,5352b911ce9620caba7e7093b9e63eb8594b590992bc947554846e760fa1a91a,5352b911ce9620caba7e7093b9e63eb8594b590992bc947554846e760fa1a91a,sha256_hash,Mirai,ThreatFox,,,,0,100,2026-10-02 17:46:26 UTC,ThreatFox,
55,media,alta,748d9b669833810f30005f7682cdab81ca6d51a941383acc7c0ea3ceeb2b303f,748d9b669833810f30005f7682cdab81ca6d51a941383acc7c0ea3ceeb2b303f,sha256_hash,Mirai,ThreatFox,,,,0,100,2026-10-02 17:46:25 UTC,ThreatFox,
55,media,alta,cc8c768863030e608fed3be65127a7a71e93df0ffe0a3836ed175a5fdaa6e55d,cc8c768863030e608fed3be65127a7a71e93df0ffe0a3836ed175a5fdaa6e55d,sha256_hash,Mirai,ThreatFox,,,,0,100,2026-10-02 17:46:24 UTC,ThreatFox,
55,media,alta,0c5a43a09933479366ed37cfe0eb036ac313677b227a82476f88664ffc1858e0,0c5a43a09933479366ed37cfe0eb036ac313677b227a82476f88664ffc1858e0,sha256_hash,Mirai,ThreatFox,,,,0,100,2026-10-02 17:46:23 UTC,ThreatFox,
55,media,alta,8a7c4e39d1818981f48bcb7537136da3a358156b2521728fc4108dd86b1c6c82,8a7c4e39d1818981f48bcb7537136da3a358156b2521728fc4108dd86b1c6c82,sha256_hash,Mirai,ThreatFox,,,,0,100,2026-10-02 17:46:22 UTC,ThreatFox,
55,media,alta,03b6868916eec5a491bfd866d0407e21fb4df8efa77a11224c3a14686b77ebc7,03b6868916eec5a491bfd866d0407e21fb4df8efa77a11224c3a14686b77ebc7,sha256_hash,Mirai,ThreatFox,,,,0,100,2026-10-02 17:46:18 UTC,ThreatFox,
55,media,alta,ccda5659365408d4bf3b42071e7afde5ea28fb68c50f116926f8d6397c8689db,ccda5659365408d4bf3b42071e7afde5ea28fb68c50f116926f8d6397c8689db,sha256_hash,Mirai,ThreatFox,,,,0,100,2026-10-02 17:46:17 UTC,ThreatFox,
55,media,alta,f02b8476bc0e5a38f364da103f1583b17c2742361f46f5640d161092e35a1bd4,f02b8476bc0e5a38f364da103f1583b17c2742361f46f5640d161092e35a1bd4,sha256_hash,Mirai,ThreatFox,,,,0,100,2026-10-02 17:46:16 UTC,ThreatFox,
55,media,alta,21ba21ea41967d3f8d9c3e08bbc2dd5d865c2ac12afda9854b7531ec01f06bd8,21ba21ea41967d3f8d9c3e08bbc2dd5d865c2ac12afda9854b7531ec01f06bd8,sha256_hash,Mirai,ThreatFox,,,,0,100,2026-10-02 17:46:15 UTC,ThreatFox,
55,media,alta,3716b6d1d428dfc45655a8bfa6bcc5141ece16cf63663f12996d5678eaf13a48,3716b6d1d428dfc45655a8bfa6bcc5141ece16cf63663f12996d5678eaf13a48,sha256_hash,Mirai,ThreatFox,,,,0,100,2026-10-02 17:46:14 UTC,ThreatFox,
55,media,alta,087231bd4a63f6a11a57198a76805d877646352ab35e539efd32a8399b2d0d25,087231bd4a63f6a11a57198a76805d877646352ab35e539efd32a8399b2d0d25,sha256_hash,Mirai,ThreatFox,,,,0,100,2026-10-02 17:46:13 UTC,ThreatFox,
55,media,alta,d683b763682b08127a52d049509ac0e861fe21bc54fb73eeb1841b854e6bf2a7,d683b763682b08127a52d049509ac0e861fe21bc54fb73eeb1841b854e6bf2a7,sha256_hash,Mirai,ThreatFox,,,,0,100,2026-10-02 17:46:12 UTC,ThreatFox,
55,media,alta,a0c6a52b4657d12e1b07299951bfaf930ed1473d00bb2a4227b24936155868ea,a0c6a52b4657d12e1b07299951bfaf930ed1473d00bb2a4227b24936155868ea,sha256_hash,Mirai,ThreatFox,,,,0,100,2026-10-02 17:46:11 UTC,ThreatFox,
55,media,alta,3abbde09d48386697ca7b528e53082ef61d991d967e42c36167b416313ec1d45,3abbde09d48386697ca7b528e53082ef61d991d967e42c36167b416313ec1d45,sha256_hash,Mirai,ThreatFox,,,,0,100,2026-10-02 17:46:10 UTC,ThreatFox,
55,media,media,102.117.170.218:7443,102[.]117[.]170[.]218:7443,ip:port,Unknown malware,ThreatFox,MU,,0,0,100,2026-10-02 17:05:07 UTC,ThreatFox,
55,media,media,124.221.179.152:8084,124[.]221[.]179[.]152:8084,ip:port,VShell,ThreatFox,CN,,0,0,100,2026-10-02 17:05:06 UTC,ThreatFox,
55,media,media,120.53.84.98:8084,120[.]53[.]84[.]98:8084,ip:port,VShell,ThreatFox,CN,,0,0,100,2026-10-02 17:05:04 UTC,ThreatFox,
55,media,alta,0n1d6w64.wignalllindor.wiki,0n1d6w64[.]wignalllindor[.]wiki,domain,ClearFake,ThreatFox,,,,0,100,2026-10-02 17:00:00 UTC,ThreatFox,
55,media,alta,wignalllindor.wiki,wignalllindor[.]wiki,domain,ClearFake,ThreatFox,,,,0,100,2026-10-02 16:59:32 UTC,ThreatFox,
55,media,alta,fearofflyinganxiety.com,fearofflyinganxiety[.]com,domain,ClearFake,ThreatFox,,,,0,100,2026-10-02 16:51:32 UTC,ThreatFox,
55,media,alta,https://ti.369jk.org/,hxxps://ti[.]369jk[.]org/,url,Vidar,ThreatFox,,,,0,100,2026-10-02 16:50:48 UTC,ThreatFox,
55,media,alta,ti.369jk.org,ti[.]369jk[.]org,domain,Vidar,ThreatFox,,,,0,100,2026-10-02 16:50:48 UTC,ThreatFox,
55,media,alta,g76w2vqs.techvigilante.com,g76w2vqs[.]techvigilante[.]com,domain,ClearFake,ThreatFox,,,,0,100,2026-10-02 16:50:00 UTC,ThreatFox,
55,media,alta,167.172.71.210:8443,167[.]172[.]71[.]210:8443,ip:port,Aisuru,ThreatFox,SG,,0,0,100,2026-10-02 16:47:07 UTC,ThreatFox,
55,media,alta,https://139.162.175.187,hxxps://139[.]162[.]175[.]187,url,Vidar,ThreatFox,,,,0,100,2026-10-02 16:47:07 UTC,ThreatFox,
55,media,media,a2b67cde598297de548fa880c579d0801378c9a4654669f48343c9ef917148cb,a2b67cde598297de548fa880c579d0801378c9a4654669f48343c9ef917148cb,sha256_hash,AMOS,ThreatFox,,,,0,100,2026-10-02 16:47:06 UTC,ThreatFox,https://www.virustotal.com/gui/file/a2b67cde598297de548fa880c579d0801378c9a4654669f48343c9ef917148cb
55,media,media,9d32543a196185eae656305d73f16c393d3451d351d9db426dba0b2b9cebb99f,9d32543a196185eae656305d73f16c393d3451d351d9db426dba0b2b9cebb99f,sha256_hash,AMOS,ThreatFox,,,,0,100,2026-10-02 16:47:06 UTC,ThreatFox,https://www.virustotal.com/gui/file/9d32543a196185eae656305d73f16c393d3451d351d9db426dba0b2b9cebb99f
55,media,alta,https://ti.332toto.net/,hxxps://ti[.]332toto[.]net/,url,Vidar,ThreatFox,,,,0,100,2026-10-02 16:05:48 UTC,ThreatFox,
55,media,alta,ti.332toto.net,ti[.]332toto[.]net,domain,Vidar,ThreatFox,,,,0,100,2026-10-02 16:05:48 UTC,ThreatFox,
55,media,media,124.222.21.29:22,124[.]222[.]21[.]29:22,ip:port,Unknown malware,ThreatFox,CN,,0,0,100,2026-10-02 16:05:07 UTC,ThreatFox,
55,media,alta,186.169.33.226:6001,186[.]169[.]33[.]226:6001,ip:port,Quasar RAT,ThreatFox,CO,,0,0,100,2026-10-02 16:05:07 UTC,ThreatFox,
55,media,critica,13.61.179.31:22,13[.]61[.]179[.]31:22,ip:port,Havoc,ThreatFox,SE,,0,0,100,2026-10-02 16:05:07 UTC,ThreatFox,
55,media,alta,househub.cfd,househub[.]cfd,domain,Unknown Loader,ThreatFox,,,,0,100,2026-10-02 16:01:20 UTC,ThreatFox,
55,media,media,b1e8c46c72cacd09d5243a25644575f2d973c0cd6e0d0268587051d6eaf4be9a,b1e8c46c72cacd09d5243a25644575f2d973c0cd6e0d0268587051d6eaf4be9a,sha256_hash,AMOS,ThreatFox,,,,0,100,2026-10-02 16:00:26 UTC,ThreatFox,https://www.virustotal.com/gui/file/b1e8c46c72cacd09d5243a25644575f2d973c0cd6e0d0268587051d6eaf4be9a
55,media,media,942d27e3e875e7fcac8f223d96d6c9de3c99a20a4f100ed635acdb5a699ec5e4,942d27e3e875e7fcac8f223d96d6c9de3c99a20a4f100ed635acdb5a699ec5e4,sha256_hash,AMOS,ThreatFox,,,,0,100,2026-10-02 16:00:25 UTC,ThreatFox,https://www.virustotal.com/gui/file/942d27e3e875e7fcac8f223d96d6c9de3c99a20a4f100ed635acdb5a699ec5e4
55,media,media,87.251.69.144:15987,87[.]251[.]69[.]144:15987,ip:port,Potassium,ThreatFox,AT,,0,0,100,2026-10-02 15:54:52 UTC,ThreatFox,https://github.com/deepfield/public-research/tree/main/potassium
55,media,alta,180.93.125.137:2245,180[.]93[.]125[.]137:2245,ip:port,Remcos,ThreatFox,VN,,0,0,100,2026-10-02 15:54:52 UTC,ThreatFox,
55,media,media,80bc7d6455cf1aa2f946f89987f69c45eb1b4d5dafa2b0d8707ce35873024f5c,80bc7d6455cf1aa2f946f89987f69c45eb1b4d5dafa2b0d8707ce35873024f5c,sha256_hash,AMOS,ThreatFox,,,,0,100,2026-10-02 15:54:51 UTC,ThreatFox,https://www.virustotal.com/gui/file/80bc7d6455cf1aa2f946f89987f69c45eb1b4d5dafa2b0d8707ce35873024f5c
55,media,media,1fcdc5f768132b249a6920104a495fa348141bf6dcd9d05b10032580e066b2c6,1fcdc5f768132b249a6920104a495fa348141bf6dcd9d05b10032580e066b2c6,sha256_hash,AMOS,ThreatFox,,,,0,100,2026-10-02 15:54:51 UTC,ThreatFox,https://www.virustotal.com/gui/file/1fcdc5f768132b249a6920104a495fa348141bf6dcd9d05b10032580e066b2c6
55,media,media,689797d97d31c3893e2c8a792614262f1fa9e714d646aef46bc4a6371fa59126,689797d97d31c3893e2c8a792614262f1fa9e714d646aef46bc4a6371fa59126,sha256_hash,AMOS,ThreatFox,,,,0,100,2026-10-02 15:54:51 UTC,ThreatFox,https://www.virustotal.com/gui/file/689797d97d31c3893e2c8a792614262f1fa9e714d646aef46bc4a6371fa59126/
55,media,media,3167af2fafdb05773a971785487dbd5bbeffd5f8358cd6a02d6fba00120b0c8e,3167af2fafdb05773a971785487dbd5bbeffd5f8358cd6a02d6fba00120b0c8e,sha256_hash,AMOS,ThreatFox,,,,0,100,2026-10-02 15:54:50 UTC,ThreatFox,https://www.virustotal.com/gui/file/3167af2fafdb05773a971785487dbd5bbeffd5f8358cd6a02d6fba00120b0c8e
55,media,media,977646f1c731f5ce6f2fbce93e168be20497a88a61aff091c5cf732b2e948174,977646f1c731f5ce6f2fbce93e168be20497a88a61aff091c5cf732b2e948174,sha256_hash,AMOS,ThreatFox,,,,0,100,2026-10-02 15:54:50 UTC,ThreatFox,https://www.virustotal.com/gui/file/977646f1c731f5ce6f2fbce93e168be20497a88a61aff091c5cf732b2e948174
55,media,alta,41.142.103.28:8808,41[.]142[.]103[.]28:8808,ip:port,AsyncRAT,ThreatFox,MA,,0,0,100,2026-10-02 15:05:08 UTC,ThreatFox,
55,media,critica,198.13.47.210:8080,198[.]13[.]47[.]210:8080,ip:port,AdaptixC2,ThreatFox,JP,,0,0,100,2026-10-02 15:05:06 UTC,ThreatFox,
55,media,critica,198.13.47.210:80,198[.]13[.]47[.]210:80,ip:port,AdaptixC2,ThreatFox,JP,,0,0,100,2026-10-02 15:05:06 UTC,ThreatFox,
55,media,critica,198.13.47.210:443,198[.]13[.]47[.]210:443,ip:port,AdaptixC2,ThreatFox,JP,,0,0,100,2026-10-02 15:05:06 UTC,ThreatFox,
55,media,alta,90pxyy6p.imzural.info,90pxyy6p[.]imzural[.]info,domain,ClearFake,ThreatFox,,,,0,100,2026-10-02 14:51:32 UTC,ThreatFox,
55,media,media,zumbaunited.com.au,zumbaunited[.]com[.]au,domain,IClickFix,ThreatFox,,,,0,100,2026-10-02 14:51:16 UTC,ThreatFox,
55,media,media,webings.in,webings[.]in,domain,IClickFix,ThreatFox,,,,0,100,2026-10-02 14:51:16 UTC,ThreatFox,
55,media,media,tgcpa.ca,tgcpa[.]ca,domain,IClickFix,ThreatFox,,,,0,100,2026-10-02 14:51:15 UTC,ThreatFox,
55,media,media,teknoservis.com,teknoservis[.]com,domain,IClickFix,ThreatFox,,,,0,100,2026-10-02 14:51:15 UTC,ThreatFox,
55,media,media,takehisheart.co.za,takehisheart[.]co[.]za,domain,IClickFix,ThreatFox,,,,0,100,2026-10-02 14:51:15 UTC,ThreatFox,
55,media,media,simontodd.me,simontodd[.]me,domain,IClickFix,ThreatFox,,,,0,100,2026-10-02 14:51:15 UTC,ThreatFox,
55,media,media,shirzana.co.il,shirzana[.]co[.]il,domain,IClickFix,ThreatFox,,,,0,100,2026-10-02 14:51:15 UTC,ThreatFox,
55,media,media,rockhoppersafaris.com,rockhoppersafaris[.]com,domain,IClickFix,ThreatFox,,,,0,100,2026-10-02 14:51:15 UTC,ThreatFox,
55,media,media,rickycheapcars.com,rickycheapcars[.]com,domain,IClickFix,ThreatFox,,,,0,100,2026-10-02 14:51:15 UTC,ThreatFox,
55,media,media,reparacioncomputadorascrc.com,reparacioncomputadorascrc[.]com,domain,IClickFix,ThreatFox,,,,0,100,2026-10-02 14:51:15 UTC,ThreatFox,
55,media,media,ramazancaglak.com.tr,ramazancaglak[.]com[.]tr,domain,IClickFix,ThreatFox,,,,0,100,2026-10-02 14:51:15 UTC,ThreatFox,
55,media,media,quantechsol.com,quantechsol[.]com,domain,IClickFix,ThreatFox,,,,0,100,2026-10-02 14:51:15 UTC,ThreatFox,
55,media,media,puroscrap.com.ar,puroscrap[.]com[.]ar,domain,IClickFix,ThreatFox,,,,0,100,2026-10-02 14:51:15 UTC,ThreatFox,
55,media,media,primexnewsinternational.com,primexnewsinternational[.]com,domain,IClickFix,ThreatFox,,,,0,100,2026-10-02 14:51:15 UTC,ThreatFox,
55,media,media,poseye.org,poseye[.]org,domain,IClickFix,ThreatFox,,,,0,100,2026-10-02 14:51:15 UTC,ThreatFox,
55,media,media,pinturumahminimalis.com,pinturumahminimalis[.]com,domain,IClickFix,ThreatFox,,,,0,100,2026-10-02 14:51:15 UTC,ThreatFox,
55,media,media,osakisushi.com,osakisushi[.]com,domain,IClickFix,ThreatFox,,,,0,100,2026-10-02 14:51:14 UTC,ThreatFox,
55,media,media,nobelinteriores.com.br,nobelinteriores[.]com[.]br,domain,IClickFix,ThreatFox,,,,0,100,2026-10-02 14:51:14 UTC,ThreatFox,
55,media,media,nexglobaleducation.com,nexglobaleducation[.]com,domain,IClickFix,ThreatFox,,,,0,100,2026-10-02 14:51:14 UTC,ThreatFox,
55,media,media,mghsolutions.com.au,mghsolutions[.]com[.]au,domain,IClickFix,ThreatFox,,,,0,100,2026-10-02 14:51:14 UTC,ThreatFox,
55,media,media,mercurynautikasrbija.rs,mercurynautikasrbija[.]rs,domain,IClickFix,ThreatFox,,,,0,100,2026-10-02 14:51:14 UTC,ThreatFox,
55,media,media,mak-intl.com,mak-intl[.]com,domain,IClickFix,ThreatFox,,,,0,100,2026-10-02 14:51:14 UTC,ThreatFox,
55,media,media,lopesconstrutora.com.br,lopesconstrutora[.]com[.]br,domain,IClickFix,ThreatFox,,,,0,100,2026-10-02 14:51:14 UTC,ThreatFox,
55,media,media,litzconsultoria.com.br,litzconsultoria[.]com[.]br,domain,IClickFix,ThreatFox,,,,0,100,2026-10-02 14:51:14 UTC,ThreatFox,
55,media,media,kbkpreschools.com,kbkpreschools[.]com,domain,IClickFix,ThreatFox,,,,0,100,2026-10-02 14:51:14 UTC,ThreatFox,
55,media,media,kassianethayna.com.br,kassianethayna[.]com[.]br,domain,IClickFix,ThreatFox,,,,0,100,2026-10-02 14:51:14 UTC,ThreatFox,
55,media,media,kalunga.com.co,kalunga[.]com[.]co,domain,IClickFix,ThreatFox,,,,0,100,2026-10-02 14:51:14 UTC,ThreatFox,
55,media,media,kailarionline.com,kailarionline[.]com,domain,IClickFix,ThreatFox,,,,0,100,2026-10-02 14:51:14 UTC,ThreatFox,
55,media,media,k9wins.top,k9wins[.]top,domain,IClickFix,ThreatFox,,,,0,100,2026-10-02 14:51:14 UTC,ThreatFox,
55,media,media,instalacionesluisperez.com,instalacionesluisperez[.]com,domain,IClickFix,ThreatFox,,,,0,100,2026-10-02 14:51:14 UTC,ThreatFox,
55,media,media,icleanturf.com,icleanturf[.]com,domain,IClickFix,ThreatFox,,,,0,100,2026-10-02 14:51:14 UTC,ThreatFox,
55,media,media,fr.lmc.ca,fr[.]lmc[.]ca,domain,IClickFix,ThreatFox,,,,0,100,2026-10-02 14:51:14 UTC,ThreatFox,
55,media,media,excelmotorservices.com,excelmotorservices[.]com,domain,IClickFix,ThreatFox,,,,0,100,2026-10-02 14:51:13 UTC,ThreatFox,
55,media,media,excellya.ae,excellya[.]ae,domain,IClickFix,ThreatFox,,,,0,100,2026-10-02 14:51:13 UTC,ThreatFox,
55,media,media,eterhotel.rs,eterhotel[.]rs,domain,IClickFix,ThreatFox,,,,0,100,2026-10-02 14:51:13 UTC,ThreatFox,
55,media,media,diventaredj.it,diventaredj[.]it,domain,IClickFix,ThreatFox,,,,0,100,2026-10-02 14:51:13 UTC,ThreatFox,
55,media,media,colmenacomunicacion.com,colmenacomunicacion[.]com,domain,IClickFix,ThreatFox,,,,0,100,2026-10-02 14:51:13 UTC,ThreatFox,
55,media,media,colegiorioloa.cl,colegiorioloa[.]cl,domain,IClickFix,ThreatFox,,,,0,100,2026-10-02 14:51:13 UTC,ThreatFox,
55,media,media,averyvista.com.au,averyvista[.]com[.]au,domain,IClickFix,ThreatFox,,,,0,100,2026-10-02 14:51:13 UTC,ThreatFox,
55,media,media,americanetww.com,americanetww[.]com,domain,IClickFix,ThreatFox,,,,0,100,2026-10-02 14:51:13 UTC,ThreatFox,
55,media,alta,180.93.125.137:11225,180[.]93[.]125[.]137:11225,ip:port,Remcos,ThreatFox,VN,,0,0,100,2026-10-02 14:46:32 UTC,ThreatFox,
55,media,media,87.251.69.145:15987,87[.]251[.]69[.]145:15987,ip:port,Potassium,ThreatFox,AT,,0,0,100,2026-10-02 14:46:31 UTC,ThreatFox,https://github.com/deepfield/public-research/tree/main/potassium
55,media,media,http://carogra.biz:4219,hxxp://carogra[.]biz:4219,url,Unknown malware,ThreatFox,,,,0,100,2026-10-02 14:29:38 UTC,ThreatFox,
55,media,critica,119.45.105.71:8080,119[.]45[.]105[.]71:8080,ip:port,AdaptixC2,ThreatFox,CN,,0,0,100,2026-10-02 14:05:06 UTC,ThreatFox,
55,media,critica,119.45.105.71:80,119[.]45[.]105[.]71:80,ip:port,AdaptixC2,ThreatFox,CN,,0,0,100,2026-10-02 14:05:05 UTC,ThreatFox,
55,media,critica,119.45.105.71:443,119[.]45[.]105[.]71:443,ip:port,AdaptixC2,ThreatFox,CN,,0,0,100,2026-10-02 14:05:05 UTC,ThreatFox,
55,media,media,87.251.69.144:7193,87[.]251[.]69[.]144:7193,ip:port,Potassium,ThreatFox,AT,0/91,0,0,100,2026-10-02 13:55:05 UTC,ThreatFox,https://github.com/deepfield/public-research/tree/main/potassium
55,media,media,87.251.69.138:7193,87[.]251[.]69[.]138:7193,ip:port,Potassium,ThreatFox,AT,0/91,0,0,100,2026-10-02 13:55:05 UTC,ThreatFox,https://github.com/deepfield/public-research/tree/main/potassium
55,media,alta,180.93.125.137:14645,180[.]93[.]125[.]137:14645,ip:port,Remcos,ThreatFox,VN,0/91,0,0,100,2026-10-02 13:55:04 UTC,ThreatFox,
55,media,media,87.251.69.145:7193,87[.]251[.]69[.]145:7193,ip:port,Potassium,ThreatFox,AT,0/91,0,0,100,2026-10-02 13:55:04 UTC,ThreatFox,https://github.com/deepfield/public-research/tree/main/potassium
55,media,media,87.251.69.165:7193,87[.]251[.]69[.]165:7193,ip:port,Potassium,ThreatFox,AT,1/91,0,0,100,2026-10-02 13:55:03 UTC,ThreatFox,https://github.com/deepfield/public-research/tree/main/potassium
55,media,media,5.181.2.72:27651,5[.]181[.]2[.]72:27651,ip:port,Potassium,ThreatFox,HR,,0,0,100,2026-10-02 13:55:01 UTC,ThreatFox,https://github.com/deepfield/public-research/tree/main/potassium
55,media,media,87.251.69.138:15987,87[.]251[.]69[.]138:15987,ip:port,Potassium,ThreatFox,AT,,0,0,100,2026-10-02 13:55:01 UTC,ThreatFox,https://github.com/deepfield/public-research/tree/main/potassium
55,media,media,lucid-prism-gliatteoon.top,lucid-prism-gliatteoon[.]top,domain,IClickFix,ThreatFox,,,,0,100,2026-10-02 13:41:48 UTC,ThreatFox,
55,media,media,coral-thistle-kilmkruon.top,coral-thistle-kilmkruon[.]top,domain,IClickFix,ThreatFox,,,,0,100,2026-10-02 13:36:29 UTC,ThreatFox,
55,media,media,https://hemlocktransept.co/health/trace-bundle.js,hxxps://hemlocktransept[.]co/health/trace-bundle[.]js,url,SmartApeSG,ThreatFox,,,,0,100,2026-10-02 13:33:43 UTC,ThreatFox,
55,media,critica,82.25.12.111:8080,82[.]25[.]12[.]111:8080,ip:port,AdaptixC2,ThreatFox,FI,,0,0,100,2026-10-02 13:05:07 UTC,ThreatFox,
55,media,critica,82.25.12.111:80,82[.]25[.]12[.]111:80,ip:port,AdaptixC2,ThreatFox,FI,,0,0,100,2026-10-02 13:05:07 UTC,ThreatFox,
55,media,critica,82.25.12.111:443,82[.]25[.]12[.]111:443,ip:port,AdaptixC2,ThreatFox,FI,,0,0,100,2026-10-02 13:05:05 UTC,ThreatFox,
55,media,critica,45.142.31.82:80,45[.]142[.]31[.]82:80,ip:port,AdaptixC2,ThreatFox,GR,,0,0,100,2026-10-02 13:05:05 UTC,ThreatFox,
55,media,alta,w1j0v9ni.thequeenofesteem.com,w1j0v9ni[.]thequeenofesteem[.]com,domain,ClearFake,ThreatFox,,0/91,,0,100,2026-10-02 11:53:10 UTC,ThreatFox,
55,media,alta,thequeenofesteem.com,thequeenofesteem[.]com,domain,ClearFake,ThreatFox,,0/91,,0,100,2026-10-02 11:51:06 UTC,ThreatFox,
55,media,alta,0ki6ewis.wiskaoane.com,0ki6ewis[.]wiskaoane[.]com,domain,ClearFake,ThreatFox,,1/91,,0,100,2026-10-02 11:44:17 UTC,ThreatFox,
55,media,media,212.192.14.31:27651,212[.]192[.]14[.]31:27651,ip:port,Potassium,ThreatFox,RU,1/91,0,0,100,2026-10-02 11:31:54 UTC,ThreatFox,https://github.com/deepfield/public-research/tree/main/potassium
55,media,media,http://tfoyses.shop:3452/addresses,hxxp://tfoyses[.]shop:3452/addresses,url,Remus,ThreatFox,,14/92,,0,75,2026-10-02 11:21:23 UTC,ThreatFox,
55,media,media,hemlocktransept.co,hemlocktransept[.]co,domain,SmartApeSG,ThreatFox,,0/91,,0,100,2026-10-02 10:59:59 UTC,ThreatFox,
55,media,alta,rdumop17.kaarenorge.com,rdumop17[.]kaarenorge[.]com,domain,ClearFake,ThreatFox,,0/91,,0,100,2026-10-02 10:41:23 UTC,ThreatFox,
55,media,media,https://www.elicamp.de/,hxxps://www[.]elicamp[.]de/,url,IClickFix,ThreatFox,,,,0,100,2026-10-02 09:24:36 UTC,ThreatFox,
55,media,media,89.185.82.39:38429,89[.]185[.]82[.]39:38429,ip:port,Potassium,ThreatFox,MK,,0,0,100,2026-10-02 09:24:36 UTC,ThreatFox,https://github.com/deepfield/public-research/tree/main/potassium
55,media,media,89.185.82.38:27651,89[.]185[.]82[.]38:27651,ip:port,Potassium,ThreatFox,MK,,0,0,100,2026-10-02 09:24:36 UTC,ThreatFox,https://github.com/deepfield/public-research/tree/main/potassium
55,media,critica,43.160.225.40:8080,43[.]160[.]225[.]40:8080,ip:port,AdaptixC2,ThreatFox,SG,,0,0,100,2026-10-02 09:05:05 UTC,ThreatFox,
55,media,critica,43.160.225.40:80,43[.]160[.]225[.]40:80,ip:port,AdaptixC2,ThreatFox,SG,,0,0,100,2026-10-02 09:05:04 UTC,ThreatFox,
55,media,alta,https://zu.332toto.net,hxxps://zu[.]332toto[.]net,url,Vidar,ThreatFox,,,,0,100,2026-10-02 08:27:46 UTC,ThreatFox,
55,media,media,5c81390ffa00061c70d2b3ca0cd7fac6f3caa866f52f64e776de5f53b5436052,5c81390ffa00061c70d2b3ca0cd7fac6f3caa866f52f64e776de5f53b5436052,sha256_hash,AMOS,ThreatFox,,,,0,100,2026-10-02 08:27:46 UTC,ThreatFox,https://www.virustotal.com/gui/file/5c81390ffa00061c70d2b3ca0cd7fac6f3caa866f52f64e776de5f53b5436052
55,media,alta,https://217.60.102.236,hxxps://217[.]60[.]102[.]236,url,Vidar,ThreatFox,,,,0,100,2026-10-02 08:27:46 UTC,ThreatFox,
55,media,media,hik.gettingheadfromduckysmom.st,hik[.]gettingheadfromduckysmom[.]st,domain,Potassium,ThreatFox,,,,0,100,2026-10-02 08:27:45 UTC,ThreatFox,https://github.com/deepfield/public-research/tree/main/potassium
55,media,media,fa269568c0c9a96690b22a339b4bddec855f57a6d11656270730ab63f47dbf25,fa269568c0c9a96690b22a339b4bddec855f57a6d11656270730ab63f47dbf25,sha256_hash,AMOS,ThreatFox,,,,0,100,2026-10-02 08:27:45 UTC,ThreatFox,https://www.virustotal.com/gui/file/fa269568c0c9a96690b22a339b4bddec855f57a6d11656270730ab63f47dbf25
55,media,media,08e0c5a2bc55c19f385b68cd1648507c9378b9eba12ff3f3c052d8e3eb75eb8f,08e0c5a2bc55c19f385b68cd1648507c9378b9eba12ff3f3c052d8e3eb75eb8f,sha256_hash,AMOS,ThreatFox,,,,0,100,2026-10-02 08:27:44 UTC,ThreatFox,https://www.virustotal.com/gui/file/08e0c5a2bc55c19f385b68cd1648507c9378b9eba12ff3f3c052d8e3eb75eb8f
55,media,media,force-update.com,force-update[.]com,domain,Unknown malware,ThreatFox,,,,0,100,2026-10-02 08:24:43 UTC,ThreatFox,https://bazaar.abuse.ch/sample/aba6806c623c0624d573a164146cf6863bd2bd6f34a84d26be77d48f8c60eb97/
55,media,critica,109.74.144.151:443,109[.]74[.]144[.]151:443,ip:port,AdaptixC2,ThreatFox,SK,,0,0,100,2026-10-02 08:05:06 UTC,ThreatFox,
55,media,critica,191.124.5.50:8443,191[.]124[.]5[.]50:8443,ip:port,Cobalt Strike,ThreatFox,HK,,0,0,100,2026-10-02 07:41:39 UTC,ThreatFox,
55,media,alta,y4nlu8wu.thelogicofmoney.com,y4nlu8wu[.]thelogicofmoney[.]com,domain,ClearFake,ThreatFox,,,,0,100,2026-10-02 06:54:50 UTC,ThreatFox,
55,media,alta,vuq72f2a.truenarrator.com,vuq72f2a[.]truenarrator[.]com,domain,ClearFake,ThreatFox,,,,0,100,2026-10-02 06:43:43 UTC,ThreatFox,
55,media,media,e7aa32a83c6df162b1e594b4d8bef54219b36adeb39d184662c94315d35086d3,e7aa32a83c6df162b1e594b4d8bef54219b36adeb39d184662c94315d35086d3,sha256_hash,AMOS,ThreatFox,,,,0,100,2026-10-02 06:31:12 UTC,ThreatFox,https://bazaar.abuse.ch/sample/e7aa32a83c6df162b1e594b4d8bef54219b36adeb39d184662c94315d35086d3/
55,media,media,a44bfc334b0032e00e4984f02e586b93647cfc4056764947d8dd149a00497225,a44bfc334b0032e00e4984f02e586b93647cfc4056764947d8dd149a00497225,sha256_hash,AMOS,ThreatFox,,,,0,100,2026-10-02 06:31:11 UTC,ThreatFox,https://www.virustotal.com/gui/file/a44bfc334b0032e00e4984f02e586b93647cfc4056764947d8dd149a00497225
55,media,media,e5e80e28370ac3da3cc73000c4f5cf1fb74a8f738defae813bc3ca06232e6456,e5e80e28370ac3da3cc73000c4f5cf1fb74a8f738defae813bc3ca06232e6456,sha256_hash,AMOS,ThreatFox,,,,0,100,2026-10-02 06:31:11 UTC,ThreatFox,https://bazaar.abuse.ch/sample/e5e80e28370ac3da3cc73000c4f5cf1fb74a8f738defae813bc3ca06232e6456/
55,media,media,0f8e8c44e3fbb2d8d0098f9b08db9896dcafb83230ca8f787d543fe78f7ce2d2,0f8e8c44e3fbb2d8d0098f9b08db9896dcafb83230ca8f787d543fe78f7ce2d2,sha256_hash,AMOS,ThreatFox,,,,0,100,2026-10-02 06:31:10 UTC,ThreatFox,https://www.virustotal.com/gui/file/0f8e8c44e3fbb2d8d0098f9b08db9896dcafb83230ca8f787d543fe78f7ce2d2
55,media,media,00560eaec8e7b1700da1e1747c09cf35222ed881df33864338a3da6efaddeafa,00560eaec8e7b1700da1e1747c09cf35222ed881df33864338a3da6efaddeafa,sha256_hash,AMOS,ThreatFox,,,,0,100,2026-10-02 06:31:07 UTC,ThreatFox,https://www.virustotal.com/gui/file/00560eaec8e7b1700da1e1747c09cf35222ed881df33864338a3da6efaddeafa
55,media,media,1105a9f833b374c63bc58942f3790645c0b9f1563c42e389d2317a91e9e40a25,1105a9f833b374c63bc58942f3790645c0b9f1563c42e389d2317a91e9e40a25,sha256_hash,AMOS,ThreatFox,,,,0,100,2026-10-02 06:31:05 UTC,ThreatFox,https://www.virustotal.com/gui/file/1105a9f833b374c63bc58942f3790645c0b9f1563c42e389d2317a91e9e40a25
55,media,media,67671a273211196de084c2dbad5ea346750f37b356557b0cfd859d5071c867dd,67671a273211196de084c2dbad5ea346750f37b356557b0cfd859d5071c867dd,sha256_hash,AMOS,ThreatFox,,,,0,100,2026-10-02 06:31:05 UTC,ThreatFox,https://www.virustotal.com/gui/file/67671a273211196de084c2dbad5ea346750f37b356557b0cfd859d5071c867dd
55,media,media,45.146.91.241:34532,45[.]146[.]91[.]241:34532,ip:port,Drifter,ThreatFox,US,1/91,0,0,100,2026-10-02 06:31:04 UTC,ThreatFox,https://github.com/deepfield/public-research/tree/main/drifter
55,media,alta,https://zu.369jk.org,hxxps://zu[.]369jk[.]org,url,Vidar,ThreatFox,,1/92,,0,100,2026-10-02 06:31:04 UTC,ThreatFox,
55,media,media,72.60.189.171:6572,72[.]60[.]189[.]171:6572,ip:port,Remus,ThreatFox,FR,0/91,0,0,100,2026-10-02 06:31:03 UTC,ThreatFox,
55,media,media,45.146.91.241:32505,45[.]146[.]91[.]241:32505,ip:port,Drifter,ThreatFox,US,1/91,0,0,100,2026-10-02 06:31:03 UTC,ThreatFox,https://github.com/deepfield/public-research/tree/main/drifter
55,media,alta,185.215.151.9:8089,185[.]215[.]151[.]9:8089,ip:port,Remcos,ThreatFox,US,,0,0,100,2026-10-02 06:31:02 UTC,ThreatFox,
55,media,alta,https://62.238.51.203,hxxps://62[.]238[.]51[.]203,url,Vidar,ThreatFox,,,,0,100,2026-10-02 06:31:02 UTC,ThreatFox,
55,media,media,94d0c55a228b9b146dca47178511f1136aad0795c6569fbbf6a845d1affa7569,94d0c55a228b9b146dca47178511f1136aad0795c6569fbbf6a845d1affa7569,sha256_hash,AMOS,ThreatFox,,,,0,100,2026-10-02 06:30:54 UTC,ThreatFox,https://www.virustotal.com/gui/file/94d0c55a228b9b146dca47178511f1136aad0795c6569fbbf6a845d1affa7569
55,media,media,e9e6673fd8c6e86108051d3334dbb427eee99be1902fe6319e6f5c9599a545aa,e9e6673fd8c6e86108051d3334dbb427eee99be1902fe6319e6f5c9599a545aa,sha256_hash,AMOS,ThreatFox,,,,0,100,2026-10-02 06:30:54 UTC,ThreatFox,https://www.virustotal.com/gui/file/e9e6673fd8c6e86108051d3334dbb427eee99be1902fe6319e6f5c9599a545aa
55,media,media,3d33dc55b40687afe672eb82c68b89af1fa250db4391e2836c266289249a495b,3d33dc55b40687afe672eb82c68b89af1fa250db4391e2836c266289249a495b,sha256_hash,AMOS,ThreatFox,,,,0,100,2026-10-02 06:30:53 UTC,ThreatFox,https://www.virustotal.com/gui/file/3d33dc55b40687afe672eb82c68b89af1fa250db4391e2836c266289249a495b
55,media,alta,204.44.69.213:31883,204[.]44[.]69[.]213:31883,ip:port,Remcos,ThreatFox,US,,0,0,100,2026-10-02 06:30:53 UTC,ThreatFox,
55,media,alta,https://st.369jk.org,hxxps://st[.]369jk[.]org,url,Vidar,ThreatFox,,,,0,100,2026-10-02 06:30:52 UTC,ThreatFox,
55,media,alta,https://st.332toto.net,hxxps://st[.]332toto[.]net,url,Vidar,ThreatFox,,,,0,100,2026-10-02 06:30:51 UTC,ThreatFox,
55,media,media,5dd5d89a9e0a0da4ccb4ba8e72f1ac26224ade020d18613f6707989d9b70b997,5dd5d89a9e0a0da4ccb4ba8e72f1ac26224ade020d18613f6707989d9b70b997,sha256_hash,AMOS,ThreatFox,,,,0,100,2026-10-02 06:30:51 UTC,ThreatFox,https://www.virustotal.com/gui/file/5dd5d89a9e0a0da4ccb4ba8e72f1ac26224ade020d18613f6707989d9b70b997
55,media,media,b515ddfae69cd484d523feb2544704b2df62e029e00d9f646410eef4bd6832ba,b515ddfae69cd484d523feb2544704b2df62e029e00d9f646410eef4bd6832ba,sha256_hash,AMOS,ThreatFox,,,,0,100,2026-10-02 06:30:50 UTC,ThreatFox,https://www.virustotal.com/gui/file/b515ddfae69cd484d523feb2544704b2df62e029e00d9f646410eef4bd6832ba
55,media,media,f9e7db13a7a404d49adaacdef2dad5609d0f258775ffa0a5f00ee3c4183cf07f,f9e7db13a7a404d49adaacdef2dad5609d0f258775ffa0a5f00ee3c4183cf07f,sha256_hash,AMOS,ThreatFox,,,,0,100,2026-10-02 06:30:50 UTC,ThreatFox,https://www.virustotal.com/gui/file/b515ddfae69cd484d523feb2544704b2df62e029e00d9f646410eef4bd6832ba
55,media,media,cedar-55.com,cedar-55[.]com,domain,AMOS,ThreatFox,,,,0,100,2026-10-02 06:30:49 UTC,ThreatFox,https://www.virustotal.com/gui/file/b515ddfae69cd484d523feb2544704b2df62e029e00d9f646410eef4bd6832ba
55,media,media,stratos-delta.com,stratos-delta[.]com,domain,AMOS,ThreatFox,,,,0,100,2026-10-02 06:30:49 UTC,ThreatFox,https://www.virustotal.com/gui/file/b515ddfae69cd484d523feb2544704b2df62e029e00d9f646410eef4bd6832ba
55,media,media,https://stratos-delta.com/f/ujkfbdvkl5i2ezacchx7ia/6b4aghms,hxxps://stratos-delta[.]com/f/ujkfbdvkl5i2ezacchx7ia/6b4aghms,url,AMOS,ThreatFox,,,,0,100,2026-10-02 06:30:48 UTC,ThreatFox,https://www.virustotal.com/gui/file/b515ddfae69cd484d523feb2544704b2df62e029e00d9f646410eef4bd6832ba
55,media,media,https://stratos-delta.com/curl/925zai5h/ygpst74xbzykss9mw.dat,hxxps://stratos-delta[.]com/curl/925zai5h/ygpst74xbzykss9mw[.]dat,url,AMOS,ThreatFox,,,,0,100,2026-10-02 06:30:47 UTC,ThreatFox,https://www.virustotal.com/gui/file/b515ddfae69cd484d523feb2544704b2df62e029e00d9f646410eef4bd6832ba
55,media,alta,https://simo.v-panel.asia/,hxxps://simo[.]v-panel[.]asia/,url,Vidar,ThreatFox,,,,0,100,2026-10-02 06:30:45 UTC,ThreatFox,
55,media,alta,134.122.126.123:8080,134[.]122[.]126[.]123:8080,ip:port,Aisuru,ThreatFox,US,,0,0,100,2026-10-02 06:30:45 UTC,ThreatFox,
55,media,alta,simo.msdos.ru,simo[.]msdos[.]ru,domain,Vidar,ThreatFox,,,,0,100,2026-10-02 06:30:44 UTC,ThreatFox,
55,media,alta,simo.v-panel.asia,simo[.]v-panel[.]asia,domain,Vidar,ThreatFox,,,,0,100,2026-10-02 06:30:44 UTC,ThreatFox,
55,media,alta,https://simo.msdos.ru/login,hxxps://simo[.]msdos[.]ru/login,url,Vidar,ThreatFox,,,,0,100,2026-10-02 06:30:43 UTC,ThreatFox,
55,media,media,e1e3c2d157d32ae9073de5008c4705480acf453f7d49a3936d83599ae50caa29,e1e3c2d157d32ae9073de5008c4705480acf453f7d49a3936d83599ae50caa29,sha256_hash,Unknown malware,ThreatFox,,,,0,100,2026-10-02 06:30:41 UTC,ThreatFox,
55,media,media,5758166e02bc573e6bd8f0e9c65a50734b2063dcd8a2927167c65d9f21b44e74,5758166e02bc573e6bd8f0e9c65a50734b2063dcd8a2927167c65d9f21b44e74,sha256_hash,Unknown malware,ThreatFox,,,,0,100,2026-10-02 06:30:40 UTC,ThreatFox,
55,media,media,15f27f83bfd7772f1d15908cbfb2c5a156cb108e4cc9f1154fd8235b62b21b81,15f27f83bfd7772f1d15908cbfb2c5a156cb108e4cc9f1154fd8235b62b21b81,sha256_hash,Unknown malware,ThreatFox,,,,0,100,2026-10-02 06:30:40 UTC,ThreatFox,
55,media,media,6f3d8011f20ce40cc024234e1c6b0afeb4d3f9c156c081cdb1e3ab01f02e2253,6f3d8011f20ce40cc024234e1c6b0afeb4d3f9c156c081cdb1e3ab01f02e2253,sha256_hash,Unknown malware,ThreatFox,,,,0,100,2026-10-02 06:30:39 UTC,ThreatFox,
55,media,media,32554aa1b94395d716728656783e6782dd928685ce8d7d280806f1e061df236a,32554aa1b94395d716728656783e6782dd928685ce8d7d280806f1e061df236a,sha256_hash,Unknown malware,ThreatFox,,,,0,100,2026-10-02 06:30:39 UTC,ThreatFox,
55,media,media,c44880554fedc7e1584bcf5c84b3c024c718d296631a770822440d241bb32a54,c44880554fedc7e1584bcf5c84b3c024c718d296631a770822440d241bb32a54,sha256_hash,Unknown malware,ThreatFox,,,,0,100,2026-10-02 06:30:39 UTC,ThreatFox,
55,media,media,e181fab0b20eefa5cf5ff88efc82dda14d482b6ef4359ff98dfa84f38e44bca7,e181fab0b20eefa5cf5ff88efc82dda14d482b6ef4359ff98dfa84f38e44bca7,sha256_hash,Unknown malware,ThreatFox,,,,0,100,2026-10-02 06:30:38 UTC,ThreatFox,
55,media,media,c1822eb293a6b0bbf54eca6409a10ce616b9b77c9a8c1dc7a5eb0f29d85d10c7,c1822eb293a6b0bbf54eca6409a10ce616b9b77c9a8c1dc7a5eb0f29d85d10c7,sha256_hash,Unknown malware,ThreatFox,,,,0,100,2026-10-02 06:30:38 UTC,ThreatFox,
55,media,media,967369b1ca946439bc3bc7b2017e2299e7837cfaf7a29979f9b548b35caf84e0,967369b1ca946439bc3bc7b2017e2299e7837cfaf7a29979f9b548b35caf84e0,sha256_hash,Unknown malware,ThreatFox,,,,0,100,2026-10-02 06:30:38 UTC,ThreatFox,
55,media,media,8dd49a4f0e68e9c9373c4ce52656bf302eba28f0f4d2f5e9ce165fb47ffd745d,8dd49a4f0e68e9c9373c4ce52656bf302eba28f0f4d2f5e9ce165fb47ffd745d,sha256_hash,Unknown malware,ThreatFox,,,,0,100,2026-10-02 06:30:37 UTC,ThreatFox,
55,media,media,af28d73c38ea22d1d20a2320d7c3f67fdc85384ade0eb12685d4c5b2981d8b3a,af28d73c38ea22d1d20a2320d7c3f67fdc85384ade0eb12685d4c5b2981d8b3a,sha256_hash,Unknown malware,ThreatFox,,,,0,100,2026-10-02 06:30:36 UTC,ThreatFox,
55,media,media,e75d7a3762269e081119195461c2c57b1c7edef405d3ed68d680684211d4c704,e75d7a3762269e081119195461c2c57b1c7edef405d3ed68d680684211d4c704,sha256_hash,Unknown malware,ThreatFox,,,,0,100,2026-10-02 06:30:36 UTC,ThreatFox,
55,media,alta,https://62.238.53.233,hxxps://62[.]238[.]53[.]233,url,Vidar,ThreatFox,,,,0,100,2026-10-02 06:30:36 UTC,ThreatFox,
55,media,media,5.181.2.75:46852,5[.]181[.]2[.]75:46852,ip:port,Potassium,ThreatFox,HR,,0,0,100,2026-10-02 06:30:35 UTC,ThreatFox,https://github.com/deepfield/public-research/tree/main/potassium
55,media,media,212.192.14.31:32876,212[.]192[.]14[.]31:32876,ip:port,Potassium,ThreatFox,RU,,0,0,100,2026-10-02 06:30:34 UTC,ThreatFox,https://github.com/deepfield/public-research/tree/main/potassium
55,media,alta,https://uw.332toto.net,hxxps://uw[.]332toto[.]net,url,Vidar,ThreatFox,,,,0,100,2026-10-02 06:30:34 UTC,ThreatFox,
55,media,alta,https://uw.369jk.org,hxxps://uw[.]369jk[.]org,url,Vidar,ThreatFox,,,,0,100,2026-10-02 06:30:33 UTC,ThreatFox,
55,media,media,824cb5fd41eaf7b176dd34ef09e841134ae50c87422bc13313a9ab22eb66496d,824cb5fd41eaf7b176dd34ef09e841134ae50c87422bc13313a9ab22eb66496d,sha256_hash,AMOS,ThreatFox,,,,0,100,2026-10-02 06:30:33 UTC,ThreatFox,https://www.virustotal.com/gui/file/824cb5fd41eaf7b176dd34ef09e841134ae50c87422bc13313a9ab22eb66496d
55,media,media,5.181.2.75:15987,5[.]181[.]2[.]75:15987,ip:port,Potassium,ThreatFox,HR,,0,0,100,2026-10-02 06:30:32 UTC,ThreatFox,https://github.com/deepfield/public-research/tree/main/potassium
55,media,alta,128.90.106.115:3000,128[.]90[.]106[.]115:3000,ip:port,Remcos,ThreatFox,AR,,0,0,100,2026-10-02 06:30:31 UTC,ThreatFox,
55,media,alta,gray.bowlinggreenwinnelsonco.com,gray[.]bowlinggreenwinnelsonco[.]com,domain,ClearFake,ThreatFox,,,,0,100,2026-10-02 06:30:28 UTC,ThreatFox,
55,media,media,ac5a124e5c5da4a92b04e4813eb7fde72fe528f8df9286a45496aa9f1f0a1e68,ac5a124e5c5da4a92b04e4813eb7fde72fe528f8df9286a45496aa9f1f0a1e68,sha256_hash,AMOS,ThreatFox,,,,0,100,2026-10-02 06:30:27 UTC,ThreatFox,https://www.virustotal.com/gui/file/ac5a124e5c5da4a92b04e4813eb7fde72fe528f8df9286a45496aa9f1f0a1e68
55,media,media,https://rehearsal-b.com/4qX0LB/tm/oPpE,hxxps://rehearsal-b[.]com/4qX0LB/tm/oPpE,url,IClickFix,ThreatFox,,,,0,100,2026-10-02 06:30:26 UTC,ThreatFox,
55,media,media,45.146.91.241:36275,45[.]146[.]91[.]241:36275,ip:port,Drifter,ThreatFox,US,,0,0,100,2026-10-02 06:30:24 UTC,ThreatFox,https://github.com/deepfield/public-research/tree/main/drifter
55,media,alta,v6a93nk5.tanyavondegurechaff.fit,v6a93nk5[.]tanyavondegurechaff[.]fit,domain,ClearFake,ThreatFox,,,,0,100,2026-10-02 06:19:38 UTC,ThreatFox,
55,media,alta,imap.silverpine.cc,imap[.]silverpine[.]cc,domain,ACR Stealer,ThreatFox,,,,0,100,2026-10-02 06:15:52 UTC,ThreatFox,
55,media,media,79c65fa04541032e251fa4796b97800374b63c7982593dd1a2e0db605d429186,79c65fa04541032e251fa4796b97800374b63c7982593dd1a2e0db605d429186,sha256_hash,Unknown malware,ThreatFox,,,,0,100,2026-10-02 06:03:29 UTC,ThreatFox,https://unit42.paloaltonetworks.com/netscaler-zero-days-exploited/
55,media,media,1bd314b661396c7086f6367fbbb48025e03ca2de69c073d53a8b0a38aa5fbb7d,1bd314b661396c7086f6367fbbb48025e03ca2de69c073d53a8b0a38aa5fbb7d,sha256_hash,Unknown malware,ThreatFox,,,,0,100,2026-10-02 06:03:29 UTC,ThreatFox,https://unit42.paloaltonetworks.com/netscaler-zero-days-exploited/
55,media,media,zmnvcnv.icu,zmnvcnv[.]icu,domain,IClickFix,ThreatFox,,,,0,100,2026-10-02 05:38:57 UTC,ThreatFox,
55,media,media,xmc6o.icu,xmc6o[.]icu,domain,IClickFix,ThreatFox,,,,0,100,2026-10-02 05:38:56 UTC,ThreatFox,
55,media,media,xi4us9e.space,xi4us9e[.]space,domain,IClickFix,ThreatFox,,,,0,100,2026-10-02 05:38:56 UTC,ThreatFox,
55,media,media,www.xi4us9e.space,www[.]xi4us9e[.]space,domain,IClickFix,ThreatFox,,,,0,100,2026-10-02 05:38:56 UTC,ThreatFox,
55,media,media,www.wlzgm-admiral-x.icu,www[.]wlzgm-admiral-x[.]icu,domain,IClickFix,ThreatFox,,,,0,100,2026-10-02 05:38:55 UTC,ThreatFox,
55,media,media,www.shoprecommai.space,www[.]shoprecommai[.]space,domain,IClickFix,ThreatFox,,,,0,100,2026-10-02 05:38:55 UTC,ThreatFox,
55,media,media,www.securepathiul.life,www[.]securepathiul[.]life,domain,IClickFix,ThreatFox,,,,0,100,2026-10-02 05:38:55 UTC,ThreatFox,
55,media,media,www.safedeliverylogistics.icu,www[.]safedeliverylogistics[.]icu,domain,IClickFix,ThreatFox,,,,0,100,2026-10-02 05:38:55 UTC,ThreatFox,
55,media,media,www.nomena.life,www[.]nomena[.]life,domain,IClickFix,ThreatFox,,,,0,100,2026-10-02 05:38:55 UTC,ThreatFox,
55,media,media,www.moonbird.life,www[.]moonbird[.]life,domain,IClickFix,ThreatFox,,,,0,100,2026-10-02 05:38:55 UTC,ThreatFox,
55,media,media,www.millonixvip.live,www[.]millonixvip[.]live,domain,IClickFix,ThreatFox,,,,0,100,2026-10-02 05:38:55 UTC,ThreatFox,
55,media,media,www.metanoashopinsoutlook.space,www[.]metanoashopinsoutlook[.]space,domain,IClickFix,ThreatFox,,,,0,100,2026-10-02 05:38:55 UTC,ThreatFox,
55,media,media,www.m4imi4w.space,www[.]m4imi4w[.]space,domain,IClickFix,ThreatFox,,,,0,100,2026-10-02 05:38:55 UTC,ThreatFox,
55,media,media,www.loveinfaith.life,www[.]loveinfaith[.]life,domain,IClickFix,ThreatFox,,,,0,100,2026-10-02 05:38:55 UTC,ThreatFox,
55,media,media,www.kpm-engineering.space,www[.]kpm-engineering[.]space,domain,IClickFix,ThreatFox,,,,0,100,2026-10-02 05:38:55 UTC,ThreatFox,
55,media,media,www.iiufo-admiral-x.icu,www[.]iiufo-admiral-x[.]icu,domain,IClickFix,ThreatFox,,,,0,100,2026-10-02 05:38:55 UTC,ThreatFox,
55,media,media,www.i7dqb-admiral-x.icu,www[.]i7dqb-admiral-x[.]icu,domain,IClickFix,ThreatFox,,,,0,100,2026-10-02 05:38:55 UTC,ThreatFox,
55,media,media,www.geto.space,www[.]geto[.]space,domain,IClickFix,ThreatFox,,,,0,100,2026-10-02 05:38:54 UTC,ThreatFox,
55,media,media,www.datc.space,www[.]datc[.]space,domain,IClickFix,ThreatFox,,,,0,100,2026-10-02 05:38:54 UTC,ThreatFox,
55,media,media,www.contractor.click,www[.]contractor[.]click,domain,IClickFix,ThreatFox,,,,0,100,2026-10-02 05:38:54 UTC,ThreatFox,
55,media,media,www.clps.space,www[.]clps[.]space,domain,IClickFix,ThreatFox,,,,0,100,2026-10-02 05:38:54 UTC,ThreatFox,
55,media,media,www.biomel.life,www[.]biomel[.]life,domain,IClickFix,ThreatFox,,,,0,100,2026-10-02 05:38:54 UTC,ThreatFox,
55,media,media,www.admiral-x-z04gq.icu,www[.]admiral-x-z04gq[.]icu,domain,IClickFix,ThreatFox,,,,0,100,2026-10-02 05:38:54 UTC,ThreatFox,
55,media,media,www.admiral-x-xnir5.icu,www[.]admiral-x-xnir5[.]icu,domain,IClickFix,ThreatFox,,,,0,100,2026-10-02 05:38:54 UTC,ThreatFox,
55,media,media,www.admiral-x-wk5ey.icu,www[.]admiral-x-wk5ey[.]icu,domain,IClickFix,ThreatFox,,,,0,100,2026-10-02 05:38:53 UTC,ThreatFox,
55,media,media,www.admiral-x-qpqoy.icu,www[.]admiral-x-qpqoy[.]icu,domain,IClickFix,ThreatFox,,,,0,100,2026-10-02 05:38:53 UTC,ThreatFox,
55,media,media,www.admiral-x-kax0m.icu,www[.]admiral-x-kax0m[.]icu,domain,IClickFix,ThreatFox,,,,0,100,2026-10-02 05:38:53 UTC,ThreatFox,
55,media,media,www.a4ngg3ua.space,www[.]a4ngg3ua[.]space,domain,IClickFix,ThreatFox,,,,0,100,2026-10-02 05:38:53 UTC,ThreatFox,
55,media,media,www.9htje-admiral-x.icu,www[.]9htje-admiral-x[.]icu,domain,IClickFix,ThreatFox,,,,0,100,2026-10-02 05:38:53 UTC,ThreatFox,
55,media,media,www.7jkat-admiral-x.icu,www[.]7jkat-admiral-x[.]icu,domain,IClickFix,ThreatFox,,,,0,100,2026-10-02 05:38:53 UTC,ThreatFox,
55,media,media,www.570qi-admiral-x.icu,www[.]570qi-admiral-x[.]icu,domain,IClickFix,ThreatFox,,,,0,100,2026-10-02 05:38:53 UTC,ThreatFox,
55,media,media,www.0r7u0-admiral-x.icu,www[.]0r7u0-admiral-x[.]icu,domain,IClickFix,ThreatFox,,,,0,100,2026-10-02 05:38:52 UTC,ThreatFox,
55,media,media,wlzgm-admiral-x.icu,wlzgm-admiral-x[.]icu,domain,IClickFix,ThreatFox,,,,0,100,2026-10-02 05:38:52 UTC,ThreatFox,
55,media,media,willo.life,willo[.]life,domain,IClickFix,ThreatFox,,,,0,100,2026-10-02 05:38:52 UTC,ThreatFox,
55,media,media,vn47n.icu,vn47n[.]icu,domain,IClickFix,ThreatFox,,,,0,100,2026-10-02 05:38:52 UTC,ThreatFox,
55,media,media,usa-changenow.icu,usa-changenow[.]icu,domain,IClickFix,ThreatFox,,,,0,100,2026-10-02 05:38:52 UTC,ThreatFox,
55,media,media,tralunexi.icu,tralunexi[.]icu,domain,IClickFix,ThreatFox,,,,0,100,2026-10-02 05:38:52 UTC,ThreatFox,
55,media,media,tokohoki78hk.space,tokohoki78hk[.]space,domain,IClickFix,ThreatFox,,,,0,100,2026-10-02 05:38:52 UTC,ThreatFox,
55,media,media,toko-78.icu,toko-78[.]icu,domain,IClickFix,ThreatFox,,,,0,100,2026-10-02 05:38:52 UTC,ThreatFox,
55,media,media,thriveclubarit.icu,thriveclubarit[.]icu,domain,IClickFix,ThreatFox,,,,0,100,2026-10-02 05:38:52 UTC,ThreatFox,
55,media,media,theceramicsstudio.life,theceramicsstudio[.]life,domain,IClickFix,ThreatFox,,,,0,100,2026-10-02 05:38:52 UTC,ThreatFox,
55,media,media,texaswafer.space,texaswafer[.]space,domain,IClickFix,ThreatFox,,,,0,100,2026-10-02 05:38:52 UTC,ThreatFox,
55,media,media,special-sell.space,special-sell[.]space,domain,IClickFix,ThreatFox,,,,0,100,2026-10-02 05:38:52 UTC,ThreatFox,
55,media,media,snae.space,snae[.]space,domain,IClickFix,ThreatFox,,,,0,100,2026-10-02 05:38:51 UTC,ThreatFox,
55,media,media,shoprecommai.space,shoprecommai[.]space,domain,IClickFix,ThreatFox,,,,0,100,2026-10-02 05:38:51 UTC,ThreatFox,
55,media,media,seo.contractor.click,seo[.]contractor[.]click,domain,IClickFix,ThreatFox,,,,0,100,2026-10-02 05:38:51 UTC,ThreatFox,
55,media,media,securepathiul.life,securepathiul[.]life,domain,IClickFix,ThreatFox,,,,0,100,2026-10-02 05:38:51 UTC,ThreatFox,
55,media,media,samuderajp.space,samuderajp[.]space,domain,IClickFix,ThreatFox,,,,0,100,2026-10-02 05:38:50 UTC,ThreatFox,
55,media,media,safedeliverylogistics.icu,safedeliverylogistics[.]icu,domain,IClickFix,ThreatFox,,,,0,100,2026-10-02 05:38:50 UTC,ThreatFox,
55,media,media,sable-orbit-wren-fiayn.live,sable-orbit-wren-fiayn[.]live,domain,IClickFix,ThreatFox,,,,0,100,2026-10-02 05:38:50 UTC,ThreatFox,
55,media,media,s77h4.icu,s77h4[.]icu,domain,IClickFix,ThreatFox,,,,0,100,2026-10-02 05:38:50 UTC,ThreatFox,
55,media,media,route66pizza.top,route66pizza[.]top,domain,IClickFix,ThreatFox,,,,0,100,2026-10-02 05:38:50 UTC,ThreatFox,
55,media,media,ramonline365.live,ramonline365[.]live,domain,IClickFix,ThreatFox,,,,0,100,2026-10-02 05:38:50 UTC,ThreatFox,
55,media,media,polymarketfs.icu,polymarketfs[.]icu,domain,IClickFix,ThreatFox,,,,0,100,2026-10-02 05:38:50 UTC,ThreatFox,
55,media,media,playarslot.space,playarslot[.]space,domain,IClickFix,ThreatFox,,,,0,100,2026-10-02 05:38:50 UTC,ThreatFox,
55,media,media,paymentsai.space,paymentsai[.]space,domain,IClickFix,ThreatFox,,,,0,100,2026-10-02 05:38:50 UTC,ThreatFox,
55,media,media,patser.life,patser[.]life,domain,IClickFix,ThreatFox,,,,0,100,2026-10-02 05:38:50 UTC,ThreatFox,
55,media,media,ownthetop.space,ownthetop[.]space,domain,IClickFix,ThreatFox,,,,0,100,2026-10-02 05:38:50 UTC,ThreatFox,
55,media,media,osscdf.icu,osscdf[.]icu,domain,IClickFix,ThreatFox,,,,0,100,2026-10-02 05:38:50 UTC,ThreatFox,
55,media,media,o62u0.icu,o62u0[.]icu,domain,IClickFix,ThreatFox,,,,0,100,2026-10-02 05:38:50 UTC,ThreatFox,
55,media,media,nordvpn.space,nordvpn[.]space,domain,IClickFix,ThreatFox,,,,0,100,2026-10-02 05:38:50 UTC,ThreatFox,
55,media,media,noderecarga.space,noderecarga[.]space,domain,IClickFix,ThreatFox,,,,0,100,2026-10-02 05:38:50 UTC,ThreatFox,
55,media,media,nmdigital.space,nmdigital[.]space,domain,IClickFix,ThreatFox,,,,0,100,2026-10-02 05:38:49 UTC,ThreatFox,
55,media,media,narkobetxin.space,narkobetxin[.]space,domain,IClickFix,ThreatFox,,,,0,100,2026-10-02 05:38:48 UTC,ThreatFox,
55,media,media,muaythaionline.live,muaythaionline[.]live,domain,IClickFix,ThreatFox,,,,0,100,2026-10-02 05:38:48 UTC,ThreatFox,
55,media,media,moneyhub-zipexayixog.click,moneyhub-zipexayixog[.]click,domain,IClickFix,ThreatFox,,,,0,100,2026-10-02 05:38:48 UTC,ThreatFox,
55,media,media,moneyhub-walletatlas.click,moneyhub-walletatlas[.]click,domain,IClickFix,ThreatFox,,,,0,100,2026-10-02 05:38:48 UTC,ThreatFox,
55,media,media,moneyhub-utibewiqala.click,moneyhub-utibewiqala[.]click,domain,IClickFix,ThreatFox,,,,0,100,2026-10-02 05:38:48 UTC,ThreatFox,
55,media,media,moneyhub-ujawefozipi.click,moneyhub-ujawefozipi[.]click,domain,IClickFix,ThreatFox,,,,0,100,2026-10-02 05:38:48 UTC,ThreatFox,
55,media,media,moneyhub-udaqaxacite.click,moneyhub-udaqaxacite[.]click,domain,IClickFix,ThreatFox,,,,0,100,2026-10-02 05:38:48 UTC,ThreatFox,
55,media,media,moneyhub-spendcrew.click,moneyhub-spendcrew[.]click,domain,IClickFix,ThreatFox,,,,0,100,2026-10-02 05:38:48 UTC,ThreatFox,
55,media,media,moneyhub-ramokojaxap.click,moneyhub-ramokojaxap[.]click,domain,IClickFix,ThreatFox,,,,0,100,2026-10-02 05:38:48 UTC,ThreatFox,
55,media,media,moneyhub-qizipikekud.click,moneyhub-qizipikekud[.]click,domain,IClickFix,ThreatFox,,,,0,100,2026-10-02 05:38:48 UTC,ThreatFox,
55,media,media,moneyhub-primefocus.click,moneyhub-primefocus[.]click,domain,IClickFix,ThreatFox,,,,0,100,2026-10-02 05:38:48 UTC,ThreatFox,
55,media,media,moneyhub-pennycenter.click,moneyhub-pennycenter[.]click,domain,IClickFix,ThreatFox,,,,0,100,2026-10-02 05:38:48 UTC,ThreatFox,
55,media,media,moneyhub-ofojemapoqu.click,moneyhub-ofojemapoqu[.]click,domain,IClickFix,ThreatFox,,,,0,100,2026-10-02 05:38:48 UTC,ThreatFox,
55,media,media,moneyhub-investuniverse.click,moneyhub-investuniverse[.]click,domain,IClickFix,ThreatFox,,,,0,100,2026-10-02 05:38:48 UTC,ThreatFox,
55,media,media,moneyhub-investhub.click,moneyhub-investhub[.]click,domain,IClickFix,ThreatFox,,,,0,100,2026-10-02 05:38:48 UTC,ThreatFox,
55,media,media,moneyhub-insurehub.click,moneyhub-insurehub[.]click,domain,IClickFix,ThreatFox,,,,0,100,2026-10-02 05:38:48 UTC,ThreatFox,
55,media,media,moneyhub-ikucitemoca.click,moneyhub-ikucitemoca[.]click,domain,IClickFix,ThreatFox,,,,0,100,2026-10-02 05:38:48 UTC,ThreatFox,
55,media,media,moneyhub-ikasuxoqose.click,moneyhub-ikasuxoqose[.]click,domain,IClickFix,ThreatFox,,,,0,100,2026-10-02 05:38:48 UTC,ThreatFox,
55,media,media,moneyhub-ijozipifejo.click,moneyhub-ijozipifejo[.]click,domain,IClickFix,ThreatFox,,,,0,100,2026-10-02 05:38:48 UTC,ThreatFox,
55,media,media,moneyhub-icotamokife.click,moneyhub-icotamokife[.]click,domain,IClickFix,ThreatFox,,,,0,100,2026-10-02 05:38:46 UTC,ThreatFox,
55,media,media,moneyhub-globalmentor.click,moneyhub-globalmentor[.]click,domain,IClickFix,ThreatFox,,,,0,100,2026-10-02 05:38:46 UTC,ThreatFox,
55,media,media,moneyhub-fuxisorahif.click,moneyhub-fuxisorahif[.]click,domain,IClickFix,ThreatFox,,,,0,100,2026-10-02 05:38:46 UTC,ThreatFox,
55,media,media,moneyhub-frugaldock.click,moneyhub-frugaldock[.]click,domain,IClickFix,ThreatFox,,,,0,100,2026-10-02 05:38:46 UTC,ThreatFox,
55,media,media,moneyhub-expensecrew.click,moneyhub-expensecrew[.]click,domain,IClickFix,ThreatFox,,,,0,100,2026-10-02 05:38:46 UTC,ThreatFox,
55,media,media,moneyhub-expensecloud.click,moneyhub-expensecloud[.]click,domain,IClickFix,ThreatFox,,,,0,100,2026-10-02 05:38:46 UTC,ThreatFox,
55,media,media,moneyhub-expensechart.click,moneyhub-expensechart[.]click,domain,IClickFix,ThreatFox,,,,0,100,2026-10-02 05:38:46 UTC,ThreatFox,
55,media,media,moneyhub-expensecenter.click,moneyhub-expensecenter[.]click,domain,IClickFix,ThreatFox,,,,0,100,2026-10-02 05:38:46 UTC,ThreatFox,
55,media,media,moneyhub-expensebridge.click,moneyhub-expensebridge[.]click,domain,IClickFix,ThreatFox,,,,0,100,2026-10-02 05:38:46 UTC,ThreatFox,
55,media,media,moneyhub-expensebloom.click,moneyhub-expensebloom[.]click,domain,IClickFix,ThreatFox,,,,0,100,2026-10-02 05:38:46 UTC,ThreatFox,
55,media,media,moneyhub-ehosovisamo.click,moneyhub-ehosovisamo[.]click,domain,IClickFix,ThreatFox,,,,0,100,2026-10-02 05:38:46 UTC,ThreatFox,
55,media,media,moneyhub-economyvalue.click,moneyhub-economyvalue[.]click,domain,IClickFix,ThreatFox,,,,0,100,2026-10-02 05:38:46 UTC,ThreatFox,
55,media,media,moneyhub-dopedunibip.click,moneyhub-dopedunibip[.]click,domain,IClickFix,ThreatFox,,,,0,100,2026-10-02 05:38:46 UTC,ThreatFox,
55,media,media,moneyhub-debitlane.click,moneyhub-debitlane[.]click,domain,IClickFix,ThreatFox,,,,0,100,2026-10-02 05:38:46 UTC,ThreatFox,
55,media,media,moneyhub-debitbloom.click,moneyhub-debitbloom[.]click,domain,IClickFix,ThreatFox,,,,0,100,2026-10-02 05:38:46 UTC,ThreatFox,
55,media,media,moneyhub-dabizipibef.click,moneyhub-dabizipibef[.]click,domain,IClickFix,ThreatFox,,,,0,100,2026-10-02 05:38:46 UTC,ThreatFox,
55,media,media,moneyhub-cobuhaganed.click,moneyhub-cobuhaganed[.]click,domain,IClickFix,ThreatFox,,,,0,100,2026-10-02 05:38:46 UTC,ThreatFox,
55,media,media,moneyhub-cashdock.click,moneyhub-cashdock[.]click,domain,IClickFix,ThreatFox,,,,0,100,2026-10-02 05:38:46 UTC,ThreatFox,
55,media,media,moneyhub-billcenter.click,moneyhub-billcenter[.]click,domain,IClickFix,ThreatFox,,,,0,100,2026-10-02 05:38:46 UTC,ThreatFox,
55,media,media,moneyhub-agutobekewo.click,moneyhub-agutobekewo[.]click,domain,IClickFix,ThreatFox,,,,0,100,2026-10-02 05:38:46 UTC,ThreatFox,
55,media,media,misterhokiterbaik.space,misterhokiterbaik[.]space,domain,IClickFix,ThreatFox,,,,0,100,2026-10-02 05:38:44 UTC,ThreatFox,
55,media,media,millonixvip.live,millonixvip[.]live,domain,IClickFix,ThreatFox,,,,0,100,2026-10-02 05:38:44 UTC,ThreatFox,
55,media,media,metanoashopinsoutlook.space,metanoashopinsoutlook[.]space,domain,IClickFix,ThreatFox,,,,0,100,2026-10-02 05:38:44 UTC,ThreatFox,
55,media,media,merch.b-bot.space,merch[.]b-bot[.]space,domain,IClickFix,ThreatFox,,,,0,100,2026-10-02 05:38:44 UTC,ThreatFox,
55,media,media,meinepacks.live,meinepacks[.]live,domain,IClickFix,ThreatFox,,,,0,100,2026-10-02 05:38:44 UTC,ThreatFox,
55,media,media,m4imi4w.space,m4imi4w[.]space,domain,IClickFix,ThreatFox,,,,0,100,2026-10-02 05:38:44 UTC,ThreatFox,
55,media,media,loopatl.space,loopatl[.]space,domain,IClickFix,ThreatFox,,,,0,100,2026-10-02 05:38:44 UTC,ThreatFox,
55,media,media,litseaochre.life,litseaochre[.]life,domain,IClickFix,ThreatFox,,,,0,100,2026-10-02 05:38:44 UTC,ThreatFox,
55,media,media,leitingvpn.space,leitingvpn[.]space,domain,IClickFix,ThreatFox,,,,0,100,2026-10-02 05:38:44 UTC,ThreatFox,
55,media,media,ksplay88hoki.space,ksplay88hoki[.]space,domain,IClickFix,ThreatFox,,,,0,100,2026-10-02 05:38:44 UTC,ThreatFox,
55,media,media,kpm-engineering.space,kpm-engineering[.]space,domain,IClickFix,ThreatFox,,,,0,100,2026-10-02 05:38:44 UTC,ThreatFox,
55,media,media,indoxl.click,indoxl[.]click,domain,IClickFix,ThreatFox,,,,0,100,2026-10-02 05:38:44 UTC,ThreatFox,
55,media,media,indoslotsui.icu,indoslotsui[.]icu,domain,IClickFix,ThreatFox,,,,0,100,2026-10-02 05:38:44 UTC,ThreatFox,
55,media,media,indoslotjoin.icu,indoslotjoin[.]icu,domain,IClickFix,ThreatFox,,,,0,100,2026-10-02 05:38:44 UTC,ThreatFox,
55,media,media,iiufo-admiral-x.icu,iiufo-admiral-x[.]icu,domain,IClickFix,ThreatFox,,,,0,100,2026-10-02 05:38:44 UTC,ThreatFox,
55,media,media,hmrc.space,hmrc[.]space,domain,IClickFix,ThreatFox,,,,0,100,2026-10-02 05:38:44 UTC,ThreatFox,
55,media,media,hezu.life,hezu[.]life,domain,IClickFix,ThreatFox,,,,0,100,2026-10-02 05:38:44 UTC,ThreatFox,
55,media,media,heishivpn.space,heishivpn[.]space,domain,IClickFix,ThreatFox,,,,0,100,2026-10-02 05:38:42 UTC,ThreatFox,
55,media,media,gamingworld.icu,gamingworld[.]icu,domain,IClickFix,ThreatFox,,,,0,100,2026-10-02 05:38:42 UTC,ThreatFox,
55,media,media,galaxybet88.icu,galaxybet88[.]icu,domain,IClickFix,ThreatFox,,,,0,100,2026-10-02 05:38:42 UTC,ThreatFox,
55,media,media,dbdeliveryllc.space,dbdeliveryllc[.]space,domain,IClickFix,ThreatFox,,,,0,100,2026-10-02 05:38:42 UTC,ThreatFox,
55,media,media,dbdelivery.space,dbdelivery[.]space,domain,IClickFix,ThreatFox,,,,0,100,2026-10-02 05:38:42 UTC,ThreatFox,
55,media,media,datc.space,datc[.]space,domain,IClickFix,ThreatFox,,,,0,100,2026-10-02 05:38:42 UTC,ThreatFox,
55,media,media,contractor.click,contractor[.]click,domain,IClickFix,ThreatFox,,,,0,100,2026-10-02 05:38:42 UTC,ThreatFox,
55,media,media,commodities.liquide.life,commodities[.]liquide[.]life,domain,IClickFix,ThreatFox,,,,0,100,2026-10-02 05:38:42 UTC,ThreatFox,
55,media,media,clps.space,clps[.]space,domain,IClickFix,ThreatFox,,,,0,100,2026-10-02 05:38:42 UTC,ThreatFox,
55,media,media,cjbsby.icu,cjbsby[.]icu,domain,IClickFix,ThreatFox,,,,0,100,2026-10-02 05:38:42 UTC,ThreatFox,
55,media,media,bostokohoki78.live,bostokohoki78[.]live,domain,IClickFix,ThreatFox,,,,0,100,2026-10-02 05:38:42 UTC,ThreatFox,
55,media,media,api.riklicidufiorai.com,api[.]riklicidufiorai[.]com,domain,IClickFix,ThreatFox,,,,0,100,2026-10-02 05:38:42 UTC,ThreatFox,
55,media,media,api.ketoriloxisd.com,api[.]ketoriloxisd[.]com,domain,IClickFix,ThreatFox,,,,0,100,2026-10-02 05:38:42 UTC,ThreatFox,
55,media,media,allnagagg.space,allnagagg[.]space,domain,IClickFix,ThreatFox,,,,0,100,2026-10-02 05:38:42 UTC,ThreatFox,
55,media,media,admiral-x-z04gq.icu,admiral-x-z04gq[.]icu,domain,IClickFix,ThreatFox,,,,0,100,2026-10-02 05:38:42 UTC,ThreatFox,
55,media,media,admiral-x-xnir5.icu,admiral-x-xnir5[.]icu,domain,IClickFix,ThreatFox,,,,0,100,2026-10-02 05:38:42 UTC,ThreatFox,
55,media,media,admiral-x-wk5ey.icu,admiral-x-wk5ey[.]icu,domain,IClickFix,ThreatFox,,,,0,100,2026-10-02 05:38:42 UTC,ThreatFox,
55,media,media,admiral-x-qpqoy.icu,admiral-x-qpqoy[.]icu,domain,IClickFix,ThreatFox,,,,0,100,2026-10-02 05:38:40 UTC,ThreatFox,
55,media,media,admiral-x-kax0m.icu,admiral-x-kax0m[.]icu,domain,IClickFix,ThreatFox,,,,0,100,2026-10-02 05:38:40 UTC,ThreatFox,
55,media,media,acougue100k.life,acougue100k[.]life,domain,IClickFix,ThreatFox,,,,0,100,2026-10-02 05:38:40 UTC,ThreatFox,
55,media,media,a4ngg3ua.space,a4ngg3ua[.]space,domain,IClickFix,ThreatFox,,,,0,100,2026-10-02 05:38:40 UTC,ThreatFox,
55,media,media,9htje-admiral-x.icu,9htje-admiral-x[.]icu,domain,IClickFix,ThreatFox,,,,0,100,2026-10-02 05:38:40 UTC,ThreatFox,
55,media,media,888infinityy.live,888infinityy[.]live,domain,IClickFix,ThreatFox,,,,0,100,2026-10-02 05:38:40 UTC,ThreatFox,
55,media,media,7jkat-admiral-x.icu,7jkat-admiral-x[.]icu,domain,IClickFix,ThreatFox,,,,0,100,2026-10-02 05:38:40 UTC,ThreatFox,
55,media,media,6lw6ugue.qdawdasdsadada.icu,6lw6ugue[.]qdawdasdsadada[.]icu,domain,IClickFix,ThreatFox,,,,0,100,2026-10-02 05:38:40 UTC,ThreatFox,
55,media,media,670069.icu,670069[.]icu,domain,IClickFix,ThreatFox,,,,0,100,2026-10-02 05:38:40 UTC,ThreatFox,
55,media,media,61105.icu,61105[.]icu,domain,IClickFix,ThreatFox,,,,0,100,2026-10-02 05:38:40 UTC,ThreatFox,
55,media,media,570qi-admiral-x.icu,570qi-admiral-x[.]icu,domain,IClickFix,ThreatFox,,,,0,100,2026-10-02 05:38:39 UTC,ThreatFox,
55,media,media,1wubqv.life,1wubqv[.]life,domain,IClickFix,ThreatFox,,,,0,100,2026-10-02 05:38:39 UTC,ThreatFox,
55,media,media,1wtugs.life,1wtugs[.]life,domain,IClickFix,ThreatFox,,,,0,100,2026-10-02 05:38:39 UTC,ThreatFox,
55,media,media,1wjwpo.life,1wjwpo[.]life,domain,IClickFix,ThreatFox,,,,0,100,2026-10-02 05:38:39 UTC,ThreatFox,
55,media,media,1whaiv.life,1whaiv[.]life,domain,IClickFix,ThreatFox,,,,0,100,2026-10-02 05:38:39 UTC,ThreatFox,
55,media,media,1wfeel.life,1wfeel[.]life,domain,IClickFix,ThreatFox,,,,0,100,2026-10-02 05:38:39 UTC,ThreatFox,
55,media,media,1warbe.life,1warbe[.]life,domain,IClickFix,ThreatFox,,,,0,100,2026-10-02 05:38:39 UTC,ThreatFox,
55,media,media,0r7u0-admiral-x.icu,0r7u0-admiral-x[.]icu,domain,IClickFix,ThreatFox,,,,0,100,2026-10-02 05:38:39 UTC,ThreatFox,
55,media,media,07827.icu,07827[.]icu,domain,IClickFix,ThreatFox,,,,0,100,2026-10-02 05:38:39 UTC,ThreatFox,
55,media,media,https://rehearsal-b.com/4qX0LB/tm/xZjo,hxxps://rehearsal-b[.]com/4qX0LB/tm/xZjo,url,IClickFix,ThreatFox,,,,0,100,2026-10-02 05:38:38 UTC,ThreatFox,
55,media,media,https://rehearsal-b.com/4qX0LB/tm/ysm6,hxxps://rehearsal-b[.]com/4qX0LB/tm/ysm6,url,IClickFix,ThreatFox,,,,0,100,2026-10-02 05:38:38 UTC,ThreatFox,
55,media,media,172.245.89.137:443,172[.]245[.]89[.]137:443,ip:port,magecart,ThreatFox,US,,0,0,100,2026-10-02 05:38:36 UTC,ThreatFox,
55,media,media,static-js.com,static-js[.]com,domain,magecart,ThreatFox,,,,0,100,2026-10-02 05:38:34 UTC,ThreatFox,
55,media,media,js-static.com,js-static[.]com,domain,magecart,ThreatFox,,,,0,100,2026-10-02 05:38:34 UTC,ThreatFox,
55,media,media,https://b8t.shop/bps,hxxps://b8t[.]shop/bps,url,magecart,ThreatFox,,,,0,100,2026-10-02 05:38:32 UTC,ThreatFox,
55,media,media,https://static-js.com/zens,hxxps://static-js[.]com/zens,url,magecart,ThreatFox,,,,0,100,2026-10-02 05:38:32 UTC,ThreatFox,
55,media,media,https://static-js.com/cg,hxxps://static-js[.]com/cg,url,magecart,ThreatFox,,,,0,100,2026-10-02 05:38:32 UTC,ThreatFox,
55,media,media,https://static-js.com/jmj,hxxps://static-js[.]com/jmj,url,magecart,ThreatFox,,,,0,100,2026-10-02 05:38:32 UTC,ThreatFox,
55,media,media,https://static-js.com/bps,hxxps://static-js[.]com/bps,url,magecart,ThreatFox,,,,0,100,2026-10-02 05:38:32 UTC,ThreatFox,
55,media,media,https://js-static.com/rbm,hxxps://js-static[.]com/rbm,url,magecart,ThreatFox,,,,0,100,2026-10-02 05:38:32 UTC,ThreatFox,
55,media,media,45.131.215.56:80,45[.]131[.]215[.]56:80,ip:port,IClickFix,ThreatFox,AT,,0,0,100,2026-10-02 05:38:30 UTC,ThreatFox,
55,media,media,185.196.8.142:443,185[.]196[.]8[.]142:443,ip:port,IClickFix,ThreatFox,CH,,0,0,100,2026-10-02 05:38:30 UTC,ThreatFox,
55,media,media,194.26.192.83:443,194[.]26[.]192[.]83:443,ip:port,IClickFix,ThreatFox,NL,,0,0,100,2026-10-02 05:38:30 UTC,ThreatFox,
55,media,media,193.233.201.114:443,193[.]233[.]201[.]114:443,ip:port,IClickFix,ThreatFox,AT,,0,0,100,2026-10-02 05:38:30 UTC,ThreatFox,
55,media,media,138.124.60.214:443,138[.]124[.]60[.]214:443,ip:port,IClickFix,ThreatFox,US,,0,0,100,2026-10-02 05:38:30 UTC,ThreatFox,
55,media,media,217.144.185.101:443,217[.]144[.]185[.]101:443,ip:port,IClickFix,ThreatFox,NL,,0,0,100,2026-10-02 05:38:30 UTC,ThreatFox,
55,media,media,https://rehearsal-b.com/4qX0LB/tm/rGnK,hxxps://rehearsal-b[.]com/4qX0LB/tm/rGnK,url,IClickFix,ThreatFox,,,,0,100,2026-10-02 05:38:03 UTC,ThreatFox,
55,media,media,http://103.229.53.84:8443/update.ps1,hxxp://103[.]229[.]53[.]84:8443/update[.]ps1,url,IClickFix,ThreatFox,,,,0,100,2026-10-02 05:38:03 UTC,ThreatFox,
55,media,media,http://45.131.215.56/8031e818c7a46?force=1,hxxp://45[.]131[.]215[.]56/8031e818c7a46?force=1,url,IClickFix,ThreatFox,,,,0,100,2026-10-02 05:38:03 UTC,ThreatFox,
55,media,media,https://gixxipi9823.life/t.js,hxxps://gixxipi9823[.]life/t[.]js,url,IClickFix,ThreatFox,,,,0,100,2026-10-02 05:22:57 UTC,ThreatFox,
55,media,media,https://cabskaiyn-crane.life/collect,hxxps://cabskaiyn-crane[.]life/collect,url,IClickFix,ThreatFox,,,,0,100,2026-10-02 05:22:57 UTC,ThreatFox,
55,media,media,https://cabskaiyn-crane.life/t.js,hxxps://cabskaiyn-crane[.]life/t[.]js,url,IClickFix,ThreatFox,,,,0,100,2026-10-02 05:22:56 UTC,ThreatFox,
55,media,media,https://stepbysteppi9.life/collect,hxxps://stepbysteppi9[.]life/collect,url,IClickFix,ThreatFox,,,,0,100,2026-10-02 05:22:56 UTC,ThreatFox,
55,media,media,https://stepbysteppi9.life/ext-b.8203a4e3ce1a.js,hxxps://stepbysteppi9[.]life/ext-b[.]8203a4e3ce1a[.]js,url,IClickFix,ThreatFox,,,,0,100,2026-10-02 05:22:56 UTC,ThreatFox,
55,media,media,https://stepbysteppi9.life/t.js,hxxps://stepbysteppi9[.]life/t[.]js,url,IClickFix,ThreatFox,,,,0,100,2026-10-02 05:22:56 UTC,ThreatFox,
55,media,media,https://krestmoais-reed.life/collect,hxxps://krestmoais-reed[.]life/collect,url,IClickFix,ThreatFox,,,,0,100,2026-10-02 05:22:56 UTC,ThreatFox,
55,media,media,https://krestmoais-reed.life/ext-b.b96ad0785c08.js,hxxps://krestmoais-reed[.]life/ext-b[.]b96ad0785c08[.]js,url,IClickFix,ThreatFox,,,,0,100,2026-10-02 05:22:56 UTC,ThreatFox,
55,media,media,https://krestmoais-reed.life/t.4b1009ff6c3f.js,hxxps://krestmoais-reed[.]life/t[.]4b1009ff6c3f[.]js,url,IClickFix,ThreatFox,,,,0,100,2026-10-02 05:22:56 UTC,ThreatFox,
55,media,media,https://krestmoais-reed.life/t.js,hxxps://krestmoais-reed[.]life/t[.]js,url,IClickFix,ThreatFox,,,,0,100,2026-10-02 05:22:56 UTC,ThreatFox,
55,media,media,https://ashen-trace-zephyr-draeix.life/collect,hxxps://ashen-trace-zephyr-draeix[.]life/collect,url,IClickFix,ThreatFox,,,,0,100,2026-10-02 05:22:56 UTC,ThreatFox,
55,media,media,https://ashen-trace-zephyr-draeix.life/ext-b.b96ad0785c08.js,hxxps://ashen-trace-zephyr-draeix[.]life/ext-b[.]b96ad0785c08[.]js,url,IClickFix,ThreatFox,,,,0,100,2026-10-02 05:22:56 UTC,ThreatFox,
55,media,media,https://ashen-trace-zephyr-draeix.life/t.4b1009ff6c3f.js,hxxps://ashen-trace-zephyr-draeix[.]life/t[.]4b1009ff6c3f[.]js,url,IClickFix,ThreatFox,,,,0,100,2026-10-02 05:22:56 UTC,ThreatFox,
55,media,media,https://ashen-trace-zephyr-draeix.life/t.js,hxxps://ashen-trace-zephyr-draeix[.]life/t[.]js,url,IClickFix,ThreatFox,,,,0,100,2026-10-02 05:22:56 UTC,ThreatFox,
55,media,media,https://mesa-braior-k3w3b.life/collect,hxxps://mesa-braior-k3w3b[.]life/collect,url,IClickFix,ThreatFox,,,,0,100,2026-10-02 05:22:56 UTC,ThreatFox,
55,media,media,https://mesa-braior-k3w3b.life/ext.fb58e796b418.js,hxxps://mesa-braior-k3w3b[.]life/ext[.]fb58e796b418[.]js,url,IClickFix,ThreatFox,,,,0,100,2026-10-02 05:22:56 UTC,ThreatFox,
55,media,media,https://mesa-braior-k3w3b.life/t.4b1009ff6c3f.js,hxxps://mesa-braior-k3w3b[.]life/t[.]4b1009ff6c3f[.]js,url,IClickFix,ThreatFox,,,,0,100,2026-10-02 05:22:56 UTC,ThreatFox,
55,media,media,https://mesa-braior-k3w3b.life/t.js,hxxps://mesa-braior-k3w3b[.]life/t[.]js,url,IClickFix,ThreatFox,,,,0,100,2026-10-02 05:22:56 UTC,ThreatFox,
55,media,media,https://sarp08.no/vcapcha.ps1,hxxps://sarp08[.]no/vcapcha[.]ps1,url,IClickFix,ThreatFox,,,,0,100,2026-10-02 05:22:30 UTC,ThreatFox,
55,media,media,http://93.152.223.30:5000/uploads/admin/stage2.ps1,hxxp://93[.]152[.]223[.]30:5000/uploads/admin/stage2[.]ps1,url,IClickFix,ThreatFox,,,,0,100,2026-10-02 05:22:30 UTC,ThreatFox,
55,media,media,http://103.229.53.84:8443/r.ps1,hxxp://103[.]229[.]53[.]84:8443/r[.]ps1,url,IClickFix,ThreatFox,,,,0,100,2026-10-02 05:22:30 UTC,ThreatFox,
55,media,media,http://91.92.240.104:7777/apexfurllc.top/chekwafrnd/Encrypted_Script.ps1,hxxp://91[.]92[.]240[.]104:7777/apexfurllc[.]top/chekwafrnd/Encrypted_Script[.]ps1,url,IClickFix,ThreatFox,,,,0,100,2026-10-02 05:22:30 UTC,ThreatFox,
55,media,media,http://out-agent.duckdns.org:49094/client.ps1,hxxp://out-agent[.]duckdns[.]org:49094/client[.]ps1,url,IClickFix,ThreatFox,,,,0,100,2026-10-02 05:22:30 UTC,ThreatFox,
55,media,media,https://abelmomaroc.com/wp-content/plugins/advanced-maximum-bar/assets/js/captcha-loader.js,hxxps://abelmomaroc[.]com/wp-content/plugins/advanced-maximum-bar/assets/js/captcha-loader[.]js,url,IClickFix,ThreatFox,,,,0,100,2026-10-02 05:22:30 UTC,ThreatFox,
55,media,media,http://sdoffice.com.br/wp-content/plugins/verify/proxy.php,hxxp://sdoffice[.]com[.]br/wp-content/plugins/verify/proxy[.]php,url,IClickFix,ThreatFox,,,,0,100,2026-10-02 05:22:30 UTC,ThreatFox,
55,media,critica,203.88.118.26:8080,203[.]88[.]118[.]26:8080,ip:port,AdaptixC2,ThreatFox,US,,0,0,100,2026-10-02 05:05:06 UTC,ThreatFox,
55,media,critica,203.88.118.26:80,203[.]88[.]118[.]26:80,ip:port,AdaptixC2,ThreatFox,US,,0,0,100,2026-10-02 05:05:06 UTC,ThreatFox,
55,media,critica,203.88.118.26:443,203[.]88[.]118[.]26:443,ip:port,AdaptixC2,ThreatFox,US,,0,0,100,2026-10-02 05:05:05 UTC,ThreatFox,
55,media,critica,185.33.86.141:8080,185[.]33[.]86[.]141:8080,ip:port,AdaptixC2,ThreatFox,US,,0,0,100,2026-10-02 05:05:04 UTC,ThreatFox,
55,media,alta,https://zu.332toto.net/,hxxps://zu[.]332toto[.]net/,url,Vidar,ThreatFox,,1/92,,0,100,2026-10-02 04:55:48 UTC,ThreatFox,
55,media,alta,zu.332toto.net,zu[.]332toto[.]net,domain,Vidar,ThreatFox,,1/91,,0,100,2026-10-02 04:55:48 UTC,ThreatFox,
55,media,alta,https://zu.369jk.org/,hxxps://zu[.]369jk[.]org/,url,Vidar,ThreatFox,,1/92,,0,100,2026-10-02 04:55:48 UTC,ThreatFox,
55,media,alta,zu.369jk.org,zu[.]369jk[.]org,domain,Vidar,ThreatFox,,1/91,,0,100,2026-10-02 04:55:48 UTC,ThreatFox,
55,media,media,111.170.148.132:15675,111[.]170[.]148[.]132:15675,ip:port,Unknown malware,ThreatFox,CN,,0,0,100,2026-10-02 03:05:04 UTC,ThreatFox,
55,media,media,111.170.148.132:15674,111[.]170[.]148[.]132:15674,ip:port,Unknown malware,ThreatFox,CN,,0,0,100,2026-10-02 03:05:04 UTC,ThreatFox,
55,media,media,111.170.148.132:5673,111[.]170[.]148[.]132:5673,ip:port,Unknown malware,ThreatFox,CN,,0,0,100,2026-10-02 03:05:03 UTC,ThreatFox,
55,media,media,http://103.59.134.98/Photo.scr,hxxp://103[.]59[.]134[.]98/Photo[.]scr,url,Coinminer,ThreatFox,,,,0,100,2026-10-02 02:44:40 UTC,ThreatFox,
55,media,alta,s2aqpx7u.succeswithpaul.com,s2aqpx7u[.]succeswithpaul[.]com,domain,ClearFake,ThreatFox,,,,0,100,2026-10-02 02:07:27 UTC,ThreatFox,
55,media,media,148.66.17.125:60001,148[.]66[.]17[.]125:60001,ip:port,VShell,ThreatFox,HK,,0,0,100,2026-10-02 02:05:07 UTC,ThreatFox,
55,media,media,148.66.17.124:60001,148[.]66[.]17[.]124:60001,ip:port,VShell,ThreatFox,HK,,0,0,100,2026-10-02 02:05:06 UTC,ThreatFox,
55,media,media,148.66.17.123:60001,148[.]66[.]17[.]123:60001,ip:port,VShell,ThreatFox,HK,,0,0,100,2026-10-02 02:05:06 UTC,ThreatFox,
55,media,media,134.175.125.204:8084,134[.]175[.]125[.]204:8084,ip:port,VShell,ThreatFox,CN,,0,0,100,2026-10-02 02:05:04 UTC,ThreatFox,
55,media,alta,f833rk27.techvigilante.com,f833rk27[.]techvigilante[.]com,domain,ClearFake,ThreatFox,,,,0,100,2026-10-02 01:54:34 UTC,ThreatFox,
55,media,alta,h0pjwrll.wignalllindor.wiki,h0pjwrll[.]wignalllindor[.]wiki,domain,ClearFake,ThreatFox,,,,0,100,2026-10-02 01:43:22 UTC,ThreatFox,
55,media,media,45.136.14.91:110,45[.]136[.]14[.]91:110,ip:port,VShell,ThreatFox,HK,,0,0,100,2026-10-02 01:05:05 UTC,ThreatFox,
55,media,alta,f0b55c610b42dfe509e5f4adb17e2505c13e732a903cec6bfecff19d11a088b8,f0b55c610b42dfe509e5f4adb17e2505c13e732a903cec6bfecff19d11a088b8,sha256_hash,Mirai,ThreatFox,,,,0,100,2026-10-02 00:46:08 UTC,ThreatFox,
55,media,alta,f866fcae6a7bd70de5d52d1c798c566e8ba4ae4319f475ccd4f22f08741efdd5,f866fcae6a7bd70de5d52d1c798c566e8ba4ae4319f475ccd4f22f08741efdd5,sha256_hash,Mirai,ThreatFox,,,,0,100,2026-10-02 00:46:06 UTC,ThreatFox,
55,media,alta,6f5ac28130a03271154d0b88267d835bb4ccbbf7a3009111d2d5c78d7043aac8,6f5ac28130a03271154d0b88267d835bb4ccbbf7a3009111d2d5c78d7043aac8,sha256_hash,Mirai,ThreatFox,,,,0,100,2026-10-02 00:46:05 UTC,ThreatFox,
55,media,alta,b187acf97f1b6920f2831caff4e4f3ede02cfeec6d67751788b48258d92dd6a6,b187acf97f1b6920f2831caff4e4f3ede02cfeec6d67751788b48258d92dd6a6,sha256_hash,Mirai,ThreatFox,,,,0,100,2026-10-02 00:46:04 UTC,ThreatFox,
55,media,media,zomabeauty.com.au,zomabeauty[.]com[.]au,domain,IClickFix,ThreatFox,,,,0,100,2026-10-01 23:46:24 UTC,ThreatFox,
55,media,media,williamliggett.com,williamliggett[.]com,domain,IClickFix,ThreatFox,,,,0,100,2026-10-01 23:46:24 UTC,ThreatFox,
55,media,media,website.smaywka.sch.id,website[.]smaywka[.]sch[.]id,domain,IClickFix,ThreatFox,,,,0,100,2026-10-01 23:46:24 UTC,ThreatFox,
55,media,media,webfeenix.com,webfeenix[.]com,domain,IClickFix,ThreatFox,,,,0,100,2026-10-01 23:46:23 UTC,ThreatFox,
55,media,media,wavetek.fr,wavetek[.]fr,domain,IClickFix,ThreatFox,,,,0,100,2026-10-01 23:46:23 UTC,ThreatFox,
55,media,media,vosgi.in,vosgi[.]in,domain,IClickFix,ThreatFox,,,,0,100,2026-10-01 23:46:23 UTC,ThreatFox,
55,media,media,sweetdreamreborn.store,sweetdreamreborn[.]store,domain,IClickFix,ThreatFox,,,,0,100,2026-10-01 23:46:23 UTC,ThreatFox,
55,media,media,spirakiservice.gr,spirakiservice[.]gr,domain,IClickFix,ThreatFox,,,,0,100,2026-10-01 23:46:23 UTC,ThreatFox,
55,media,media,smkdbcld28.sch.id,smkdbcld28[.]sch[.]id,domain,IClickFix,ThreatFox,,,,0,100,2026-10-01 23:46:23 UTC,ThreatFox,
55,media,media,serviciotecnicograncanaria.es,serviciotecnicograncanaria[.]es,domain,IClickFix,ThreatFox,,,,0,100,2026-10-01 23:46:23 UTC,ThreatFox,
55,media,media,rubbercompressionrepair.com,rubbercompressionrepair[.]com,domain,IClickFix,ThreatFox,,,,0,100,2026-10-01 23:46:23 UTC,ThreatFox,
55,media,media,reclaimmypcpclaim.co.uk,reclaimmypcpclaim[.]co[.]uk,domain,IClickFix,ThreatFox,,,,0,100,2026-10-01 23:46:23 UTC,ThreatFox,
55,media,media,rapidservices.es,rapidservices[.]es,domain,IClickFix,ThreatFox,,,,0,100,2026-10-01 23:46:23 UTC,ThreatFox,
55,media,media,ptgrandprincipalmandiri.net,ptgrandprincipalmandiri[.]net,domain,IClickFix,ThreatFox,,,,0,100,2026-10-01 23:46:23 UTC,ThreatFox,
55,media,media,prazofinal.com,prazofinal[.]com,domain,IClickFix,ThreatFox,,,,0,100,2026-10-01 23:46:23 UTC,ThreatFox,
55,media,media,nicoledonnellyspeaks.com,nicoledonnellyspeaks[.]com,domain,IClickFix,ThreatFox,,,,0,100,2026-10-01 23:46:23 UTC,ThreatFox,
55,media,media,newswiregujarat.com,newswiregujarat[.]com,domain,IClickFix,ThreatFox,,,,0,100,2026-10-01 23:46:23 UTC,ThreatFox,
55,media,media,mifalliterasi.com,mifalliterasi[.]com,domain,IClickFix,ThreatFox,,,,0,100,2026-10-01 23:46:23 UTC,ThreatFox,
55,media,media,matikconsulting.com,matikconsulting[.]com,domain,IClickFix,ThreatFox,,,,0,100,2026-10-01 23:46:23 UTC,ThreatFox,
55,media,media,luidemorais.com,luidemorais[.]com,domain,IClickFix,ThreatFox,,,,0,100,2026-10-01 23:46:23 UTC,ThreatFox,
55,media,media,lifechampionmastery.com,lifechampionmastery[.]com,domain,IClickFix,ThreatFox,,,,0,100,2026-10-01 23:46:23 UTC,ThreatFox,
55,media,media,istanablock.com,istanablock[.]com,domain,IClickFix,ThreatFox,,,,0,100,2026-10-01 23:46:23 UTC,ThreatFox,
55,media,media,irricampo.com.br,irricampo[.]com[.]br,domain,IClickFix,ThreatFox,,,,0,100,2026-10-01 23:46:23 UTC,ThreatFox,
55,media,media,incele.web.tr,incele[.]web[.]tr,domain,IClickFix,ThreatFox,,,,0,100,2026-10-01 23:46:23 UTC,ThreatFox,
55,media,media,houstonacrepairservice.com,houstonacrepairservice[.]com,domain,IClickFix,ThreatFox,,,,0,100,2026-10-01 23:46:22 UTC,ThreatFox,
55,media,media,hoteldianajogja.com,hoteldianajogja[.]com,domain,IClickFix,ThreatFox,,,,0,100,2026-10-01 23:46:22 UTC,ThreatFox,
55,media,media,henfactory.com,henfactory[.]com,domain,IClickFix,ThreatFox,,,,0,100,2026-10-01 23:46:22 UTC,ThreatFox,
55,media,media,healthandwellnesssport.com,healthandwellnesssport[.]com,domain,IClickFix,ThreatFox,,,,0,100,2026-10-01 23:46:22 UTC,ThreatFox,
55,media,media,givinghandstanzania.com,givinghandstanzania[.]com,domain,IClickFix,ThreatFox,,,,0,100,2026-10-01 23:46:22 UTC,ThreatFox,
55,media,media,forteristorante.com,forteristorante[.]com,domain,IClickFix,ThreatFox,,,,0,100,2026-10-01 23:46:22 UTC,ThreatFox,
55,media,media,fatbirdnyc.com,fatbirdnyc[.]com,domain,IClickFix,ThreatFox,,,,0,100,2026-10-01 23:46:22 UTC,ThreatFox,
55,media,media,dwsdumpsters.com,dwsdumpsters[.]com,domain,IClickFix,ThreatFox,,,,0,100,2026-10-01 23:46:22 UTC,ThreatFox,
55,media,media,dermaglowla.com,dermaglowla[.]com,domain,IClickFix,ThreatFox,,,,0,100,2026-10-01 23:46:22 UTC,ThreatFox,
55,media,media,comfortcareconsultants.org,comfortcareconsultants[.]org,domain,IClickFix,ThreatFox,,,,0,100,2026-10-01 23:46:22 UTC,ThreatFox,
55,media,media,claycowanbooks.com,claycowanbooks[.]com,domain,IClickFix,ThreatFox,,,,0,100,2026-10-01 23:46:22 UTC,ThreatFox,
55,media,media,bikinjingle.com,bikinjingle[.]com,domain,IClickFix,ThreatFox,,,,0,100,2026-10-01 23:46:22 UTC,ThreatFox,
55,media,media,argagordyn.com,argagordyn[.]com,domain,IClickFix,ThreatFox,,,,0,100,2026-10-01 23:46:22 UTC,ThreatFox,
55,media,media,agrosefac.com.ar,agrosefac[.]com[.]ar,domain,IClickFix,ThreatFox,,,,0,100,2026-10-01 23:46:22 UTC,ThreatFox,
55,media,media,aderent.ro,aderent[.]ro,domain,IClickFix,ThreatFox,,,,0,100,2026-10-01 23:46:22 UTC,ThreatFox,
55,media,media,acceltalentgroup.com,acceltalentgroup[.]com,domain,IClickFix,ThreatFox,,,,0,100,2026-10-01 23:46:22 UTC,ThreatFox,
55,media,media,24x7remediation.com,24x7remediation[.]com,domain,IClickFix,ThreatFox,,,,0,100,2026-10-01 23:46:22 UTC,ThreatFox,
55,media,media,solar-glide-moss-luon.top,solar-glide-moss-luon[.]top,domain,IClickFix,ThreatFox,,,,0,100,2026-10-01 23:21:26 UTC,ThreatFox,
55,media,media,amber-weave-otter-luor.pro,amber-weave-otter-luor[.]pro,domain,IClickFix,ThreatFox,,,,0,100,2026-10-01 23:21:26 UTC,ThreatFox,
55,media,media,noasdoastrien.top,noasdoastrien[.]top,domain,IClickFix,ThreatFox,,,,0,100,2026-10-01 23:21:26 UTC,ThreatFox,
55,media,media,windowanddoorcentrenortheast.com,windowanddoorcentrenortheast[.]com,domain,IClickFix,ThreatFox,,,,0,100,2026-10-01 22:56:57 UTC,ThreatFox,
55,media,media,wenaxe.com,wenaxe[.]com,domain,IClickFix,ThreatFox,,,,0,100,2026-10-01 22:56:57 UTC,ThreatFox,
55,media,media,vanishvale.com,vanishvale[.]com,domain,IClickFix,ThreatFox,,,,0,100,2026-10-01 22:56:57 UTC,ThreatFox,
55,media,media,turismonorte.com.ar,turismonorte[.]com[.]ar,domain,IClickFix,ThreatFox,,,,0,100,2026-10-01 22:56:57 UTC,ThreatFox,
55,media,media,trippydive.com,trippydive[.]com,domain,IClickFix,ThreatFox,,,,0,100,2026-10-01 22:56:57 UTC,ThreatFox,
55,media,media,teknowgroup.com.lb,teknowgroup[.]com[.]lb,domain,IClickFix,ThreatFox,,,,0,100,2026-10-01 22:56:57 UTC,ThreatFox,
55,media,media,snitchbd.com,snitchbd[.]com,domain,IClickFix,ThreatFox,,,,0,100,2026-10-01 22:56:57 UTC,ThreatFox,
55,media,media,sexshoplolita.es,sexshoplolita[.]es,domain,IClickFix,ThreatFox,,,,0,100,2026-10-01 22:56:57 UTC,ThreatFox,
55,media,media,readingteacher.com,readingteacher[.]com,domain,IClickFix,ThreatFox,,,,0,100,2026-10-01 22:56:57 UTC,ThreatFox,
55,media,media,prayagiasacademy.com,prayagiasacademy[.]com,domain,IClickFix,ThreatFox,,,,0,100,2026-10-01 22:56:57 UTC,ThreatFox,
55,media,media,physio-benecke.de,physio-benecke[.]de,domain,IClickFix,ThreatFox,,,,0,100,2026-10-01 22:56:57 UTC,ThreatFox,
55,media,media,norteya.com.ar,norteya[.]com[.]ar,domain,IClickFix,ThreatFox,,,,0,100,2026-10-01 22:56:57 UTC,ThreatFox,
55,media,media,nelan.com.pe,nelan[.]com[.]pe,domain,IClickFix,ThreatFox,,,,0,100,2026-10-01 22:56:57 UTC,ThreatFox,
55,media,media,mytravelguia.com,mytravelguia[.]com,domain,IClickFix,ThreatFox,,,,0,100,2026-10-01 22:56:57 UTC,ThreatFox,
55,media,media,mysmartoh.com,mysmartoh[.]com,domain,IClickFix,ThreatFox,,,,0,100,2026-10-01 22:56:57 UTC,ThreatFox,
55,media,media,mimosarootusa.com,mimosarootusa[.]com,domain,IClickFix,ThreatFox,,,,0,100,2026-10-01 22:56:57 UTC,ThreatFox,
55,media,media,megahavalandirma.com,megahavalandirma[.]com,domain,IClickFix,ThreatFox,,,,0,100,2026-10-01 22:56:57 UTC,ThreatFox,
55,media,media,mahongrentalmotor.com,mahongrentalmotor[.]com,domain,IClickFix,ThreatFox,,,,0,100,2026-10-01 22:56:57 UTC,ThreatFox,
55,media,media,loyaltyaviation.com,loyaltyaviation[.]com,domain,IClickFix,ThreatFox,,,,0,100,2026-10-01 22:56:57 UTC,ThreatFox,
55,media,media,kyosotechltd.co.uk,kyosotechltd[.]co[.]uk,domain,IClickFix,ThreatFox,,,,0,100,2026-10-01 22:56:57 UTC,ThreatFox,
55,media,media,kavemeres.hu,kavemeres[.]hu,domain,IClickFix,ThreatFox,,,,0,100,2026-10-01 22:56:57 UTC,ThreatFox,
55,media,media,junkcarscafe.com,junkcarscafe[.]com,domain,IClickFix,ThreatFox,,,,0,100,2026-10-01 22:56:57 UTC,ThreatFox,
55,media,media,jorgealderete.com,jorgealderete[.]com,domain,IClickFix,ThreatFox,,,,0,100,2026-10-01 22:56:57 UTC,ThreatFox,
55,media,media,idyeahcentral.com,idyeahcentral[.]com,domain,IClickFix,ThreatFox,,,,0,100,2026-10-01 22:56:56 UTC,ThreatFox,
55,media,media,houtadvising.com,houtadvising[.]com,domain,IClickFix,ThreatFox,,,,0,100,2026-10-01 22:56:56 UTC,ThreatFox,
55,media,media,halltek.com.br,halltek[.]com[.]br,domain,IClickFix,ThreatFox,,,,0,100,2026-10-01 22:56:56 UTC,ThreatFox,
55,media,media,grupoartek.com,grupoartek[.]com,domain,IClickFix,ThreatFox,,,,0,100,2026-10-01 22:56:56 UTC,ThreatFox,
55,media,media,fjawda.com,fjawda[.]com,domain,IClickFix,ThreatFox,,,,0,100,2026-10-01 22:56:56 UTC,ThreatFox,
55,media,media,firizky.my.id,firizky[.]my[.]id,domain,IClickFix,ThreatFox,,,,0,100,2026-10-01 22:56:56 UTC,ThreatFox,
55,media,media,firedoormaintenance.com.au,firedoormaintenance[.]com[.]au,domain,IClickFix,ThreatFox,,,,0,100,2026-10-01 22:56:56 UTC,ThreatFox,
55,media,media,eclectic-entertaining.com,eclectic-entertaining[.]com,domain,IClickFix,ThreatFox,,,,0,100,2026-10-01 22:56:56 UTC,ThreatFox,
55,media,media,ebiketuneupdenver.com,ebiketuneupdenver[.]com,domain,IClickFix,ThreatFox,,,,0,100,2026-10-01 22:56:56 UTC,ThreatFox,
55,media,media,e-alshifaa.com,e-alshifaa[.]com,domain,IClickFix,ThreatFox,,,,0,100,2026-10-01 22:56:56 UTC,ThreatFox,
55,media,media,dmtvapepenshop.com,dmtvapepenshop[.]com,domain,IClickFix,ThreatFox,,,,0,100,2026-10-01 22:56:56 UTC,ThreatFox,
55,media,media,dmtvapefarm.com,dmtvapefarm[.]com,domain,IClickFix,ThreatFox,,,,0,100,2026-10-01 22:56:56 UTC,ThreatFox,
55,media,media,cnadl.ro,cnadl[.]ro,domain,IClickFix,ThreatFox,,,,0,100,2026-10-01 22:56:56 UTC,ThreatFox,
55,media,media,clinicamasbermejo.com,clinicamasbermejo[.]com,domain,IClickFix,ThreatFox,,,,0,100,2026-10-01 22:56:56 UTC,ThreatFox,
55,media,media,cgageauthor.com,cgageauthor[.]com,domain,IClickFix,ThreatFox,,,,0,100,2026-10-01 22:56:56 UTC,ThreatFox,
55,media,media,blueboox.com,blueboox[.]com,domain,IClickFix,ThreatFox,,,,0,100,2026-10-01 22:56:56 UTC,ThreatFox,
55,media,media,autoescuelacalderon.com,autoescuelacalderon[.]com,domain,IClickFix,ThreatFox,,,,0,100,2026-10-01 22:56:56 UTC,ThreatFox,
55,media,media,andrewcheapcars.com,andrewcheapcars[.]com,domain,IClickFix,ThreatFox,,,,0,100,2026-10-01 22:56:56 UTC,ThreatFox,
55,media,media,algem.org,algem[.]org,domain,IClickFix,ThreatFox,,,,0,100,2026-10-01 22:56:56 UTC,ThreatFox,
55,media,media,albucor.com,albucor[.]com,domain,IClickFix,ThreatFox,,,,0,100,2026-10-01 22:56:56 UTC,ThreatFox,
55,media,media,achmatim.net,achmatim[.]net,domain,IClickFix,ThreatFox,,,,0,100,2026-10-01 22:56:56 UTC,ThreatFox,
55,media,media,55consulting.com,55consulting[.]com,domain,IClickFix,ThreatFox,,,,0,100,2026-10-01 22:56:55 UTC,ThreatFox,
55,media,alta,e33c374022736ffd062776b005e1d9666e73c580dc0c3b26921c9ac75e7b7207,e33c374022736ffd062776b005e1d9666e73c580dc0c3b26921c9ac75e7b7207,sha256_hash,Mirai,ThreatFox,,,,0,100,2026-10-01 22:38:33 UTC,ThreatFox,
55,media,media,zumio.pl,zumio[.]pl,domain,IClickFix,ThreatFox,,0/91,,0,100,2026-10-01 22:04:07 UTC,ThreatFox,
55,media,media,zumaya.mx,zumaya[.]mx,domain,IClickFix,ThreatFox,,1/91,,0,100,2026-10-01 22:04:07 UTC,ThreatFox,
55,media,media,znaktowarowy.com,znaktowarowy[.]com,domain,IClickFix,ThreatFox,,0/91,,0,100,2026-10-01 22:04:07 UTC,ThreatFox,
55,media,media,ziemons-shk.de,ziemons-shk[.]de,domain,IClickFix,ThreatFox,,0/91,,0,100,2026-10-01 22:04:07 UTC,ThreatFox,
55,media,media,zepolsales.com,zepolsales[.]com,domain,IClickFix,ThreatFox,,0/91,,0,100,2026-10-01 22:04:07 UTC,ThreatFox,
55,media,media,zealstech.site,zealstech[.]site,domain,IClickFix,ThreatFox,,0/91,,0,100,2026-10-01 22:04:07 UTC,ThreatFox,
55,media,media,zahnarzt-baradaran.de,zahnarzt-baradaran[.]de,domain,IClickFix,ThreatFox,,0/91,,0,100,2026-10-01 22:04:07 UTC,ThreatFox,
55,media,media,zagrebnews.hr,zagrebnews[.]hr,domain,IClickFix,ThreatFox,,0/91,,0,100,2026-10-01 22:04:07 UTC,ThreatFox,
55,media,media,zaeemtravels.com,zaeemtravels[.]com,domain,IClickFix,ThreatFox,,0/91,,0,100,2026-10-01 22:04:07 UTC,ThreatFox,
55,media,media,youth4africa.org,youth4africa[.]org,domain,IClickFix,ThreatFox,,0/91,,0,100,2026-10-01 22:04:07 UTC,ThreatFox,
55,media,media,yegoyogarwanda.com,yegoyogarwanda[.]com,domain,IClickFix,ThreatFox,,0/91,,0,100,2026-10-01 22:04:07 UTC,ThreatFox,
55,media,media,yameneekhalta.com,yameneekhalta[.]com,domain,IClickFix,ThreatFox,,0/91,,0,100,2026-10-01 22:04:07 UTC,ThreatFox,
55,media,media,wuzzhosting.com,wuzzhosting[.]com,domain,IClickFix,ThreatFox,,0/91,,0,100,2026-10-01 22:04:07 UTC,ThreatFox,
55,media,media,wtf-info.com,wtf-info[.]com,domain,IClickFix,ThreatFox,,0/91,,0,100,2026-10-01 22:04:07 UTC,ThreatFox,
55,media,media,wishindopratamaabadi.com,wishindopratamaabadi[.]com,domain,IClickFix,ThreatFox,,0/91,,0,100,2026-10-01 22:04:07 UTC,ThreatFox,
55,media,media,wildlifesafariinindia.com,wildlifesafariinindia[.]com,domain,IClickFix,ThreatFox,,0/91,,0,100,2026-10-01 22:04:06 UTC,ThreatFox,
55,media,media,whiskies.hk,whiskies[.]hk,domain,IClickFix,ThreatFox,,0/91,,0,100,2026-10-01 22:04:06 UTC,ThreatFox,
55,media,media,waterplasticfree.com,waterplasticfree[.]com,domain,IClickFix,ThreatFox,,0/91,,0,100,2026-10-01 22:04:06 UTC,ThreatFox,
55,media,media,volantecars.pl,volantecars[.]pl,domain,IClickFix,ThreatFox,,0/91,,0,100,2026-10-01 22:04:06 UTC,ThreatFox,
55,media,media,vivianreyes.com,vivianreyes[.]com,domain,IClickFix,ThreatFox,,0/91,,0,100,2026-10-01 22:04:06 UTC,ThreatFox,
55,media,media,villaluzeco.info,villaluzeco[.]info,domain,IClickFix,ThreatFox,,0/91,,0,100,2026-10-01 22:04:06 UTC,ThreatFox,
55,media,media,vidyajagat.com,vidyajagat[.]com,domain,IClickFix,ThreatFox,,0/91,,0,100,2026-10-01 22:04:06 UTC,ThreatFox,
55,media,media,victormendoza.com,victormendoza[.]com,domain,IClickFix,ThreatFox,,1/91,,0,100,2026-10-01 22:04:06 UTC,ThreatFox,
55,media,media,vicentinadvogados.adv.br,vicentinadvogados[.]adv[.]br,domain,IClickFix,ThreatFox,,0/91,,0,100,2026-10-01 22:04:06 UTC,ThreatFox,
55,media,media,veramedgroup.com,veramedgroup[.]com,domain,IClickFix,ThreatFox,,0/91,,0,100,2026-10-01 22:04:06 UTC,ThreatFox,
55,media,media,venim.it,venim[.]it,domain,IClickFix,ThreatFox,,0/91,,0,100,2026-10-01 22:04:06 UTC,ThreatFox,
55,media,media,validaciondeinstrumentos.com,validaciondeinstrumentos[.]com,domain,IClickFix,ThreatFox,,0/91,,0,100,2026-10-01 22:04:06 UTC,ThreatFox,
55,media,media,uno.arq.br,uno[.]arq[.]br,domain,IClickFix,ThreatFox,,1/91,,0,100,2026-10-01 22:04:06 UTC,ThreatFox,
55,media,media,uniprosa.com.br,uniprosa[.]com[.]br,domain,IClickFix,ThreatFox,,0/91,,0,100,2026-10-01 22:04:06 UTC,ThreatFox,
55,media,media,ultratrijumfvijesti.info,ultratrijumfvijesti[.]info,domain,IClickFix,ThreatFox,,0/91,,0,100,2026-10-01 22:04:06 UTC,ThreatFox,
55,media,media,udruzenjetekstilnihskola.org.rs,udruzenjetekstilnihskola[.]org[.]rs,domain,IClickFix,ThreatFox,,0/91,,0,100,2026-10-01 22:04:06 UTC,ThreatFox,
55,media,media,tuviart.com,tuviart[.]com,domain,IClickFix,ThreatFox,,0/91,,0,100,2026-10-01 22:04:06 UTC,ThreatFox,
55,media,media,turismotravesiarukamanque.cl,turismotravesiarukamanque[.]cl,domain,IClickFix,ThreatFox,,0/91,,0,100,2026-10-01 22:04:06 UTC,ThreatFox,
55,media,media,tubateria24h.com,tubateria24h[.]com,domain,IClickFix,ThreatFox,,0/91,,0,100,2026-10-01 22:04:06 UTC,ThreatFox,
55,media,media,tropicimpex.net,tropicimpex[.]net,domain,IClickFix,ThreatFox,,0/91,,0,100,2026-10-01 22:04:06 UTC,ThreatFox,
55,media,media,trmiles-spiritualcoaching.com,trmiles-spiritualcoaching[.]com,domain,IClickFix,ThreatFox,,,,0,100,2026-10-01 22:04:05 UTC,ThreatFox,
55,media,media,trilexsecurity.com,trilexsecurity[.]com,domain,IClickFix,ThreatFox,,,,0,100,2026-10-01 22:04:05 UTC,ThreatFox,
55,media,media,travelista.it,travelista[.]it,domain,IClickFix,ThreatFox,,,,0,100,2026-10-01 22:04:05 UTC,ThreatFox,
55,media,media,travelclinicceredigion.co.uk,travelclinicceredigion[.]co[.]uk,domain,IClickFix,ThreatFox,,,,0,100,2026-10-01 22:04:05 UTC,ThreatFox,
55,media,media,travel2africadmc.com,travel2africadmc[.]com,domain,IClickFix,ThreatFox,,,,0,100,2026-10-01 22:04:05 UTC,ThreatFox,
55,media,media,transportesbc.com.br,transportesbc[.]com[.]br,domain,IClickFix,ThreatFox,,,,0,100,2026-10-01 22:04:05 UTC,ThreatFox,
55,media,media,tourisminbarcelona.com,tourisminbarcelona[.]com,domain,IClickFix,ThreatFox,,,,0,100,2026-10-01 22:04:05 UTC,ThreatFox,
55,media,media,torpedine.it,torpedine[.]it,domain,IClickFix,ThreatFox,,,,0,100,2026-10-01 22:04:05 UTC,ThreatFox,
55,media,media,toolsguidance.com,toolsguidance[.]com,domain,IClickFix,ThreatFox,,,,0,100,2026-10-01 22:04:05 UTC,ThreatFox,
55,media,media,tomowell2020.com,tomowell2020[.]com,domain,IClickFix,ThreatFox,,,,0,100,2026-10-01 22:04:05 UTC,ThreatFox,
55,media,media,tokfrioarcondicionado.com.br,tokfrioarcondicionado[.]com[.]br,domain,IClickFix,ThreatFox,,,,0,100,2026-10-01 22:04:05 UTC,ThreatFox,
55,media,media,tmrautofficina.it,tmrautofficina[.]it,domain,IClickFix,ThreatFox,,,,0,100,2026-10-01 22:04:05 UTC,ThreatFox,
55,media,media,timeline.crossmarks.nl,timeline[.]crossmarks[.]nl,domain,IClickFix,ThreatFox,,,,0,100,2026-10-01 22:04:05 UTC,ThreatFox,
55,media,media,timelapsecafe.com,timelapsecafe[.]com,domain,IClickFix,ThreatFox,,,,0,100,2026-10-01 22:04:05 UTC,ThreatFox,
55,media,media,thewombstory.com,thewombstory[.]com,domain,IClickFix,ThreatFox,,,,0,100,2026-10-01 22:04:05 UTC,ThreatFox,
55,media,media,thevirtualpm.org,thevirtualpm[.]org,domain,IClickFix,ThreatFox,,,,0,100,2026-10-01 22:04:05 UTC,ThreatFox,
55,media,media,therightchairs.com,therightchairs[.]com,domain,IClickFix,ThreatFox,,,,0,100,2026-10-01 22:04:05 UTC,ThreatFox,
55,media,media,theozonecompany.co.za,theozonecompany[.]co[.]za,domain,IClickFix,ThreatFox,,,,0,100,2026-10-01 22:04:05 UTC,ThreatFox,
55,media,media,theconnectiontc.com,theconnectiontc[.]com,domain,IClickFix,ThreatFox,,,,0,100,2026-10-01 22:04:05 UTC,ThreatFox,
55,media,media,thebilliardbrothers.com,thebilliardbrothers[.]com,domain,IClickFix,ThreatFox,,0/91,,0,100,2026-10-01 22:04:05 UTC,ThreatFox,
55,media,media,thebest4d.com,thebest4d[.]com,domain,IClickFix,ThreatFox,,,,0,100,2026-10-01 22:04:04 UTC,ThreatFox,
55,media,media,termoidraulicamaestrini.it,termoidraulicamaestrini[.]it,domain,IClickFix,ThreatFox,,,,0,100,2026-10-01 22:04:04 UTC,ThreatFox,
55,media,media,temaeditorial.com.br,temaeditorial[.]com[.]br,domain,IClickFix,ThreatFox,,,,0,100,2026-10-01 22:04:04 UTC,ThreatFox,
55,media,media,tech4us.pl,tech4us[.]pl,domain,IClickFix,ThreatFox,,,,0,100,2026-10-01 22:04:04 UTC,ThreatFox,
55,media,media,tbcitdepot.com,tbcitdepot[.]com,domain,IClickFix,ThreatFox,,,,0,100,2026-10-01 22:04:04 UTC,ThreatFox,
55,media,media,tawatson.com,tawatson[.]com,domain,IClickFix,ThreatFox,,,,0,100,2026-10-01 22:04:04 UTC,ThreatFox,
55,media,media,tapajossolar.com.br,tapajossolar[.]com[.]br,domain,IClickFix,ThreatFox,,,,0,100,2026-10-01 22:04:04 UTC,ThreatFox,
55,media,media,tampabaylawnservice.com,tampabaylawnservice[.]com,domain,IClickFix,ThreatFox,,,,0,100,2026-10-01 22:04:04 UTC,ThreatFox,
55,media,media,szoketiszahe.hu,szoketiszahe[.]hu,domain,IClickFix,ThreatFox,,,,0,100,2026-10-01 22:04:04 UTC,ThreatFox,
55,media,media,suzunao-shoji.co.jp,suzunao-shoji[.]co[.]jp,domain,IClickFix,ThreatFox,,,,0,100,2026-10-01 22:04:04 UTC,ThreatFox,
55,media,media,sundasaziz.com,sundasaziz[.]com,domain,IClickFix,ThreatFox,,,,0,100,2026-10-01 22:04:04 UTC,ThreatFox,
55,media,media,suministroelectrico.com.mx,suministroelectrico[.]com[.]mx,domain,IClickFix,ThreatFox,,,,0,100,2026-10-01 22:04:04 UTC,ThreatFox,
55,media,media,sugarcloud-digital.com,sugarcloud-digital[.]com,domain,IClickFix,ThreatFox,,,,0,100,2026-10-01 22:04:04 UTC,ThreatFox,
55,media,media,studiosportlab.it,studiosportlab[.]it,domain,IClickFix,ThreatFox,,,,0,100,2026-10-01 22:04:04 UTC,ThreatFox,
55,media,media,studiooculisticorivetti.it,studiooculisticorivetti[.]it,domain,IClickFix,ThreatFox,,,,0,100,2026-10-01 22:04:04 UTC,ThreatFox,
55,media,media,studiolegalegarosi.it,studiolegalegarosi[.]it,domain,IClickFix,ThreatFox,,,,0,100,2026-10-01 22:04:04 UTC,ThreatFox,
55,media,media,studio7dance.co.uk,studio7dance[.]co[.]uk,domain,IClickFix,ThreatFox,,,,0,100,2026-10-01 22:04:04 UTC,ThreatFox,
55,media,media,studio-salazar.com,studio-salazar[.]com,domain,IClickFix,ThreatFox,,,,0,100,2026-10-01 22:04:04 UTC,ThreatFox,
55,media,media,strongmediainc.com,strongmediainc[.]com,domain,IClickFix,ThreatFox,,,,0,100,2026-10-01 22:04:04 UTC,ThreatFox,
55,media,media,strikeforcetire.com,strikeforcetire[.]com,domain,IClickFix,ThreatFox,,,,0,100,2026-10-01 22:04:04 UTC,ThreatFox,
55,media,media,stomatologiejandl.cz,stomatologiejandl[.]cz,domain,IClickFix,ThreatFox,,,,0,100,2026-10-01 22:04:04 UTC,ThreatFox,
55,media,media,stem-marcatura-ce.com,stem-marcatura-ce[.]com,domain,IClickFix,ThreatFox,,,,0,100,2026-10-01 22:04:03 UTC,ThreatFox,
55,media,media,staciesheldon.com,staciesheldon[.]com,domain,IClickFix,ThreatFox,,,,0,100,2026-10-01 22:04:03 UTC,ThreatFox,
55,media,media,spd-schwalmtal.de,spd-schwalmtal[.]de,domain,IClickFix,ThreatFox,,,,0,100,2026-10-01 22:04:03 UTC,ThreatFox,
55,media,media,sommerlawfirm.com,sommerlawfirm[.]com,domain,IClickFix,ThreatFox,,,,0,100,2026-10-01 22:04:03 UTC,ThreatFox,
55,media,media,sofography.com,sofography[.]com,domain,IClickFix,ThreatFox,,,,0,100,2026-10-01 22:04:03 UTC,ThreatFox,
55,media,media,smartheyin.com,smartheyin[.]com,domain,IClickFix,ThreatFox,,,,0,100,2026-10-01 22:04:03 UTC,ThreatFox,
55,media,media,smartcard-nfc.de,smartcard-nfc[.]de,domain,IClickFix,ThreatFox,,,,0,100,2026-10-01 22:04:03 UTC,ThreatFox,
55,media,media,sman1dander.info,sman1dander[.]info,domain,IClickFix,ThreatFox,,,,0,100,2026-10-01 22:04:03 UTC,ThreatFox,
55,media,media,slackdigital.com,slackdigital[.]com,domain,IClickFix,ThreatFox,,,,0,100,2026-10-01 22:04:03 UTC,ThreatFox,
55,media,media,skylinecontracting.ca,skylinecontracting[.]ca,domain,IClickFix,ThreatFox,,,,0,100,2026-10-01 22:04:03 UTC,ThreatFox,
55,media,media,simplylistedmarketing.com,simplylistedmarketing[.]com,domain,IClickFix,ThreatFox,,,,0,100,2026-10-01 22:04:03 UTC,ThreatFox,
55,media,media,simplylearn.co.za,simplylearn[.]co[.]za,domain,IClickFix,ThreatFox,,,,0,100,2026-10-01 22:04:03 UTC,ThreatFox,
55,media,media,silverstonerealty.in,silverstonerealty[.]in,domain,IClickFix,ThreatFox,,,,0,100,2026-10-01 22:04:03 UTC,ThreatFox,
55,media,media,sidero.com.pl,sidero[.]com[.]pl,domain,IClickFix,ThreatFox,,,,0,100,2026-10-01 22:04:03 UTC,ThreatFox,
55,media,media,sicompsa.com.mx,sicompsa[.]com[.]mx,domain,IClickFix,ThreatFox,,,,0,100,2026-10-01 22:04:03 UTC,ThreatFox,
55,media,media,shortlist.com.pl,shortlist[.]com[.]pl,domain,IClickFix,ThreatFox,,,,0,100,2026-10-01 22:04:03 UTC,ThreatFox,
55,media,media,shiningstarsacademypk.com,shiningstarsacademypk[.]com,domain,IClickFix,ThreatFox,,,,0,100,2026-10-01 22:04:03 UTC,ThreatFox,
55,media,media,shibuu.jp,shibuu[.]jp,domain,IClickFix,ThreatFox,,,,0,100,2026-10-01 22:04:03 UTC,ThreatFox,
55,media,media,shepherdsbushmobiletyrefitting.co.uk,shepherdsbushmobiletyrefitting[.]co[.]uk,domain,IClickFix,ThreatFox,,,,0,100,2026-10-01 22:04:03 UTC,ThreatFox,
55,media,media,shackbd.com,shackbd[.]com,domain,IClickFix,ThreatFox,,,,0,100,2026-10-01 22:04:03 UTC,ThreatFox,
55,media,media,sevelsc.com.br,sevelsc[.]com[.]br,domain,IClickFix,ThreatFox,,,,0,100,2026-10-01 22:04:03 UTC,ThreatFox,
55,media,media,servapool.ca,servapool[.]ca,domain,IClickFix,ThreatFox,,,,0,100,2026-10-01 22:04:03 UTC,ThreatFox,
55,media,media,sellmycars.in,sellmycars[.]in,domain,IClickFix,ThreatFox,,,,0,100,2026-10-01 22:04:02 UTC,ThreatFox,
55,media,media,sds-tech.com,sds-tech[.]com,domain,IClickFix,ThreatFox,,,,0,100,2026-10-01 22:04:02 UTC,ThreatFox,
55,media,media,scuolecomunalimusicamugello.it,scuolecomunalimusicamugello[.]it,domain,IClickFix,ThreatFox,,,,0,100,2026-10-01 22:04:02 UTC,ThreatFox,
55,media,media,schloss-virnsberg.de,schloss-virnsberg[.]de,domain,IClickFix,ThreatFox,,,,0,100,2026-10-01 22:04:02 UTC,ThreatFox,
55,media,media,scarium.com.br,scarium[.]com[.]br,domain,IClickFix,ThreatFox,,,,0,100,2026-10-01 22:04:02 UTC,ThreatFox,
55,media,media,samaritanemsok.com,samaritanemsok[.]com,domain,IClickFix,ThreatFox,,,,0,100,2026-10-01 22:04:02 UTC,ThreatFox,
55,media,media,samanthaestilistas.es,samanthaestilistas[.]es,domain,IClickFix,ThreatFox,,,,0,100,2026-10-01 22:04:02 UTC,ThreatFox,
55,media,media,salus-senior.pl,salus-senior[.]pl,domain,IClickFix,ThreatFox,,,,0,100,2026-10-01 22:04:02 UTC,ThreatFox,
55,media,media,salus-senior.eu,salus-senior[.]eu,domain,IClickFix,ThreatFox,,,,0,100,2026-10-01 22:04:02 UTC,ThreatFox,
55,media,media,salus-senior.com.pl,salus-senior[.]com[.]pl,domain,IClickFix,ThreatFox,,,,0,100,2026-10-01 22:04:02 UTC,ThreatFox,
55,media,media,sabrinasatoeyewear.com.br,sabrinasatoeyewear[.]com[.]br,domain,IClickFix,ThreatFox,,,,0,100,2026-10-01 22:04:02 UTC,ThreatFox,
55,media,media,runningbuffalocabin.com,runningbuffalocabin[.]com,domain,IClickFix,ThreatFox,,,,0,100,2026-10-01 22:04:02 UTC,ThreatFox,
55,media,media,rumogestaodenegocios.com.br,rumogestaodenegocios[.]com[.]br,domain,IClickFix,ThreatFox,,,,0,100,2026-10-01 22:04:02 UTC,ThreatFox,
55,media,media,rotaryclubscandicci.org,rotaryclubscandicci[.]org,domain,IClickFix,ThreatFox,,,,0,100,2026-10-01 22:04:02 UTC,ThreatFox,
55,media,media,rollex-casino.com,rollex-casino[.]com,domain,IClickFix,ThreatFox,,,,0,100,2026-10-01 22:04:02 UTC,ThreatFox,
55,media,media,rohinientclinic.com,rohinientclinic[.]com,domain,IClickFix,ThreatFox,,,,0,100,2026-10-01 22:04:02 UTC,ThreatFox,
55,media,media,rocktechsolutions.co.uk,rocktechsolutions[.]co[.]uk,domain,IClickFix,ThreatFox,,,,0,100,2026-10-01 22:04:02 UTC,ThreatFox,
55,media,media,rockpooloasis.co.za,rockpooloasis[.]co[.]za,domain,IClickFix,ThreatFox,,,,0,100,2026-10-01 22:04:02 UTC,ThreatFox,
55,media,media,rivieraweddingphotography.com,rivieraweddingphotography[.]com,domain,IClickFix,ThreatFox,,,,0,100,2026-10-01 22:04:02 UTC,ThreatFox,
55,media,media,ristorantelacabana.com,ristorantelacabana[.]com,domain,IClickFix,ThreatFox,,,,0,100,2026-10-01 22:04:02 UTC,ThreatFox,
55,media,media,ristoranteisolina.it,ristoranteisolina[.]it,domain,IClickFix,ThreatFox,,,,0,100,2026-10-01 22:04:02 UTC,ThreatFox,
55,media,media,rid-al.org,rid-al[.]org,domain,IClickFix,ThreatFox,,,,0,100,2026-10-01 22:04:02 UTC,ThreatFox,
55,media,media,rflogistics.co.za,rflogistics[.]co[.]za,domain,IClickFix,ThreatFox,,,,0,100,2026-10-01 22:04:01 UTC,ThreatFox,
55,media,media,revivalroofing.net,revivalroofing[.]net,domain,IClickFix,ThreatFox,,,,0,100,2026-10-01 22:04:01 UTC,ThreatFox,
55,media,media,restogro.com,restogro[.]com,domain,IClickFix,ThreatFox,,,,0,100,2026-10-01 22:04:01 UTC,ThreatFox,
55,media,media,resitalteknik.com,resitalteknik[.]com,domain,IClickFix,ThreatFox,,,,0,100,2026-10-01 22:04:01 UTC,ThreatFox,
55,media,media,renowaterdamagepros.com,renowaterdamagepros[.]com,domain,IClickFix,ThreatFox,,,,0,100,2026-10-01 22:04:01 UTC,ThreatFox,
55,media,media,renovation-lca.fr,renovation-lca[.]fr,domain,IClickFix,ThreatFox,,,,0,100,2026-10-01 22:04:01 UTC,ThreatFox,
55,media,media,relitorin.com,relitorin[.]com,domain,IClickFix,ThreatFox,,,,0,100,2026-10-01 22:04:01 UTC,ThreatFox,
55,media,media,redefiningsupps.com,redefiningsupps[.]com,domain,IClickFix,ThreatFox,,,,0,100,2026-10-01 22:04:01 UTC,ThreatFox,
55,media,media,rebelandshine.com,rebelandshine[.]com,domain,IClickFix,ThreatFox,,,,0,100,2026-10-01 22:04:01 UTC,ThreatFox,
55,media,media,realhouse.gr,realhouse[.]gr,domain,IClickFix,ThreatFox,,,,0,100,2026-10-01 22:04:01 UTC,ThreatFox,
55,media,media,rccconstruction.us,rccconstruction[.]us,domain,IClickFix,ThreatFox,,,,0,100,2026-10-01 22:04:01 UTC,ThreatFox,
55,media,media,ramadatour.be,ramadatour[.]be,domain,IClickFix,ThreatFox,,,,0,100,2026-10-01 22:04:01 UTC,ThreatFox,
55,media,media,rais.rs.ba,rais[.]rs[.]ba,domain,IClickFix,ThreatFox,,,,0,100,2026-10-01 22:04:01 UTC,ThreatFox,
55,media,media,radiologiaquito.ec,radiologiaquito[.]ec,domain,IClickFix,ThreatFox,,,,0,100,2026-10-01 22:04:01 UTC,ThreatFox,
55,media,media,rabbit-robotics.com,rabbit-robotics[.]com,domain,IClickFix,ThreatFox,,,,0,100,2026-10-01 22:04:01 UTC,ThreatFox,
55,media,media,rabakom.pl,rabakom[.]pl,domain,IClickFix,ThreatFox,,,,0,100,2026-10-01 22:04:01 UTC,ThreatFox,
55,media,media,qvsf.qa,qvsf[.]qa,domain,IClickFix,ThreatFox,,,,0,100,2026-10-01 22:04:01 UTC,ThreatFox,
55,media,media,quintahayara.es,quintahayara[.]es,domain,IClickFix,ThreatFox,,,,0,100,2026-10-01 22:04:00 UTC,ThreatFox,
55,media,media,quesosgalindo.com,quesosgalindo[.]com,domain,IClickFix,ThreatFox,,,,0,100,2026-10-01 22:04:00 UTC,ThreatFox,
55,media,media,qualitylanguage.com.br,qualitylanguage[.]com[.]br,domain,IClickFix,ThreatFox,,,,0,100,2026-10-01 22:04:00 UTC,ThreatFox,
55,media,media,qualityfirstfamilyhealth.com,qualityfirstfamilyhealth[.]com,domain,IClickFix,ThreatFox,,,,0,100,2026-10-01 22:04:00 UTC,ThreatFox,
55,media,media,qualitycarecounsel.com,qualitycarecounsel[.]com,domain,IClickFix,ThreatFox,,,,0,100,2026-10-01 22:04:00 UTC,ThreatFox,
55,media,media,quaideazam.com,quaideazam[.]com,domain,IClickFix,ThreatFox,,,,0,100,2026-10-01 22:04:00 UTC,ThreatFox,
55,media,media,publicidad2vr.com,publicidad2vr[.]com,domain,IClickFix,ThreatFox,,,,0,100,2026-10-01 22:04:00 UTC,ThreatFox,
55,media,media,psicologicamentestudio.it,psicologicamentestudio[.]it,domain,IClickFix,ThreatFox,,,,0,100,2026-10-01 22:04:00 UTC,ThreatFox,
55,media,media,profesionallogistyka.com,profesionallogistyka[.]com,domain,IClickFix,ThreatFox,,,,0,100,2026-10-01 22:04:00 UTC,ThreatFox,
55,media,media,prodogtraineralliance.org,prodogtraineralliance[.]org,domain,IClickFix,ThreatFox,,,,0,100,2026-10-01 22:04:00 UTC,ThreatFox,
55,media,media,privatedetectiveinlahore.com,privatedetectiveinlahore[.]com,domain,IClickFix,ThreatFox,,,,0,100,2026-10-01 22:04:00 UTC,ThreatFox,
55,media,media,pokonajodwlekanie.pl,pokonajodwlekanie[.]pl,domain,IClickFix,ThreatFox,,,,0,100,2026-10-01 22:04:00 UTC,ThreatFox,
55,media,media,plantes-interieur.fr,plantes-interieur[.]fr,domain,IClickFix,ThreatFox,,,,0,100,2026-10-01 22:04:00 UTC,ThreatFox,
55,media,media,planeteco-sun.com,planeteco-sun[.]com,domain,IClickFix,ThreatFox,,,,0,100,2026-10-01 22:04:00 UTC,ThreatFox,
55,media,media,pizzeriaalparco.it,pizzeriaalparco[.]it,domain,IClickFix,ThreatFox,,,,0,100,2026-10-01 22:04:00 UTC,ThreatFox,
55,media,media,piroscsap.hu,piroscsap[.]hu,domain,IClickFix,ThreatFox,,,,0,100,2026-10-01 22:04:00 UTC,ThreatFox,
55,media,media,piovesansas.it,piovesansas[.]it,domain,IClickFix,ThreatFox,,,,0,100,2026-10-01 22:04:00 UTC,ThreatFox,
55,media,media,pioneerhvac.ca,pioneerhvac[.]ca,domain,IClickFix,ThreatFox,,,,0,100,2026-10-01 22:04:00 UTC,ThreatFox,
55,media,media,piercecounty24houremergencytowing.com,piercecounty24houremergencytowing[.]com,domain,IClickFix,ThreatFox,,,,0,100,2026-10-01 22:04:00 UTC,ThreatFox,
55,media,media,piccoloflute.it,piccoloflute[.]it,domain,IClickFix,ThreatFox,,,,0,100,2026-10-01 22:03:59 UTC,ThreatFox,
55,media,media,physiocareservice.ca,physiocareservice[.]ca,domain,IClickFix,ThreatFox,,,,0,100,2026-10-01 22:03:59 UTC,ThreatFox,
55,media,media,physiciancourses.com,physiciancourses[.]com,domain,IClickFix,ThreatFox,,,,0,100,2026-10-01 22:03:59 UTC,ThreatFox,
55,media,media,phbalanced.co,phbalanced[.]co,domain,IClickFix,ThreatFox,,,,0,100,2026-10-01 22:03:59 UTC,ThreatFox,
55,media,media,petworshiper.com,petworshiper[.]com,domain,IClickFix,ThreatFox,,,,0,100,2026-10-01 22:03:59 UTC,ThreatFox,
55,media,media,petsrfamilytoo.net,petsrfamilytoo[.]net,domain,IClickFix,ThreatFox,,,,0,100,2026-10-01 22:03:59 UTC,ThreatFox,
55,media,media,perleonlus.it,perleonlus[.]it,domain,IClickFix,ThreatFox,,,,0,100,2026-10-01 22:03:59 UTC,ThreatFox,
55,media,media,penagamella.com,penagamella[.]com,domain,IClickFix,ThreatFox,,,,0,100,2026-10-01 22:03:59 UTC,ThreatFox,
55,media,media,pearlvalleylodges.com,pearlvalleylodges[.]com,domain,IClickFix,ThreatFox,,,,0,100,2026-10-01 22:03:59 UTC,ThreatFox,
55,media,media,pdscareers.com,pdscareers[.]com,domain,IClickFix,ThreatFox,,,,0,100,2026-10-01 22:03:59 UTC,ThreatFox,
55,media,media,partidosocialistasanturtzi.com,partidosocialistasanturtzi[.]com,domain,IClickFix,ThreatFox,,,,0,100,2026-10-01 22:03:59 UTC,ThreatFox,
55,media,media,paradisodeigolosi.it,paradisodeigolosi[.]it,domain,IClickFix,ThreatFox,,,,0,100,2026-10-01 22:03:59 UTC,ThreatFox,
55,media,media,paola-simone.it,paola-simone[.]it,domain,IClickFix,ThreatFox,,,,0,100,2026-10-01 22:03:59 UTC,ThreatFox,
55,media,media,paodoparque3.hospedagemdesites.ws,paodoparque3[.]hospedagemdesites[.]ws,domain,IClickFix,ThreatFox,,,,0,100,2026-10-01 22:03:59 UTC,ThreatFox,
55,media,media,paddlefishgear.com,paddlefishgear[.]com,domain,IClickFix,ThreatFox,,,,0,100,2026-10-01 22:03:59 UTC,ThreatFox,
55,media,media,opticabergua.com,opticabergua[.]com,domain,IClickFix,ThreatFox,,,,0,100,2026-10-01 22:03:59 UTC,ThreatFox,
55,media,media,open-mind.it,open-mind[.]it,domain,IClickFix,ThreatFox,,,,0,100,2026-10-01 22:03:59 UTC,ThreatFox,
55,media,media,onestophomesolutions.com,onestophomesolutions[.]com,domain,IClickFix,ThreatFox,,,,0,100,2026-10-01 22:03:59 UTC,ThreatFox,
55,media,media,omran100.ir,omran100[.]ir,domain,IClickFix,ThreatFox,,,,0,100,2026-10-01 22:03:59 UTC,ThreatFox,
55,media,media,omniadvisorsgroup.com,omniadvisorsgroup[.]com,domain,IClickFix,ThreatFox,,,,0,100,2026-10-01 22:03:59 UTC,ThreatFox,
55,media,media,oldguyhealth.com,oldguyhealth[.]com,domain,IClickFix,ThreatFox,,,,0,100,2026-10-01 22:03:58 UTC,ThreatFox,
55,media,media,ok-service.it,ok-service[.]it,domain,IClickFix,ThreatFox,,,,0,100,2026-10-01 22:03:58 UTC,ThreatFox,
55,media,media,oguto.com.br,oguto[.]com[.]br,domain,IClickFix,ThreatFox,,,,0,100,2026-10-01 22:03:58 UTC,ThreatFox,
55,media,media,oceanfrontpty.com,oceanfrontpty[.]com,domain,IClickFix,ThreatFox,,,,0,100,2026-10-01 22:03:58 UTC,ThreatFox,
55,media,media,oadvogados.adv.br,oadvogados[.]adv[.]br,domain,IClickFix,ThreatFox,,,,0,100,2026-10-01 22:03:58 UTC,ThreatFox,
55,media,media,nyltex.com,nyltex[.]com,domain,IClickFix,ThreatFox,,,,0,100,2026-10-01 22:03:58 UTC,ThreatFox,
55,media,media,nwconsultingco.com,nwconsultingco[.]com,domain,IClickFix,ThreatFox,,,,0,100,2026-10-01 22:03:58 UTC,ThreatFox,
55,media,media,nuestraimagentv.com.gt,nuestraimagentv[.]com[.]gt,domain,IClickFix,ThreatFox,,,,0,100,2026-10-01 22:03:58 UTC,ThreatFox,
55,media,media,notariaunicacocorna.com.co,notariaunicacocorna[.]com[.]co,domain,IClickFix,ThreatFox,,,,0,100,2026-10-01 22:03:58 UTC,ThreatFox,
55,media,media,northlinkconstruction.ca,northlinkconstruction[.]ca,domain,IClickFix,ThreatFox,,,,0,100,2026-10-01 22:03:58 UTC,ThreatFox,
55,media,media,nomenoazul.com.br,nomenoazul[.]com[.]br,domain,IClickFix,ThreatFox,,,,0,100,2026-10-01 22:03:58 UTC,ThreatFox,
55,media,media,ninosabateries.com,ninosabateries[.]com,domain,IClickFix,ThreatFox,,,,0,100,2026-10-01 22:03:58 UTC,ThreatFox,
55,media,media,newswiremaharashtra.com,newswiremaharashtra[.]com,domain,IClickFix,ThreatFox,,,,0,100,2026-10-01 22:03:58 UTC,ThreatFox,
55,media,media,neurobika.com,neurobika[.]com,domain,IClickFix,ThreatFox,,,,0,100,2026-10-01 22:03:58 UTC,ThreatFox,
55,media,media,natuurlijkouddorp.nl,natuurlijkouddorp[.]nl,domain,IClickFix,ThreatFox,,,,0,100,2026-10-01 22:03:58 UTC,ThreatFox,
55,media,media,naminsdiviem.lv,naminsdiviem[.]lv,domain,IClickFix,ThreatFox,,,,0,100,2026-10-01 22:03:58 UTC,ThreatFox,
55,media,media,mylanguageteam.com,mylanguageteam[.]com,domain,IClickFix,ThreatFox,,,,0,100,2026-10-01 22:03:58 UTC,ThreatFox,
55,media,media,muzikveotizm.com,muzikveotizm[.]com,domain,IClickFix,ThreatFox,,,,0,100,2026-10-01 22:03:58 UTC,ThreatFox,
55,media,media,muse.com.tr,muse[.]com[.]tr,domain,IClickFix,ThreatFox,,,,0,100,2026-10-01 22:03:57 UTC,ThreatFox,
55,media,media,murohome.com,murohome[.]com,domain,IClickFix,ThreatFox,,,,0,100,2026-10-01 22:03:57 UTC,ThreatFox,
55,media,media,munkavedelem-hela.hu,munkavedelem-hela[.]hu,domain,IClickFix,ThreatFox,,,,0,100,2026-10-01 22:03:57 UTC,ThreatFox,
55,media,media,multifocal.co,multifocal[.]co,domain,IClickFix,ThreatFox,,,,0,100,2026-10-01 22:03:57 UTC,ThreatFox,
55,media,media,mujsendvic.cz,mujsendvic[.]cz,domain,IClickFix,ThreatFox,,,,0,100,2026-10-01 22:03:57 UTC,ThreatFox,
55,media,media,mrdigitalitalia.com,mrdigitalitalia[.]com,domain,IClickFix,ThreatFox,,,,0,100,2026-10-01 22:03:57 UTC,ThreatFox,
55,media,media,mppinternational.pl,mppinternational[.]pl,domain,IClickFix,ThreatFox,,,,0,100,2026-10-01 22:03:57 UTC,ThreatFox,
55,media,media,montwather.com,montwather[.]com,domain,IClickFix,ThreatFox,,,,0,100,2026-10-01 22:03:57 UTC,ThreatFox,
55,media,media,montech-institute.com,montech-institute[.]com,domain,IClickFix,ThreatFox,,,,0,100,2026-10-01 22:03:57 UTC,ThreatFox,
55,media,media,mojsgrupa.pl,mojsgrupa[.]pl,domain,IClickFix,ThreatFox,,,,0,100,2026-10-01 22:03:57 UTC,ThreatFox,
55,media,media,miss-vacances.fr,miss-vacances[.]fr,domain,IClickFix,ThreatFox,,,,0,100,2026-10-01 22:03:57 UTC,ThreatFox,
55,media,media,mirelmuhendislik.com.tr,mirelmuhendislik[.]com[.]tr,domain,IClickFix,ThreatFox,,,,0,100,2026-10-01 22:03:57 UTC,ThreatFox,
55,media,media,mindfuldesignreno.com,mindfuldesignreno[.]com,domain,IClickFix,ThreatFox,,,,0,100,2026-10-01 22:03:57 UTC,ThreatFox,
55,media,media,mindbodyleadership.ca,mindbodyleadership[.]ca,domain,IClickFix,ThreatFox,,,,0,100,2026-10-01 22:03:57 UTC,ThreatFox,
55,media,media,milla.com.ar,milla[.]com[.]ar,domain,IClickFix,ThreatFox,,,,0,100,2026-10-01 22:03:57 UTC,ThreatFox,
55,media,media,migowskiewzgorza.pl,migowskiewzgorza[.]pl,domain,IClickFix,ThreatFox,,,,0,100,2026-10-01 22:03:57 UTC,ThreatFox,
55,media,media,metro-cubo.it,metro-cubo[.]it,domain,IClickFix,ThreatFox,,,,0,100,2026-10-01 22:03:57 UTC,ThreatFox,
55,media,media,metriscore.com,metriscore[.]com,domain,IClickFix,ThreatFox,,,,0,100,2026-10-01 22:03:57 UTC,ThreatFox,
55,media,media,metalsulmg.com.br,metalsulmg[.]com[.]br,domain,IClickFix,ThreatFox,,,,0,100,2026-10-01 22:03:57 UTC,ThreatFox,
55,media,media,messina5stelle.it,messina5stelle[.]it,domain,IClickFix,ThreatFox,,,,0,100,2026-10-01 22:03:57 UTC,ThreatFox,
55,media,media,meritengineering.co.tz,meritengineering[.]co[.]tz,domain,IClickFix,ThreatFox,,,,0,100,2026-10-01 22:03:56 UTC,ThreatFox,
55,media,media,mentalgrowthsolutions.online,mentalgrowthsolutions[.]online,domain,IClickFix,ThreatFox,,,,0,100,2026-10-01 22:03:56 UTC,ThreatFox,
55,media,media,member.ejaj.cz,member[.]ejaj[.]cz,domain,IClickFix,ThreatFox,,,,0,100,2026-10-01 22:03:56 UTC,ThreatFox,
55,media,media,melbournepublishers.com,melbournepublishers[.]com,domain,IClickFix,ThreatFox,,,,0,100,2026-10-01 22:03:56 UTC,ThreatFox,
55,media,media,medit360.com,medit360[.]com,domain,IClickFix,ThreatFox,,,,0,100,2026-10-01 22:03:56 UTC,ThreatFox,
55,media,media,mdironandsteelfoundry.com,mdironandsteelfoundry[.]com,domain,IClickFix,ThreatFox,,,,0,100,2026-10-01 22:03:56 UTC,ThreatFox,
55,media,media,maxillocopelli.it,maxillocopelli[.]it,domain,IClickFix,ThreatFox,,,,0,100,2026-10-01 22:03:56 UTC,ThreatFox,
55,media,media,materiaorganica.com.br,materiaorganica[.]com[.]br,domain,IClickFix,ThreatFox,,,,0,100,2026-10-01 22:03:56 UTC,ThreatFox,
55,media,media,maryshillsda.org,maryshillsda[.]org,domain,IClickFix,ThreatFox,,,,0,100,2026-10-01 22:03:56 UTC,ThreatFox,
55,media,media,marcodimauro.it,marcodimauro[.]it,domain,IClickFix,ThreatFox,,,,0,100,2026-10-01 22:03:56 UTC,ThreatFox,
55,media,media,mapisas.eu,mapisas[.]eu,domain,IClickFix,ThreatFox,,,,0,100,2026-10-01 22:03:56 UTC,ThreatFox,
55,media,media,mamalupe.es,mamalupe[.]es,domain,IClickFix,ThreatFox,,,,0,100,2026-10-01 22:03:56 UTC,ThreatFox,
55,media,media,mam-studio.com,mam-studio[.]com,domain,IClickFix,ThreatFox,,,,0,100,2026-10-01 22:03:56 UTC,ThreatFox,
55,media,media,maljuraishi.com,maljuraishi[.]com,domain,IClickFix,ThreatFox,,,,0,100,2026-10-01 22:03:56 UTC,ThreatFox,
55,media,media,maleksa.org,maleksa[.]org,domain,IClickFix,ThreatFox,,,,0,100,2026-10-01 22:03:56 UTC,ThreatFox,
55,media,media,madeirasmontano.com.br,madeirasmontano[.]com[.]br,domain,IClickFix,ThreatFox,,,,0,100,2026-10-01 22:03:56 UTC,ThreatFox,
55,media,media,macroagilesolutions.com,macroagilesolutions[.]com,domain,IClickFix,ThreatFox,,,,0,100,2026-10-01 22:03:56 UTC,ThreatFox,
55,media,media,lurobike.com.ar,lurobike[.]com[.]ar,domain,IClickFix,ThreatFox,,,,0,100,2026-10-01 22:03:56 UTC,ThreatFox,
55,media,media,lucapiazzi.com,lucapiazzi[.]com,domain,IClickFix,ThreatFox,,,,0,100,2026-10-01 22:03:56 UTC,ThreatFox,
55,media,media,loruhan.com,loruhan[.]com,domain,IClickFix,ThreatFox,,,,0,100,2026-10-01 22:03:56 UTC,ThreatFox,
55,media,media,lorgeschool.org,lorgeschool[.]org,domain,IClickFix,ThreatFox,,,,0,100,2026-10-01 22:03:56 UTC,ThreatFox,
55,media,media,lopezservice.com,lopezservice[.]com,domain,IClickFix,ThreatFox,,,,0,100,2026-10-01 22:03:55 UTC,ThreatFox,
55,media,media,logos2005.it,logos2005[.]it,domain,IClickFix,ThreatFox,,,,0,100,2026-10-01 22:03:55 UTC,ThreatFox,
55,media,media,loanratepal.com,loanratepal[.]com,domain,IClickFix,ThreatFox,,,,0,100,2026-10-01 22:03:55 UTC,ThreatFox,
55,media,media,livooh.com.br,livooh[.]com[.]br,domain,IClickFix,ThreatFox,,,,0,100,2026-10-01 22:03:55 UTC,ThreatFox,
55,media,media,leymaonline.com,leymaonline[.]com,domain,IClickFix,ThreatFox,,,,0,100,2026-10-01 22:03:55 UTC,ThreatFox,
55,media,media,lesnachata.eu,lesnachata[.]eu,domain,IClickFix,ThreatFox,,,,0,100,2026-10-01 22:03:55 UTC,ThreatFox,
55,media,media,leonastone.com,leonastone[.]com,domain,IClickFix,ThreatFox,,,,0,100,2026-10-01 22:03:55 UTC,ThreatFox,
55,media,media,leafandlotus.com,leafandlotus[.]com,domain,IClickFix,ThreatFox,,,,0,100,2026-10-01 22:03:55 UTC,ThreatFox,
55,media,media,ldglabs.com,ldglabs[.]com,domain,IClickFix,ThreatFox,,,,0,100,2026-10-01 22:03:55 UTC,ThreatFox,
55,media,media,lbgcharpente.fr,lbgcharpente[.]fr,domain,IClickFix,ThreatFox,,,,0,100,2026-10-01 22:03:55 UTC,ThreatFox,
55,media,media,lasquinceletras.es,lasquinceletras[.]es,domain,IClickFix,ThreatFox,,,,0,100,2026-10-01 22:03:55 UTC,ThreatFox,
55,media,media,larisanautocarrozzeria.it,larisanautocarrozzeria[.]it,domain,IClickFix,ThreatFox,,,,0,100,2026-10-01 22:03:55 UTC,ThreatFox,
55,media,media,laprensadelosangeles.com,laprensadelosangeles[.]com,domain,IClickFix,ThreatFox,,,,0,100,2026-10-01 22:03:55 UTC,ThreatFox,
55,media,media,laltd.net,laltd[.]net,domain,IClickFix,ThreatFox,,,,0,100,2026-10-01 22:03:55 UTC,ThreatFox,
55,media,media,laguz.africa,laguz[.]africa,domain,IClickFix,ThreatFox,,,,0,100,2026-10-01 22:03:55 UTC,ThreatFox,
55,media,media,ladanzaorientale.net,ladanzaorientale[.]net,domain,IClickFix,ThreatFox,,,,0,100,2026-10-01 22:03:55 UTC,ThreatFox,
55,media,media,kvassociates.in,kvassociates[.]in,domain,IClickFix,ThreatFox,,,,0,100,2026-10-01 22:03:55 UTC,ThreatFox,
55,media,media,krutikaenterprise.com,krutikaenterprise[.]com,domain,IClickFix,ThreatFox,,,,0,100,2026-10-01 22:03:55 UTC,ThreatFox,
55,media,media,kopanof.co.za,kopanof[.]co[.]za,domain,IClickFix,ThreatFox,,,,0,100,2026-10-01 22:03:55 UTC,ThreatFox,
55,media,media,konaozone.eco,konaozone[.]eco,domain,IClickFix,ThreatFox,,,,0,100,2026-10-01 22:03:55 UTC,ThreatFox,
55,media,media,klauslottersberger.at,klauslottersberger[.]at,domain,IClickFix,ThreatFox,,,,0,100,2026-10-01 22:03:54 UTC,ThreatFox,
55,media,media,kingstarbaby.com,kingstarbaby[.]com,domain,IClickFix,ThreatFox,,,,0,100,2026-10-01 22:03:54 UTC,ThreatFox,
55,media,media,katiaglass.com,katiaglass[.]com,domain,IClickFix,ThreatFox,,,,0,100,2026-10-01 22:03:54 UTC,ThreatFox,
55,media,media,kartuli.fr,kartuli[.]fr,domain,IClickFix,ThreatFox,,,,0,100,2026-10-01 22:03:54 UTC,ThreatFox,
55,media,media,kapadokyadakal.com,kapadokyadakal[.]com,domain,IClickFix,ThreatFox,,,,0,100,2026-10-01 22:03:54 UTC,ThreatFox,
55,media,media,kaleidoscope-santorini.com,kaleidoscope-santorini[.]com,domain,IClickFix,ThreatFox,,,,0,100,2026-10-01 22:03:54 UTC,ThreatFox,
55,media,media,kakabooking.com,kakabooking[.]com,domain,IClickFix,ThreatFox,,,,0,100,2026-10-01 22:03:54 UTC,ThreatFox,
55,media,media,junestreetstudios.com,junestreetstudios[.]com,domain,IClickFix,ThreatFox,,,,0,100,2026-10-01 22:03:54 UTC,ThreatFox,
55,media,media,joconnect.com,joconnect[.]com,domain,IClickFix,ThreatFox,,,,0,100,2026-10-01 22:03:54 UTC,ThreatFox,
55,media,media,jigyaasu.in,jigyaasu[.]in,domain,IClickFix,ThreatFox,,,,0,100,2026-10-01 22:03:54 UTC,ThreatFox,
55,media,media,jec-engineering.com,jec-engineering[.]com,domain,IClickFix,ThreatFox,,,,0,100,2026-10-01 22:03:54 UTC,ThreatFox,
55,media,media,jdqtop.com,jdqtop[.]com,domain,IClickFix,ThreatFox,,,,0,100,2026-10-01 22:03:54 UTC,ThreatFox,
55,media,media,jardingeniosdeamerica.com,jardingeniosdeamerica[.]com,domain,IClickFix,ThreatFox,,,,0,100,2026-10-01 22:03:54 UTC,ThreatFox,
55,media,media,itimberlands.com,itimberlands[.]com,domain,IClickFix,ThreatFox,,,,0,100,2026-10-01 22:03:54 UTC,ThreatFox,
55,media,media,italytoursandmore.com,italytoursandmore[.]com,domain,IClickFix,ThreatFox,,,,0,100,2026-10-01 22:03:54 UTC,ThreatFox,
55,media,media,iresfund.co.za,iresfund[.]co[.]za,domain,IClickFix,ThreatFox,,,,0,100,2026-10-01 22:03:54 UTC,ThreatFox,
55,media,media,intothewildpicnics.com,intothewildpicnics[.]com,domain,IClickFix,ThreatFox,,,,0,100,2026-10-01 22:03:54 UTC,ThreatFox,
55,media,media,instantcalor.ro,instantcalor[.]ro,domain,IClickFix,ThreatFox,,,,0,100,2026-10-01 22:03:54 UTC,ThreatFox,
55,media,media,insighttechgroup.com,insighttechgroup[.]com,domain,IClickFix,ThreatFox,,,,0,100,2026-10-01 22:03:54 UTC,ThreatFox,
55,media,media,innovationsystemsfl.com,innovationsystemsfl[.]com,domain,IClickFix,ThreatFox,,,,0,100,2026-10-01 22:03:54 UTC,ThreatFox,
55,media,media,inmobles.com,inmobles[.]com,domain,IClickFix,ThreatFox,,,,0,100,2026-10-01 22:03:54 UTC,ThreatFox,
55,media,media,industriaalimenticiasanjuan.com,industriaalimenticiasanjuan[.]com,domain,IClickFix,ThreatFox,,,,0,100,2026-10-01 22:03:53 UTC,ThreatFox,
55,media,media,imaginatlh.com,imaginatlh[.]com,domain,IClickFix,ThreatFox,,,,0,100,2026-10-01 22:03:53 UTC,ThreatFox,
55,media,media,ilpontenuovo.it,ilpontenuovo[.]it,domain,IClickFix,ThreatFox,,,,0,100,2026-10-01 22:03:53 UTC,ThreatFox,
55,media,media,iloveholland.com,iloveholland[.]com,domain,IClickFix,ThreatFox,,,,0,100,2026-10-01 22:03:53 UTC,ThreatFox,
55,media,media,idasemilhas.com.br,idasemilhas[.]com[.]br,domain,IClickFix,ThreatFox,,,,0,100,2026-10-01 22:03:53 UTC,ThreatFox,
55,media,media,icfontanarossa.edu.it,icfontanarossa[.]edu[.]it,domain,IClickFix,ThreatFox,,,,0,100,2026-10-01 22:03:53 UTC,ThreatFox,
55,media,media,icappucciniwellness.it,icappucciniwellness[.]it,domain,IClickFix,ThreatFox,,,,0,100,2026-10-01 22:03:53 UTC,ThreatFox,
55,media,media,hrgci.com,hrgci[.]com,domain,IClickFix,ThreatFox,,,,0,100,2026-10-01 22:03:53 UTC,ThreatFox,
55,media,media,howtechs.net,howtechs[.]net,domain,IClickFix,ThreatFox,,,,0,100,2026-10-01 22:03:08 UTC,ThreatFox,
55,media,media,hotelvillaroma.com,hotelvillaroma[.]com,domain,IClickFix,ThreatFox,,,,0,100,2026-10-01 22:03:08 UTC,ThreatFox,
55,media,media,hotelvilladelensueno.com,hotelvilladelensueno[.]com,domain,IClickFix,ThreatFox,,,,0,100,2026-10-01 22:03:08 UTC,ThreatFox,
55,media,media,hondabigwingkanpursouth.com,hondabigwingkanpursouth[.]com,domain,IClickFix,ThreatFox,,,,0,100,2026-10-01 22:03:08 UTC,ThreatFox,
55,media,media,homeforartists.de,homeforartists[.]de,domain,IClickFix,ThreatFox,,,,0,100,2026-10-01 22:03:08 UTC,ThreatFox,
55,media,media,highway.pk,highway[.]pk,domain,IClickFix,ThreatFox,,,,0,100,2026-10-01 22:03:08 UTC,ThreatFox,
55,media,media,harrissiddiqui.com,harrissiddiqui[.]com,domain,IClickFix,ThreatFox,,,,0,100,2026-10-01 22:03:08 UTC,ThreatFox,
55,media,media,hamilahealthfoundation.org,hamilahealthfoundation[.]org,domain,IClickFix,ThreatFox,,,,0,100,2026-10-01 22:03:08 UTC,ThreatFox,
55,media,media,hacops.com,hacops[.]com,domain,IClickFix,ThreatFox,,,,0,100,2026-10-01 22:03:08 UTC,ThreatFox,
55,media,media,gunungjaya.com,gunungjaya[.]com,domain,IClickFix,ThreatFox,,,,0,100,2026-10-01 22:03:08 UTC,ThreatFox,
55,media,media,guiadelicitaciones.com,guiadelicitaciones[.]com,domain,IClickFix,ThreatFox,,,,0,100,2026-10-01 22:03:08 UTC,ThreatFox,
55,media,media,guestpostingexpert.com,guestpostingexpert[.]com,domain,IClickFix,ThreatFox,,,,0,100,2026-10-01 22:03:08 UTC,ThreatFox,
55,media,media,grupotesac.com,grupotesac[.]com,domain,IClickFix,ThreatFox,,,,0,100,2026-10-01 22:03:08 UTC,ThreatFox,
55,media,media,grupointerfasesl.com,grupointerfasesl[.]com,domain,IClickFix,ThreatFox,,,,0,100,2026-10-01 22:03:08 UTC,ThreatFox,
55,media,media,greenscape-gardeners.co.uk,greenscape-gardeners[.]co[.]uk,domain,IClickFix,ThreatFox,,,,0,100,2026-10-01 22:03:08 UTC,ThreatFox,
55,media,media,greenfields-id.de,greenfields-id[.]de,domain,IClickFix,ThreatFox,,,,0,100,2026-10-01 22:03:07 UTC,ThreatFox,
55,media,media,grapeandgrape.it,grapeandgrape[.]it,domain,IClickFix,ThreatFox,,,,0,100,2026-10-01 22:03:07 UTC,ThreatFox,
55,media,media,goyalsolar.com,goyalsolar[.]com,domain,IClickFix,ThreatFox,,,,0,100,2026-10-01 22:03:07 UTC,ThreatFox,
55,media,media,gogoodnews.net,gogoodnews[.]net,domain,IClickFix,ThreatFox,,,,0,100,2026-10-01 22:03:07 UTC,ThreatFox,
55,media,media,gmpnigeria.com,gmpnigeria[.]com,domain,IClickFix,ThreatFox,,,,0,100,2026-10-01 22:03:07 UTC,ThreatFox,
55,media,media,giordanazanna.it,giordanazanna[.]it,domain,IClickFix,ThreatFox,,,,0,100,2026-10-01 22:03:07 UTC,ThreatFox,
55,media,media,gigantpizza.pl,gigantpizza[.]pl,domain,IClickFix,ThreatFox,,,,0,100,2026-10-01 22:03:07 UTC,ThreatFox,
55,media,media,giannisoikonomou.gr,giannisoikonomou[.]gr,domain,IClickFix,ThreatFox,,,,0,100,2026-10-01 22:03:07 UTC,ThreatFox,
55,media,media,getpulip.com,getpulip[.]com,domain,IClickFix,ThreatFox,,,,0,100,2026-10-01 22:03:07 UTC,ThreatFox,
55,media,media,geozam.com.co,geozam[.]com[.]co,domain,IClickFix,ThreatFox,,,,0,100,2026-10-01 22:03:07 UTC,ThreatFox,
55,media,media,geekybar.com,geekybar[.]com,domain,IClickFix,ThreatFox,,,,0,100,2026-10-01 22:03:07 UTC,ThreatFox,
55,media,media,gctattoo.it,gctattoo[.]it,domain,IClickFix,ThreatFox,,,,0,100,2026-10-01 22:03:07 UTC,ThreatFox,
55,media,media,ganemosextra.com,ganemosextra[.]com,domain,IClickFix,ThreatFox,,,,0,100,2026-10-01 22:03:07 UTC,ThreatFox,
55,media,media,gambrinus-arganda.com,gambrinus-arganda[.]com,domain,IClickFix,ThreatFox,,,,0,100,2026-10-01 22:03:07 UTC,ThreatFox,
55,media,media,galif.com.tr,galif[.]com[.]tr,domain,IClickFix,ThreatFox,,,,0,100,2026-10-01 22:03:07 UTC,ThreatFox,
55,media,media,frisoer-haarkunst.de,frisoer-haarkunst[.]de,domain,IClickFix,ThreatFox,,,,0,100,2026-10-01 22:03:07 UTC,ThreatFox,
55,media,media,friomundo.com,friomundo[.]com,domain,IClickFix,ThreatFox,,,,0,100,2026-10-01 22:03:07 UTC,ThreatFox,
55,media,media,friesenpferd.info,friesenpferd[.]info,domain,IClickFix,ThreatFox,,,,0,100,2026-10-01 22:03:07 UTC,ThreatFox,
55,media,media,freemp4movie.org,freemp4movie[.]org,domain,IClickFix,ThreatFox,,,,0,100,2026-10-01 22:03:07 UTC,ThreatFox,
55,media,media,foscheriniauto.it,foscheriniauto[.]it,domain,IClickFix,ThreatFox,,,,0,100,2026-10-01 22:03:07 UTC,ThreatFox,
55,media,media,forjadosbernabe.com,forjadosbernabe[.]com,domain,IClickFix,ThreatFox,,,,0,100,2026-10-01 22:03:06 UTC,ThreatFox,
55,media,media,forexf1.com,forexf1[.]com,domain,IClickFix,ThreatFox,,,,0,100,2026-10-01 22:03:06 UTC,ThreatFox,
55,media,media,flolexfittings.com,flolexfittings[.]com,domain,IClickFix,ThreatFox,,,,0,100,2026-10-01 22:03:06 UTC,ThreatFox,
55,media,media,finspyr.com,finspyr[.]com,domain,IClickFix,ThreatFox,,,,0,100,2026-10-01 22:03:06 UTC,ThreatFox,
55,media,media,finbooks.ca,finbooks[.]ca,domain,IClickFix,ThreatFox,,,,0,100,2026-10-01 22:03:06 UTC,ThreatFox,
55,media,media,fibrepatch.co.za,fibrepatch[.]co[.]za,domain,IClickFix,ThreatFox,,,,0,100,2026-10-01 22:03:06 UTC,ThreatFox,
55,media,media,fibreglassroofing.net,fibreglassroofing[.]net,domain,IClickFix,ThreatFox,,,,0,100,2026-10-01 22:03:06 UTC,ThreatFox,
55,media,media,ferrotone.uz,ferrotone[.]uz,domain,IClickFix,ThreatFox,,,,0,100,2026-10-01 22:03:06 UTC,ThreatFox,
55,media,media,ferretifisioterapia.com,ferretifisioterapia[.]com,domain,IClickFix,ThreatFox,,,,0,100,2026-10-01 22:03:06 UTC,ThreatFox,
55,media,media,ferreirainc.com,ferreirainc[.]com,domain,IClickFix,ThreatFox,,,,0,100,2026-10-01 22:03:06 UTC,ThreatFox,
55,media,media,fermuarlifletocepdikimi.com,fermuarlifletocepdikimi[.]com,domain,IClickFix,ThreatFox,,,,0,100,2026-10-01 22:03:06 UTC,ThreatFox,
55,media,media,fenixsegurancaesaude.com,fenixsegurancaesaude[.]com,domain,IClickFix,ThreatFox,,,,0,100,2026-10-01 22:03:06 UTC,ThreatFox,
55,media,media,fenixmoncada.com,fenixmoncada[.]com,domain,IClickFix,ThreatFox,,,,0,100,2026-10-01 22:03:06 UTC,ThreatFox,
55,media,media,feirinhacoracaodataquara.com.br,feirinhacoracaodataquara[.]com[.]br,domain,IClickFix,ThreatFox,,,,0,100,2026-10-01 22:03:06 UTC,ThreatFox,
55,media,media,fast-tech.uk,fast-tech[.]uk,domain,IClickFix,ThreatFox,,,,0,100,2026-10-01 22:03:06 UTC,ThreatFox,
55,media,media,farmaciaciudadjardinmalaga.com,farmaciaciudadjardinmalaga[.]com,domain,IClickFix,ThreatFox,,,,0,100,2026-10-01 22:03:06 UTC,ThreatFox,
55,media,media,fabricadetampoes.com.br,fabricadetampoes[.]com[.]br,domain,IClickFix,ThreatFox,,,,0,100,2026-10-01 22:03:06 UTC,ThreatFox,
55,media,media,expressintl.com.hk,expressintl[.]com[.]hk,domain,IClickFix,ThreatFox,,,,0,100,2026-10-01 22:03:06 UTC,ThreatFox,
55,media,media,everythingcake.co.za,everythingcake[.]co[.]za,domain,IClickFix,ThreatFox,,,,0,100,2026-10-01 22:03:06 UTC,ThreatFox,
55,media,media,euro-bike.com,euro-bike[.]com,domain,IClickFix,ThreatFox,,,,0,100,2026-10-01 22:03:06 UTC,ThreatFox,
55,media,media,espacocorpoemlinha.com,espacocorpoemlinha[.]com,domain,IClickFix,ThreatFox,,,,0,100,2026-10-01 22:03:05 UTC,ThreatFox,
55,media,media,esaforum.it,esaforum[.]it,domain,IClickFix,ThreatFox,,,,0,100,2026-10-01 22:03:05 UTC,ThreatFox,
55,media,media,ercbiyomedikal.com,ercbiyomedikal[.]com,domain,IClickFix,ThreatFox,,,,0,100,2026-10-01 22:03:05 UTC,ThreatFox,
55,media,media,energiindogasnusantara.com,energiindogasnusantara[.]com,domain,IClickFix,ThreatFox,,,,0,100,2026-10-01 22:03:05 UTC,ThreatFox,
55,media,media,endoscopicsleevegastroplasty.co.nz,endoscopicsleevegastroplasty[.]co[.]nz,domain,IClickFix,ThreatFox,,,,0,100,2026-10-01 22:03:05 UTC,ThreatFox,
55,media,media,ellegimobili.it,ellegimobili[.]it,domain,IClickFix,ThreatFox,,,,0,100,2026-10-01 22:03:05 UTC,ThreatFox,
55,media,media,elenacapella.com,elenacapella[.]com,domain,IClickFix,ThreatFox,,,,0,100,2026-10-01 22:03:05 UTC,ThreatFox,
55,media,media,edenbar.com.br,edenbar[.]com[.]br,domain,IClickFix,ThreatFox,,,,0,100,2026-10-01 22:03:05 UTC,ThreatFox,
55,media,media,ecogrid.in,ecogrid[.]in,domain,IClickFix,ThreatFox,,,,0,100,2026-10-01 22:03:05 UTC,ThreatFox,
55,media,media,easytaxrelief.com,easytaxrelief[.]com,domain,IClickFix,ThreatFox,,,,0,100,2026-10-01 22:03:05 UTC,ThreatFox,
55,media,media,earth-creative.co.id,earth-creative[.]co[.]id,domain,IClickFix,ThreatFox,,,,0,100,2026-10-01 22:03:05 UTC,ThreatFox,
55,media,media,eagllefilms.com.br,eagllefilms[.]com[.]br,domain,IClickFix,ThreatFox,,,,0,100,2026-10-01 22:03:05 UTC,ThreatFox,
55,media,media,e-shobai.com,e-shobai[.]com,domain,IClickFix,ThreatFox,,,,0,100,2026-10-01 22:03:05 UTC,ThreatFox,
55,media,media,e-kathigitis.com,e-kathigitis[.]com,domain,IClickFix,ThreatFox,,,,0,100,2026-10-01 22:03:05 UTC,ThreatFox,
55,media,media,e-care.co.in,e-care[.]co[.]in,domain,IClickFix,ThreatFox,,,,0,100,2026-10-01 22:03:05 UTC,ThreatFox,
55,media,media,drmolinaroantonio.it,drmolinaroantonio[.]it,domain,IClickFix,ThreatFox,,,,0,100,2026-10-01 22:03:05 UTC,ThreatFox,
55,media,media,drmarkohara.co.uk,drmarkohara[.]co[.]uk,domain,IClickFix,ThreatFox,,,,0,100,2026-10-01 22:03:05 UTC,ThreatFox,
55,media,media,driverencargo.cl,driverencargo[.]cl,domain,IClickFix,ThreatFox,,,,0,100,2026-10-01 22:03:05 UTC,ThreatFox,
55,media,media,dr-etiket.com,dr-etiket[.]com,domain,IClickFix,ThreatFox,,,,0,100,2026-10-01 22:03:05 UTC,ThreatFox,
55,media,media,dpsglobal.in,dpsglobal[.]in,domain,IClickFix,ThreatFox,,,,0,100,2026-10-01 22:03:05 UTC,ThreatFox,
55,media,media,dpartefincas.com,dpartefincas[.]com,domain,IClickFix,ThreatFox,,,,0,100,2026-10-01 22:03:05 UTC,ThreatFox,
55,media,media,dosgrados.com.mx,dosgrados[.]com[.]mx,domain,IClickFix,ThreatFox,,,,0,100,2026-10-01 22:03:05 UTC,ThreatFox,
55,media,media,doppiozero-biella.it,doppiozero-biella[.]it,domain,IClickFix,ThreatFox,,,,0,100,2026-10-01 22:03:04 UTC,ThreatFox,
55,media,media,dogmaclimbing.com,dogmaclimbing[.]com,domain,IClickFix,ThreatFox,,,,0,100,2026-10-01 22:03:04 UTC,ThreatFox,
55,media,media,dod.com.pk,dod[.]com[.]pk,domain,IClickFix,ThreatFox,,,,0,100,2026-10-01 22:03:04 UTC,ThreatFox,
55,media,media,docteur-pierre-etchandy-chirurgiens-dentistes.fr,docteur-pierre-etchandy-chirurgiens-dentistes[.]fr,domain,IClickFix,ThreatFox,,,,0,100,2026-10-01 22:03:04 UTC,ThreatFox,
55,media,media,divinapamonha.com.br,divinapamonha[.]com[.]br,domain,IClickFix,ThreatFox,,,,0,100,2026-10-01 22:03:04 UTC,ThreatFox,
55,media,media,digitallead.co,digitallead[.]co,domain,IClickFix,ThreatFox,,,,0,100,2026-10-01 22:03:04 UTC,ThreatFox,
55,media,media,digitale-kundenkarte.de,digitale-kundenkarte[.]de,domain,IClickFix,ThreatFox,,,,0,100,2026-10-01 22:03:04 UTC,ThreatFox,
55,media,media,die-edelkastanie.de,die-edelkastanie[.]de,domain,IClickFix,ThreatFox,,,,0,100,2026-10-01 22:03:04 UTC,ThreatFox,
55,media,media,dhonisafetyandsportsnet.com,dhonisafetyandsportsnet[.]com,domain,IClickFix,ThreatFox,,,,0,100,2026-10-01 22:03:04 UTC,ThreatFox,
55,media,media,dezchem.pl,dezchem[.]pl,domain,IClickFix,ThreatFox,,,,0,100,2026-10-01 22:03:04 UTC,ThreatFox,
55,media,media,designersdundee.co.uk,designersdundee[.]co[.]uk,domain,IClickFix,ThreatFox,,,,0,100,2026-10-01 22:03:04 UTC,ThreatFox,
55,media,media,dermatologomastropasqua.it,dermatologomastropasqua[.]it,domain,IClickFix,ThreatFox,,,,0,100,2026-10-01 22:03:04 UTC,ThreatFox,
55,media,media,davidokotoni.com,davidokotoni[.]com,domain,IClickFix,ThreatFox,,,,0,100,2026-10-01 22:03:04 UTC,ThreatFox,
55,media,media,danielkiu.com,danielkiu[.]com,domain,IClickFix,ThreatFox,,,,0,100,2026-10-01 22:03:04 UTC,ThreatFox,
55,media,media,cursosolargoiania.com.br,cursosolargoiania[.]com[.]br,domain,IClickFix,ThreatFox,,,,0,100,2026-10-01 22:03:04 UTC,ThreatFox,
55,media,media,cursos-online-economicos.com,cursos-online-economicos[.]com,domain,IClickFix,ThreatFox,,,,0,100,2026-10-01 22:03:04 UTC,ThreatFox,
55,media,media,coopaltoviterbese.it,coopaltoviterbese[.]it,domain,IClickFix,ThreatFox,,,,0,100,2026-10-01 22:03:04 UTC,ThreatFox,
55,media,media,congecar2000.com,congecar2000[.]com,domain,IClickFix,ThreatFox,,,,0,100,2026-10-01 22:03:04 UTC,ThreatFox,
55,media,media,condorelli.net,condorelli[.]net,domain,IClickFix,ThreatFox,,,,0,100,2026-10-01 22:03:04 UTC,ThreatFox,
55,media,media,conaduhistorica.org.ar,conaduhistorica[.]org[.]ar,domain,IClickFix,ThreatFox,,,,0,100,2026-10-01 22:03:04 UTC,ThreatFox,
55,media,media,comnieu21.de,comnieu21[.]de,domain,IClickFix,ThreatFox,,,,0,100,2026-10-01 22:03:04 UTC,ThreatFox,
55,media,media,commun-it.com,commun-it[.]com,domain,IClickFix,ThreatFox,,,,0,100,2026-10-01 22:03:04 UTC,ThreatFox,
55,media,media,cofimsign.it,cofimsign[.]it,domain,IClickFix,ThreatFox,,,,0,100,2026-10-01 22:03:03 UTC,ThreatFox,
55,media,media,coabitareincondominio.com,coabitareincondominio[.]com,domain,IClickFix,ThreatFox,,,,0,100,2026-10-01 22:03:03 UTC,ThreatFox,
55,media,media,clinicalasarte.com,clinicalasarte[.]com,domain,IClickFix,ThreatFox,,,,0,100,2026-10-01 22:03:03 UTC,ThreatFox,
55,media,media,clinicacemediq.com,clinicacemediq[.]com,domain,IClickFix,ThreatFox,,,,0,100,2026-10-01 22:03:03 UTC,ThreatFox,
55,media,media,chockdee.co.th,chockdee[.]co[.]th,domain,IClickFix,ThreatFox,,,,0,100,2026-10-01 22:03:03 UTC,ThreatFox,
55,media,media,chinsinhuan.sg,chinsinhuan[.]sg,domain,IClickFix,ThreatFox,,,,0,100,2026-10-01 22:03:03 UTC,ThreatFox,
55,media,media,chexgroup.net,chexgroup[.]net,domain,IClickFix,ThreatFox,,,,0,100,2026-10-01 22:03:03 UTC,ThreatFox,
55,media,media,chantalcollincoaching.com,chantalcollincoaching[.]com,domain,IClickFix,ThreatFox,,,,0,100,2026-10-01 22:03:03 UTC,ThreatFox,
55,media,media,certusadvies.nl,certusadvies[.]nl,domain,IClickFix,ThreatFox,,,,0,100,2026-10-01 22:03:03 UTC,ThreatFox,
55,media,media,ceramicamontreal.com.br,ceramicamontreal[.]com[.]br,domain,IClickFix,ThreatFox,,,,0,100,2026-10-01 22:03:03 UTC,ThreatFox,
55,media,media,ccpt.ca,ccpt[.]ca,domain,IClickFix,ThreatFox,,,,0,100,2026-10-01 22:03:03 UTC,ThreatFox,
55,media,media,cbelec.cl,cbelec[.]cl,domain,IClickFix,ThreatFox,,,,0,100,2026-10-01 22:03:03 UTC,ThreatFox,
55,media,media,castillopropiedades.com.ar,castillopropiedades[.]com[.]ar,domain,IClickFix,ThreatFox,,,,0,100,2026-10-01 22:03:03 UTC,ThreatFox,
55,media,media,casasbeirario.com.br,casasbeirario[.]com[.]br,domain,IClickFix,ThreatFox,,,,0,100,2026-10-01 22:03:03 UTC,ThreatFox,
55,media,media,casaaloe.it,casaaloe[.]it,domain,IClickFix,ThreatFox,,,,0,100,2026-10-01 22:03:03 UTC,ThreatFox,
55,media,media,carpediem-ms.shop,carpediem-ms[.]shop,domain,IClickFix,ThreatFox,,,,0,100,2026-10-01 22:03:03 UTC,ThreatFox,
55,media,media,carotari-beton.ro,carotari-beton[.]ro,domain,IClickFix,ThreatFox,,,,0,100,2026-10-01 22:03:03 UTC,ThreatFox,
55,media,media,carolinanavascobo.com,carolinanavascobo[.]com,domain,IClickFix,ThreatFox,,,,0,100,2026-10-01 22:03:03 UTC,ThreatFox,
55,media,media,caperenovators.co.za,caperenovators[.]co[.]za,domain,IClickFix,ThreatFox,,,,0,100,2026-10-01 22:03:03 UTC,ThreatFox,
55,media,media,capacitas.edu.ar,capacitas[.]edu[.]ar,domain,IClickFix,ThreatFox,,,,0,100,2026-10-01 22:03:03 UTC,ThreatFox,
55,media,media,cannonballrunner.com,cannonballrunner[.]com,domain,IClickFix,ThreatFox,,,,0,100,2026-10-01 22:03:03 UTC,ThreatFox,
55,media,media,calablanca.com.mx,calablanca[.]com[.]mx,domain,IClickFix,ThreatFox,,,,0,100,2026-10-01 22:03:03 UTC,ThreatFox,
55,media,media,cabecoteparafresadora.com.br,cabecoteparafresadora[.]com[.]br,domain,IClickFix,ThreatFox,,,,0,100,2026-10-01 22:03:02 UTC,ThreatFox,
55,media,media,c-rose.com,c-rose[.]com,domain,IClickFix,ThreatFox,,,,0,100,2026-10-01 22:03:02 UTC,ThreatFox,
55,media,media,bwebnet.gr,bwebnet[.]gr,domain,IClickFix,ThreatFox,,,,0,100,2026-10-01 22:03:02 UTC,ThreatFox,
55,media,media,buzzwisemkt.com,buzzwisemkt[.]com,domain,IClickFix,ThreatFox,,,,0,100,2026-10-01 22:03:02 UTC,ThreatFox,
55,media,media,businesstopper.nl,businesstopper[.]nl,domain,IClickFix,ThreatFox,,,,0,100,2026-10-01 22:03:02 UTC,ThreatFox,
55,media,media,burrenprogramme.com,burrenprogramme[.]com,domain,IClickFix,ThreatFox,,,,0,100,2026-10-01 22:03:02 UTC,ThreatFox,
55,media,media,btpromyczki.pl,btpromyczki[.]pl,domain,IClickFix,ThreatFox,,,,0,100,2026-10-01 22:03:02 UTC,ThreatFox,
55,media,media,bsv-rehden.de,bsv-rehden[.]de,domain,IClickFix,ThreatFox,,,,0,100,2026-10-01 22:03:02 UTC,ThreatFox,
55,media,media,bsgmec.it,bsgmec[.]it,domain,IClickFix,ThreatFox,,,,0,100,2026-10-01 22:03:02 UTC,ThreatFox,
55,media,media,bronfenlegal.ca,bronfenlegal[.]ca,domain,IClickFix,ThreatFox,,,,0,100,2026-10-01 22:03:02 UTC,ThreatFox,
55,media,media,brazilianjusticeconnection.com,brazilianjusticeconnection[.]com,domain,IClickFix,ThreatFox,,,,0,100,2026-10-01 22:03:02 UTC,ThreatFox,
55,media,media,brasilallservice.com.br,brasilallservice[.]com[.]br,domain,IClickFix,ThreatFox,,,,0,100,2026-10-01 22:03:02 UTC,ThreatFox,
55,media,media,brandonbays.cz,brandonbays[.]cz,domain,IClickFix,ThreatFox,,,,0,100,2026-10-01 22:03:02 UTC,ThreatFox,
55,media,media,bmioli.be,bmioli[.]be,domain,IClickFix,ThreatFox,,,,0,100,2026-10-01 22:03:02 UTC,ThreatFox,
55,media,media,birperde.com,birperde[.]com,domain,IClickFix,ThreatFox,,,,0,100,2026-10-01 22:03:02 UTC,ThreatFox,
55,media,media,betflikevo.pro,betflikevo[.]pro,domain,IClickFix,ThreatFox,,,,0,100,2026-10-01 22:03:02 UTC,ThreatFox,
55,media,media,beppegallo.it,beppegallo[.]it,domain,IClickFix,ThreatFox,,,,0,100,2026-10-01 22:03:02 UTC,ThreatFox,
55,media,media,beautybysahara.de,beautybysahara[.]de,domain,IClickFix,ThreatFox,,,,0,100,2026-10-01 22:03:02 UTC,ThreatFox,
55,media,media,bdjconsult.com,bdjconsult[.]com,domain,IClickFix,ThreatFox,,,,0,100,2026-10-01 22:03:02 UTC,ThreatFox,
55,media,media,batory.tp1.pl,batory[.]tp1[.]pl,domain,IClickFix,ThreatFox,,,,0,100,2026-10-01 22:03:01 UTC,ThreatFox,
55,media,media,bariatrimedic.com,bariatrimedic[.]com,domain,IClickFix,ThreatFox,,,,0,100,2026-10-01 22:03:01 UTC,ThreatFox,
55,media,media,barakatmarkt.de,barakatmarkt[.]de,domain,IClickFix,ThreatFox,,,,0,100,2026-10-01 22:03:01 UTC,ThreatFox,
55,media,media,bar-pizzeria-stefy.it,bar-pizzeria-stefy[.]it,domain,IClickFix,ThreatFox,,,,0,100,2026-10-01 22:03:01 UTC,ThreatFox,
55,media,media,ballingmania.it,ballingmania[.]it,domain,IClickFix,ThreatFox,,,,0,100,2026-10-01 22:03:01 UTC,ThreatFox,
55,media,media,balifusarongs.com,balifusarongs[.]com,domain,IClickFix,ThreatFox,,,,0,100,2026-10-01 22:03:01 UTC,ThreatFox,
55,media,media,azcounselingtherapy.com,azcounselingtherapy[.]com,domain,IClickFix,ThreatFox,,,,0,100,2026-10-01 22:03:01 UTC,ThreatFox,
55,media,media,avantvivenda.es,avantvivenda[.]es,domain,IClickFix,ThreatFox,,,,0,100,2026-10-01 22:03:01 UTC,ThreatFox,
55,media,media,aukstagireskalnas.lt,aukstagireskalnas[.]lt,domain,IClickFix,ThreatFox,,,,0,100,2026-10-01 22:03:01 UTC,ThreatFox,
55,media,media,auapsi.edu.ar,auapsi[.]edu[.]ar,domain,IClickFix,ThreatFox,,,,0,100,2026-10-01 22:03:01 UTC,ThreatFox,
55,media,media,atompur.pl,atompur[.]pl,domain,IClickFix,ThreatFox,,,,0,100,2026-10-01 22:03:01 UTC,ThreatFox,
55,media,media,atanormineria.cl,atanormineria[.]cl,domain,IClickFix,ThreatFox,,,,0,100,2026-10-01 22:03:01 UTC,ThreatFox,
55,media,media,associazioneloi.it,associazioneloi[.]it,domain,IClickFix,ThreatFox,,,,0,100,2026-10-01 22:03:01 UTC,ThreatFox,
55,media,media,assikhlas.com,assikhlas[.]com,domain,IClickFix,ThreatFox,,,,0,100,2026-10-01 22:03:01 UTC,ThreatFox,
55,media,media,asfaltosugalde.cl,asfaltosugalde[.]cl,domain,IClickFix,ThreatFox,,,,0,100,2026-10-01 22:03:01 UTC,ThreatFox,
55,media,media,asesoresinfonavit.com,asesoresinfonavit[.]com,domain,IClickFix,ThreatFox,,,,0,100,2026-10-01 22:03:01 UTC,ThreatFox,
55,media,media,asd-tech.mx,asd-tech[.]mx,domain,IClickFix,ThreatFox,,,,0,100,2026-10-01 22:03:01 UTC,ThreatFox,
55,media,media,asa5.org.br,asa5[.]org[.]br,domain,IClickFix,ThreatFox,,,,0,100,2026-10-01 22:03:01 UTC,ThreatFox,
55,media,media,arrosyidhajiumroh.com,arrosyidhajiumroh[.]com,domain,IClickFix,ThreatFox,,,,0,100,2026-10-01 22:03:01 UTC,ThreatFox,
55,media,media,armangarage.ie,armangarage[.]ie,domain,IClickFix,ThreatFox,,,,0,100,2026-10-01 22:03:01 UTC,ThreatFox,
55,media,media,argan.cz,argan[.]cz,domain,IClickFix,ThreatFox,,,,0,100,2026-10-01 22:03:00 UTC,ThreatFox,
55,media,media,apicultura-online.com,apicultura-online[.]com,domain,IClickFix,ThreatFox,,,,0,100,2026-10-01 22:03:00 UTC,ThreatFox,
55,media,media,anubhamehta.com,anubhamehta[.]com,domain,IClickFix,ThreatFox,,,,0,100,2026-10-01 22:03:00 UTC,ThreatFox,
55,media,media,antoniopalumboterzo.com,antoniopalumboterzo[.]com,domain,IClickFix,ThreatFox,,,,0,100,2026-10-01 22:03:00 UTC,ThreatFox,
55,media,media,angelique-gelis.fr,angelique-gelis[.]fr,domain,IClickFix,ThreatFox,,,,0,100,2026-10-01 22:03:00 UTC,ThreatFox,
55,media,media,amalforlife.com,amalforlife[.]com,domain,IClickFix,ThreatFox,,,,0,100,2026-10-01 22:03:00 UTC,ThreatFox,
55,media,media,amaara.uk,amaara[.]uk,domain,IClickFix,ThreatFox,,,,0,100,2026-10-01 22:03:00 UTC,ThreatFox,
55,media,media,amaanipolyflakes.com,amaanipolyflakes[.]com,domain,IClickFix,ThreatFox,,,,0,100,2026-10-01 22:03:00 UTC,ThreatFox,
55,media,media,alrajhifoam.com,alrajhifoam[.]com,domain,IClickFix,ThreatFox,,,,0,100,2026-10-01 22:03:00 UTC,ThreatFox,
55,media,media,alldaytechnology.com,alldaytechnology[.]com,domain,IClickFix,ThreatFox,,,,0,100,2026-10-01 22:03:00 UTC,ThreatFox,
55,media,media,alldaygaragerepair.com,alldaygaragerepair[.]com,domain,IClickFix,ThreatFox,,,,0,100,2026-10-01 22:03:00 UTC,ThreatFox,
55,media,media,algafesrl.it,algafesrl[.]it,domain,IClickFix,ThreatFox,,,,0,100,2026-10-01 22:03:00 UTC,ThreatFox,
55,media,media,alesvet.com,alesvet[.]com,domain,IClickFix,ThreatFox,,,,0,100,2026-10-01 22:03:00 UTC,ThreatFox,
55,media,media,alchemia.biz,alchemia[.]biz,domain,IClickFix,ThreatFox,,,,0,100,2026-10-01 22:03:00 UTC,ThreatFox,
55,media,media,albertosaravalle.it,albertosaravalle[.]it,domain,IClickFix,ThreatFox,,,,0,100,2026-10-01 22:03:00 UTC,ThreatFox,
55,media,media,albertofarinella.it,albertofarinella[.]it,domain,IClickFix,ThreatFox,,,,0,100,2026-10-01 22:03:00 UTC,ThreatFox,
55,media,media,alawi.org.au,alawi[.]org[.]au,domain,IClickFix,ThreatFox,,,,0,100,2026-10-01 22:03:00 UTC,ThreatFox,
55,media,media,agrobiocilento.it,agrobiocilento[.]it,domain,IClickFix,ThreatFox,,,,0,100,2026-10-01 22:03:00 UTC,ThreatFox,
55,media,media,agenziadreamanimation.it,agenziadreamanimation[.]it,domain,IClickFix,ThreatFox,,,,0,100,2026-10-01 22:03:00 UTC,ThreatFox,
55,media,media,agenciaproject.com.br,agenciaproject[.]com[.]br,domain,IClickFix,ThreatFox,,,,0,100,2026-10-01 22:03:00 UTC,ThreatFox,
55,media,media,afcavado.pt,afcavado[.]pt,domain,IClickFix,ThreatFox,,,,0,100,2026-10-01 22:03:00 UTC,ThreatFox,
55,media,media,aemdesign.ro,aemdesign[.]ro,domain,IClickFix,ThreatFox,,,,0,100,2026-10-01 22:03:00 UTC,ThreatFox,
55,media,media,aebitalia.it,aebitalia[.]it,domain,IClickFix,ThreatFox,,,,0,100,2026-10-01 22:02:59 UTC,ThreatFox,
55,media,media,advir7.com.br,advir7[.]com[.]br,domain,IClickFix,ThreatFox,,,,0,100,2026-10-01 22:02:59 UTC,ThreatFox,
55,media,media,adtjumpstyle.com,adtjumpstyle[.]com,domain,IClickFix,ThreatFox,,,,0,100,2026-10-01 22:02:59 UTC,ThreatFox,
55,media,media,acyss.es,acyss[.]es,domain,IClickFix,ThreatFox,,,,0,100,2026-10-01 22:02:59 UTC,ThreatFox,
55,media,media,acquatectratamentodeaguas.com.br,acquatectratamentodeaguas[.]com[.]br,domain,IClickFix,ThreatFox,,,,0,100,2026-10-01 22:02:59 UTC,ThreatFox,
55,media,media,acquasports24h.com.br,acquasports24h[.]com[.]br,domain,IClickFix,ThreatFox,,,,0,100,2026-10-01 22:02:59 UTC,ThreatFox,
55,media,media,acidsurvivors.org,acidsurvivors[.]org,domain,IClickFix,ThreatFox,,,,0,100,2026-10-01 22:02:59 UTC,ThreatFox,
55,media,media,absoluteenvironmental.ca,absoluteenvironmental[.]ca,domain,IClickFix,ThreatFox,,,,0,100,2026-10-01 22:02:59 UTC,ThreatFox,
55,media,media,abogadodesalud.net,abogadodesalud[.]net,domain,IClickFix,ThreatFox,,,,0,100,2026-10-01 22:02:59 UTC,ThreatFox,
55,media,media,aartista.com.br,aartista[.]com[.]br,domain,IClickFix,ThreatFox,,,,0,100,2026-10-01 22:02:59 UTC,ThreatFox,
55,media,media,99inches.com,99inches[.]com,domain,IClickFix,ThreatFox,,,,0,100,2026-10-01 22:02:59 UTC,ThreatFox,
55,media,media,514photobooth.com,514photobooth[.]com,domain,IClickFix,ThreatFox,,,,0,100,2026-10-01 22:02:59 UTC,ThreatFox,
55,media,media,360alertsecurity.co.uk,360alertsecurity[.]co[.]uk,domain,IClickFix,ThreatFox,,,,0,100,2026-10-01 22:02:59 UTC,ThreatFox,
55,media,media,2mdinfissi.it,2mdinfissi[.]it,domain,IClickFix,ThreatFox,,,,0,100,2026-10-01 22:02:59 UTC,ThreatFox,
55,media,media,111tv.it,111tv[.]it,domain,IClickFix,ThreatFox,,,,0,100,2026-10-01 22:02:59 UTC,ThreatFox,
54,media,alta,palinda.w3servers.net,palinda[.]w3servers[.]net,domain,ClearFake,ThreatFox,,1/91,,0,90,2026-10-02 21:57:32 UTC,ThreatFox,
54,media,alta,86347008.roxymigurdia.wiki,86347008[.]roxymigurdia[.]wiki,domain,ClearFake,ThreatFox,,,,0,90,2026-10-02 21:21:53 UTC,ThreatFox,
54,media,alta,www.lesondeleau.fr,www[.]lesondeleau[.]fr,domain,ClearFake,ThreatFox,,,,0,90,2026-10-02 21:16:54 UTC,ThreatFox,
54,media,alta,allowcsxan2.site,allowcsxan2[.]site,domain,ClearFake,ThreatFox,,,,0,90,2026-10-02 21:01:19 UTC,ThreatFox,
54,media,media,e453dd92671fb00bdedbd35b4c82dbf100125b8388a97b47e83acf7816f6ca86,e453dd92671fb00bdedbd35b4c82dbf100125b8388a97b47e83acf7816f6ca86,sha256_hash,VShell,ThreatFox,,,,0,95,2026-10-02 20:46:12 UTC,ThreatFox,
54,media,media,http://176.65.139.78/loader.sh,hxxp://176[.]65[.]139[.]78/loader[.]sh,url,Unknown malware,ThreatFox,,,,0,90,2026-10-02 20:39:06 UTC,ThreatFox,
54,media,alta,pelviticino.ch,pelviticino[.]ch,domain,ClearFake,ThreatFox,,,,0,90,2026-10-02 20:09:49 UTC,ThreatFox,
54,media,alta,apulostereo.com,apulostereo[.]com,domain,ClearFake,ThreatFox,,,,0,90,2026-10-02 20:09:49 UTC,ThreatFox,
54,media,alta,englishsports.com.br,englishsports[.]com[.]br,domain,ClearFake,ThreatFox,,,,0,90,2026-10-02 20:09:48 UTC,ThreatFox,
54,media,alta,colouryourlife.ca,colouryourlife[.]ca,domain,ClearFake,ThreatFox,,,,0,90,2026-10-02 19:03:53 UTC,ThreatFox,
54,media,alta,f113c084.wignalllindor.wiki,f113c084[.]wignalllindor[.]wiki,domain,ClearFake,ThreatFox,,,,0,90,2026-10-02 18:17:52 UTC,ThreatFox,
54,media,alta,wetrainsimulation.com,wetrainsimulation[.]com,domain,ClearFake,ThreatFox,,,,0,90,2026-10-02 18:17:31 UTC,ThreatFox,
54,media,alta,ukengineering.in,ukengineering[.]in,domain,ClearFake,ThreatFox,,,,0,90,2026-10-02 18:07:30 UTC,ThreatFox,
54,media,alta,zeuscorp.net,zeuscorp[.]net,domain,ClearFake,ThreatFox,,,,0,90,2026-10-02 18:07:29 UTC,ThreatFox,
54,media,alta,ufabet168.wiki,ufabet168[.]wiki,domain,ClearFake,ThreatFox,,,,0,90,2026-10-02 18:07:29 UTC,ThreatFox,
54,media,alta,www.kampaiima.com.br,www[.]kampaiima[.]com[.]br,domain,ClearFake,ThreatFox,,,,0,90,2026-10-02 18:07:29 UTC,ThreatFox,
54,media,alta,www.charteredbuilder.associates,www[.]charteredbuilder[.]associates,domain,ClearFake,ThreatFox,,,,0,90,2026-10-02 18:07:29 UTC,ThreatFox,
54,media,alta,www.eruya.net,www[.]eruya[.]net,domain,ClearFake,ThreatFox,,,,0,90,2026-10-02 17:57:27 UTC,ThreatFox,
54,media,media,66d84f2ec76bf0bba458e581e75457b7e9678b16fe4e3f6d383c11cf214eb24e,66d84f2ec76bf0bba458e581e75457b7e9678b16fe4e3f6d383c11cf214eb24e,sha256_hash,SNOWLIGHT,ThreatFox,,,,0,95,2026-10-02 17:46:21 UTC,ThreatFox,
54,media,media,d65cddbdda4284ee9585156779256627606757d29665b6339cd9083c64973c5f,d65cddbdda4284ee9585156779256627606757d29665b6339cd9083c64973c5f,sha256_hash,SNOWLIGHT,ThreatFox,,,,0,95,2026-10-02 17:46:20 UTC,ThreatFox,
54,media,alta,d188167a5f520c91143254ebb985715cb590440e9632a39c57201cf5abe69bba,d188167a5f520c91143254ebb985715cb590440e9632a39c57201cf5abe69bba,sha256_hash,Mirai,ThreatFox,,,,0,95,2026-10-02 17:46:19 UTC,ThreatFox,
54,media,alta,12b0ff56a1c0540202125f596611767650df8a32aa0690561153440b006abb3b,12b0ff56a1c0540202125f596611767650df8a32aa0690561153440b006abb3b,sha256_hash,Mirai,ThreatFox,,,,0,95,2026-10-02 17:46:09 UTC,ThreatFox,
54,media,alta,d5c876aed3c43d53d1c37d5ea33a44e84fcd3af80a10c53b020fb8946bfd3765,d5c876aed3c43d53d1c37d5ea33a44e84fcd3af80a10c53b020fb8946bfd3765,sha256_hash,Mirai,ThreatFox,,,,0,95,2026-10-02 17:46:08 UTC,ThreatFox,
54,media,alta,04f7db4082c3f08f8f849453bcc182002d798d932335dc69ab06e009c0ac31f3,04f7db4082c3f08f8f849453bcc182002d798d932335dc69ab06e009c0ac31f3,sha256_hash,Mirai,ThreatFox,,,,0,95,2026-10-02 17:46:07 UTC,ThreatFox,
54,media,alta,73695282607747038a31f516e3f8310a67ae6f2f9e4a0b90b55a40f77272e559,73695282607747038a31f516e3f8310a67ae6f2f9e4a0b90b55a40f77272e559,sha256_hash,Mirai,ThreatFox,,,,0,90,2026-10-02 17:46:06 UTC,ThreatFox,
54,media,alta,dba5d7c1fe4c4f1c8fbfc7d4f2392499c79e4fe381b8a89b6ee4e3df34502bf5,dba5d7c1fe4c4f1c8fbfc7d4f2392499c79e4fe381b8a89b6ee4e3df34502bf5,sha256_hash,Mirai,ThreatFox,,,,0,95,2026-10-02 17:46:05 UTC,ThreatFox,
54,media,alta,80d1f30cf2cb3ae74a25cadcea8533011143650a64370c7d9375fd6838be32d9,80d1f30cf2cb3ae74a25cadcea8533011143650a64370c7d9375fd6838be32d9,sha256_hash,Mirai,ThreatFox,,,,0,95,2026-10-02 17:46:04 UTC,ThreatFox,
54,media,alta,348da505c519be2d2a642c7e585b871ebc819153dc2a26574265f67663ba48ba,348da505c519be2d2a642c7e585b871ebc819153dc2a26574265f67663ba48ba,sha256_hash,Mirai,ThreatFox,,,,0,95,2026-10-02 17:46:02 UTC,ThreatFox,
54,media,alta,66c2cd61658c31671992e1a0d1664c6cdf478ed935c5079d5b6e835fdeabbe53,66c2cd61658c31671992e1a0d1664c6cdf478ed935c5079d5b6e835fdeabbe53,sha256_hash,Mirai,ThreatFox,,,,0,95,2026-10-02 17:46:01 UTC,ThreatFox,
54,media,alta,172b3813ab46061af640c3de071869142ee11f2377358f34aaa1d671c53366a3,172b3813ab46061af640c3de071869142ee11f2377358f34aaa1d671c53366a3,sha256_hash,Mirai,ThreatFox,,,,0,95,2026-10-02 17:46:00 UTC,ThreatFox,
54,media,alta,1f7d6650319eeffeb9d2742f28bddd702606cc0f069681e802063d96ef6cdeed,1f7d6650319eeffeb9d2742f28bddd702606cc0f069681e802063d96ef6cdeed,sha256_hash,Mirai,ThreatFox,,,,0,95,2026-10-02 17:45:59 UTC,ThreatFox,
54,media,alta,73de1ed8b3b3cfd62657d07b423409f3ef86d1176036b23e5519b504c2278e42,73de1ed8b3b3cfd62657d07b423409f3ef86d1176036b23e5519b504c2278e42,sha256_hash,Mirai,ThreatFox,,,,0,95,2026-10-02 17:45:58 UTC,ThreatFox,
54,media,alta,4d4d8bbccbf743705707ad18d97db2eb818e9d5e152af16e6fb64631aa5481a1,4d4d8bbccbf743705707ad18d97db2eb818e9d5e152af16e6fb64631aa5481a1,sha256_hash,Mirai,ThreatFox,,,,0,95,2026-10-02 17:45:57 UTC,ThreatFox,
54,media,alta,85da18f5c68aae1c1f6bba48083c841b72f19e81a3fbfb6289154c6b0b5b20ba,85da18f5c68aae1c1f6bba48083c841b72f19e81a3fbfb6289154c6b0b5b20ba,sha256_hash,Mirai,ThreatFox,,,,0,95,2026-10-02 17:45:56 UTC,ThreatFox,
54,media,alta,eb2f8dce5497c7254c3af535926f5db8b59dfaa2731e93726d3e768cc57fb104,eb2f8dce5497c7254c3af535926f5db8b59dfaa2731e93726d3e768cc57fb104,sha256_hash,Mirai,ThreatFox,,,,0,95,2026-10-02 17:45:55 UTC,ThreatFox,
54,media,media,http://45.125.32.79:6699/?h=45.125.32.79&p=6699&t=ws&a=w64&stage=true,hxxp://45[.]125[.]32[.]79:6699/?h=45[.]125[.]32[.]79&p=6699&t=ws&a=w64&stage=true,url,VShell,ThreatFox,,,,0,95,2026-10-02 17:41:05 UTC,ThreatFox,
54,media,media,http://45.125.32.79:6699/?h=45.125.32.79&p=6699&t=tcp&a=w32&stage=true,hxxp://45[.]125[.]32[.]79:6699/?h=45[.]125[.]32[.]79&p=6699&t=tcp&a=w32&stage=true,url,VShell,ThreatFox,,,,0,95,2026-10-02 17:41:04 UTC,ThreatFox,
54,media,media,https://www.rgrd90.cc/set.msi,hxxps://www[.]rgrd90[.]cc/set[.]msi,url,RMS,ThreatFox,,,,0,90,2026-10-02 17:39:07 UTC,ThreatFox,
54,media,alta,grupomedic.eng.br,grupomedic[.]eng[.]br,domain,ClearFake,ThreatFox,,,,0,90,2026-10-02 17:37:25 UTC,ThreatFox,
54,media,alta,mercadodemascotas.com,mercadodemascotas[.]com,domain,ClearFake,ThreatFox,,,,0,90,2026-10-02 17:37:25 UTC,ThreatFox,
54,media,alta,hiramdesigns.com,hiramdesigns[.]com,domain,ClearFake,ThreatFox,,,,0,90,2026-10-02 17:37:24 UTC,ThreatFox,
54,media,alta,indian4club.org,indian4club[.]org,domain,ClearFake,ThreatFox,,,,0,90,2026-10-02 17:37:24 UTC,ThreatFox,
54,media,alta,pouchportal.co.uk,pouchportal[.]co[.]uk,domain,ClearFake,ThreatFox,,,,0,90,2026-10-02 17:27:23 UTC,ThreatFox,
54,media,alta,pmetal.cl,pmetal[.]cl,domain,ClearFake,ThreatFox,,,,0,90,2026-10-02 17:27:23 UTC,ThreatFox,
54,media,alta,shootingstraightradio.com,shootingstraightradio[.]com,domain,ClearFake,ThreatFox,,,,0,90,2026-10-02 17:16:41 UTC,ThreatFox,
54,media,alta,fitwellscaffolding.com,fitwellscaffolding[.]com,domain,ClearFake,ThreatFox,,,,0,90,2026-10-02 17:06:40 UTC,ThreatFox,
54,media,alta,serrarea.com,serrarea[.]com,domain,ClearFake,ThreatFox,,,,0,90,2026-10-02 16:56:39 UTC,ThreatFox,
54,media,alta,hasgroothandel.nl,hasgroothandel[.]nl,domain,ClearFake,ThreatFox,,,,0,90,2026-10-02 16:56:39 UTC,ThreatFox,
54,media,media,https://colmenacomunicacion.com/,hxxps://colmenacomunicacion[.]com/,url,Unknown malware,ThreatFox,,,,0,90,2026-10-02 16:31:04 UTC,ThreatFox,https://clickfix.carsonww.com/domains/colmenacomunicacion.com
54,media,media,https://fr.lmc.ca/,hxxps://fr[.]lmc[.]ca/,url,Unknown malware,ThreatFox,,,,0,90,2026-10-02 16:31:04 UTC,ThreatFox,https://clickfix.carsonww.com/domains/fr.lmc.ca
54,media,alta,elitesmartev.com,elitesmartev[.]com,domain,ClearFake,ThreatFox,,,,0,90,2026-10-02 16:26:35 UTC,ThreatFox,
54,media,alta,darmazaar.com,darmazaar[.]com,domain,ClearFake,ThreatFox,,,,0,90,2026-10-02 16:04:37 UTC,ThreatFox,
54,media,alta,victoryfisio.ch,victoryfisio[.]ch,domain,ClearFake,ThreatFox,,,,0,90,2026-10-02 15:07:23 UTC,ThreatFox,
54,media,alta,arifbhattiministries.com,arifbhattiministries[.]com,domain,ClearFake,ThreatFox,,,,0,90,2026-10-02 15:07:22 UTC,ThreatFox,
54,media,alta,bewusste-schwangerschaft.com,bewusste-schwangerschaft[.]com,domain,ClearFake,ThreatFox,,,,0,90,2026-10-02 15:07:22 UTC,ThreatFox,
54,media,alta,atelier-merci.com,atelier-merci[.]com,domain,ClearFake,ThreatFox,,,,0,90,2026-10-02 15:07:22 UTC,ThreatFox,
54,media,media,humanwebpage.online,humanwebpage[.]online,domain,Unknown malware,ThreatFox,,,,0,90,2026-10-02 15:01:19 UTC,ThreatFox,
54,media,media,sunnycloud.online,sunnycloud[.]online,domain,Unknown malware,ThreatFox,,,,0,90,2026-10-02 15:01:19 UTC,ThreatFox,
54,media,media,https://humanwebpage.online,hxxps://humanwebpage[.]online,url,Unknown malware,ThreatFox,,,,0,90,2026-10-02 15:01:19 UTC,ThreatFox,
54,media,media,https://sunnycloud.online,hxxps://sunnycloud[.]online,url,Unknown malware,ThreatFox,,,,0,90,2026-10-02 15:01:18 UTC,ThreatFox,
54,media,media,https://sweetdreamreborn.store/,hxxps://sweetdreamreborn[.]store/,url,Unknown malware,ThreatFox,,,,0,90,2026-10-02 15:01:08 UTC,ThreatFox,https://clickfix.carsonww.com/domains/sweetdreamreborn.store
54,media,alta,5a12e4935f8b9504f6a2d0459478ea64,5a12e4935f8b9504f6a2d0459478ea64,md5_hash,CrossRAT,ThreatFox,,,,0,95,2026-10-02 14:59:48 UTC,ThreatFox,
54,media,alta,ef8e4943611382bc5976388286d0a9bd413e4bdb,ef8e4943611382bc5976388286d0a9bd413e4bdb,sha1_hash,CrossRAT,ThreatFox,,,,0,95,2026-10-02 14:59:48 UTC,ThreatFox,
54,media,alta,9121ef0f2d7b2cc3c887420ecb1eae214db9cb780433d11565ab8c98a6ad99ec,9121ef0f2d7b2cc3c887420ecb1eae214db9cb780433d11565ab8c98a6ad99ec,sha256_hash,CrossRAT,ThreatFox,,,,0,95,2026-10-02 14:59:48 UTC,ThreatFox,
54,media,media,3a91a3a45a3f8bd79e42b9c9b1c90f7d,3a91a3a45a3f8bd79e42b9c9b1c90f7d,md5_hash,VShell,ThreatFox,,,,0,95,2026-10-02 14:59:47 UTC,ThreatFox,
54,media,alta,auratheme.org,auratheme[.]org,domain,ClearFake,ThreatFox,,,,0,90,2026-10-02 14:57:20 UTC,ThreatFox,
54,media,media,e1b346ce4ac2bae7148be12926e6b990c236b1ae,e1b346ce4ac2bae7148be12926e6b990c236b1ae,sha1_hash,VShell,ThreatFox,,,,0,95,2026-10-02 14:50:31 UTC,ThreatFox,
54,media,media,c70c574562708a7cf41df894f10d2516,c70c574562708a7cf41df894f10d2516,md5_hash,VShell,ThreatFox,,,,0,95,2026-10-02 14:50:31 UTC,ThreatFox,
54,media,media,4fbf96d20382328011ac362e5f2f60a825a3c456,4fbf96d20382328011ac362e5f2f60a825a3c456,sha1_hash,VShell,ThreatFox,,,,0,95,2026-10-02 14:50:30 UTC,ThreatFox,
54,media,media,723ef6c0cfe1bba47ffea59beb16d14d,723ef6c0cfe1bba47ffea59beb16d14d,md5_hash,VShell,ThreatFox,,,,0,95,2026-10-02 14:50:30 UTC,ThreatFox,
54,media,media,a664ac390da1349e3596d58e4e7a94080ee73663,a664ac390da1349e3596d58e4e7a94080ee73663,sha1_hash,VShell,ThreatFox,,,,0,95,2026-10-02 14:50:30 UTC,ThreatFox,
54,media,media,e5259c119b460f9d55d01978a01e428f,e5259c119b460f9d55d01978a01e428f,md5_hash,VShell,ThreatFox,,,,0,95,2026-10-02 14:50:29 UTC,ThreatFox,
54,media,media,58d2efc9e8dc3c9764e58ce3fe5f0e65d67d49b5,58d2efc9e8dc3c9764e58ce3fe5f0e65d67d49b5,sha1_hash,VShell,ThreatFox,,,,0,95,2026-10-02 14:50:29 UTC,ThreatFox,
54,media,media,91ade8fc3cead6276f054d564b5a321d,91ade8fc3cead6276f054d564b5a321d,md5_hash,VShell,ThreatFox,,,,0,95,2026-10-02 14:50:28 UTC,ThreatFox,
54,media,media,2530c7d2c59b8b12e27d8a2d4ff382659c5d5f14,2530c7d2c59b8b12e27d8a2d4ff382659c5d5f14,sha1_hash,VShell,ThreatFox,,,,0,95,2026-10-02 14:50:28 UTC,ThreatFox,
54,media,media,6fe69e1d0ca60ffa633c86374f962c74,6fe69e1d0ca60ffa633c86374f962c74,md5_hash,VShell,ThreatFox,,,,0,95,2026-10-02 14:50:27 UTC,ThreatFox,
54,media,media,df61d42258401d0116e4054b9c1c2d4c28fd1b39,df61d42258401d0116e4054b9c1c2d4c28fd1b39,sha1_hash,VShell,ThreatFox,,,,0,95,2026-10-02 14:50:27 UTC,ThreatFox,
54,media,media,1a751cf6fdd0cda9148b2db6be136616,1a751cf6fdd0cda9148b2db6be136616,md5_hash,VShell,ThreatFox,,,,0,95,2026-10-02 14:50:26 UTC,ThreatFox,
54,media,media,468fd4821b88c4236276a5b9a1ab37d7c51fe131,468fd4821b88c4236276a5b9a1ab37d7c51fe131,sha1_hash,VShell,ThreatFox,,,,0,95,2026-10-02 14:50:26 UTC,ThreatFox,
54,media,media,b295cdcdd65caf39f3a9bb72f0b7acf6,b295cdcdd65caf39f3a9bb72f0b7acf6,md5_hash,VShell,ThreatFox,,,,0,95,2026-10-02 14:50:25 UTC,ThreatFox,
54,media,media,ce54add58a79f1effff1485edbfe410676d08c9d,ce54add58a79f1effff1485edbfe410676d08c9d,sha1_hash,VShell,ThreatFox,,,,0,95,2026-10-02 14:50:25 UTC,ThreatFox,
54,media,media,969b08e15fddacefa6bb67a94dba64a9,969b08e15fddacefa6bb67a94dba64a9,md5_hash,GCleaner,ThreatFox,,,,0,95,2026-10-02 14:50:24 UTC,ThreatFox,
54,media,media,a07781a7a47a493a285c71aaf937aa96e5c6430d,a07781a7a47a493a285c71aaf937aa96e5c6430d,sha1_hash,GCleaner,ThreatFox,,,,0,95,2026-10-02 14:50:24 UTC,ThreatFox,
54,media,media,87a52c46f1cd13cebba5d45c6a793f96b311514fd41ba70051bb3fb1c1dd6bbb,87a52c46f1cd13cebba5d45c6a793f96b311514fd41ba70051bb3fb1c1dd6bbb,sha256_hash,GCleaner,ThreatFox,,,,0,95,2026-10-02 14:50:24 UTC,ThreatFox,
54,media,media,236ed5d47571a5e9857e88e995ca3186,236ed5d47571a5e9857e88e995ca3186,md5_hash,VShell,ThreatFox,,,,0,95,2026-10-02 14:50:23 UTC,ThreatFox,
54,media,media,602c47adbca46b1ad2127e2bfebb1280756f65af,602c47adbca46b1ad2127e2bfebb1280756f65af,sha1_hash,VShell,ThreatFox,,,,0,95,2026-10-02 14:50:23 UTC,ThreatFox,
54,media,media,8234427b6af938569449c28a97e7e4ba,8234427b6af938569449c28a97e7e4ba,md5_hash,VShell,ThreatFox,,,,0,95,2026-10-02 14:50:23 UTC,ThreatFox,
54,media,media,2351f5744b77f7cff494b42dea0bfe4193b35bd8,2351f5744b77f7cff494b42dea0bfe4193b35bd8,sha1_hash,VShell,ThreatFox,,,,0,95,2026-10-02 14:50:22 UTC,ThreatFox,
54,media,media,dfa7cdfec52eef50a722413820c63042,dfa7cdfec52eef50a722413820c63042,md5_hash,VShell,ThreatFox,,,,0,95,2026-10-02 14:50:22 UTC,ThreatFox,
54,media,media,9d16ab90057bb4de193680a306b967305d42fdc9,9d16ab90057bb4de193680a306b967305d42fdc9,sha1_hash,VShell,ThreatFox,,,,0,95,2026-10-02 14:50:22 UTC,ThreatFox,
54,media,media,071d10ae47c1f2b8622577937d2beca3,071d10ae47c1f2b8622577937d2beca3,md5_hash,VShell,ThreatFox,,,,0,95,2026-10-02 14:50:21 UTC,ThreatFox,
54,media,media,43a31b73270709158e38ddaeee51f84b2a0e67f7,43a31b73270709158e38ddaeee51f84b2a0e67f7,sha1_hash,VShell,ThreatFox,,,,0,95,2026-10-02 14:50:21 UTC,ThreatFox,
54,media,media,f67951d7458c0dfb220d17d61890a9f0,f67951d7458c0dfb220d17d61890a9f0,md5_hash,VShell,ThreatFox,,,,0,95,2026-10-02 14:50:20 UTC,ThreatFox,
54,media,media,bdea1cf2773e57edee7aa289cebed3fca5fffaa3,bdea1cf2773e57edee7aa289cebed3fca5fffaa3,sha1_hash,VShell,ThreatFox,,,,0,95,2026-10-02 14:50:20 UTC,ThreatFox,
54,media,media,44b68a5dc489e38bcca704342c60eaa3,44b68a5dc489e38bcca704342c60eaa3,md5_hash,VShell,ThreatFox,,,,0,95,2026-10-02 14:50:19 UTC,ThreatFox,
54,media,media,cf2eae73377cb2fba1d99dd5832909faf9046750,cf2eae73377cb2fba1d99dd5832909faf9046750,sha1_hash,VShell,ThreatFox,,,,0,95,2026-10-02 14:50:19 UTC,ThreatFox,
54,media,media,899da62728f6d0dfd3fe7f0dd6cee595,899da62728f6d0dfd3fe7f0dd6cee595,md5_hash,VShell,ThreatFox,,,,0,95,2026-10-02 14:50:18 UTC,ThreatFox,
54,media,media,fb71d2e81eba80cd7b235ba20182500ac25d4ad4,fb71d2e81eba80cd7b235ba20182500ac25d4ad4,sha1_hash,VShell,ThreatFox,,,,0,95,2026-10-02 14:50:18 UTC,ThreatFox,
54,media,alta,cfc04b28157e343eea79281900a771b3,cfc04b28157e343eea79281900a771b3,md5_hash,RN Stealer,ThreatFox,,,,0,95,2026-10-02 14:50:17 UTC,ThreatFox,
54,media,alta,3902b8d603e54d69e10ed88b0d9c7d665c587968,3902b8d603e54d69e10ed88b0d9c7d665c587968,sha1_hash,RN Stealer,ThreatFox,,,,0,95,2026-10-02 14:50:17 UTC,ThreatFox,
54,media,alta,04121f81feba7762419689606f3af143e42ac86ea04b246168ac0420bfc5f797,04121f81feba7762419689606f3af143e42ac86ea04b246168ac0420bfc5f797,sha256_hash,RN Stealer,ThreatFox,,,,0,95,2026-10-02 14:50:17 UTC,ThreatFox,
54,media,media,48bbd5782504502fe420c4806db7cace,48bbd5782504502fe420c4806db7cace,md5_hash,NetWire RC,ThreatFox,,,,0,95,2026-10-02 14:50:16 UTC,ThreatFox,
54,media,media,0269170b3ef6da558aca1c8bca1253ca4d35a88e,0269170b3ef6da558aca1c8bca1253ca4d35a88e,sha1_hash,NetWire RC,ThreatFox,,,,0,95,2026-10-02 14:50:16 UTC,ThreatFox,
54,media,media,b8884c8899f6ac4f8999c0736d04a856d3e7d9d57c775513078bd63b4bfd2d3f,b8884c8899f6ac4f8999c0736d04a856d3e7d9d57c775513078bd63b4bfd2d3f,sha256_hash,NetWire RC,ThreatFox,,,,0,95,2026-10-02 14:50:16 UTC,ThreatFox,
54,media,media,beba98e5200d0580e7085436b270f536,beba98e5200d0580e7085436b270f536,md5_hash,VShell,ThreatFox,,,,0,95,2026-10-02 14:50:15 UTC,ThreatFox,
54,media,media,1f870a310834f3389d87b9ad5f20b07545629e0e,1f870a310834f3389d87b9ad5f20b07545629e0e,sha1_hash,VShell,ThreatFox,,,,0,95,2026-10-02 14:50:15 UTC,ThreatFox,
54,media,media,634c771e7cca5a60e98def6c1827dfac,634c771e7cca5a60e98def6c1827dfac,md5_hash,VShell,ThreatFox,,,,0,95,2026-10-02 14:50:15 UTC,ThreatFox,
54,media,media,a373126d412c277c86735cb62649c5ecd28a5181,a373126d412c277c86735cb62649c5ecd28a5181,sha1_hash,VShell,ThreatFox,,,,0,95,2026-10-02 14:50:14 UTC,ThreatFox,
54,media,media,4ddaff017607c53607551d6d328c08aa,4ddaff017607c53607551d6d328c08aa,md5_hash,VShell,ThreatFox,,,,0,95,2026-10-02 14:50:14 UTC,ThreatFox,
54,media,media,629bcd0d42d9d3fdcd6176700332c43b5c704f97,629bcd0d42d9d3fdcd6176700332c43b5c704f97,sha1_hash,VShell,ThreatFox,,,,0,95,2026-10-02 14:50:14 UTC,ThreatFox,
54,media,media,0f33cc2ca158f916e0f6e4f1e020f05e,0f33cc2ca158f916e0f6e4f1e020f05e,md5_hash,VShell,ThreatFox,,,,0,95,2026-10-02 14:50:13 UTC,ThreatFox,
54,media,media,d71f57b91933c06ff11a14762b17794ee7caa934,d71f57b91933c06ff11a14762b17794ee7caa934,sha1_hash,VShell,ThreatFox,,,,0,95,2026-10-02 14:50:13 UTC,ThreatFox,
54,media,media,8ce80aaa7f59f63a115a0bd99c2a7796,8ce80aaa7f59f63a115a0bd99c2a7796,md5_hash,VShell,ThreatFox,,,,0,95,2026-10-02 14:50:12 UTC,ThreatFox,
54,media,media,efb12cd936ab6f1499ff20a9fcca122f8af7081d,efb12cd936ab6f1499ff20a9fcca122f8af7081d,sha1_hash,VShell,ThreatFox,,,,0,95,2026-10-02 14:50:12 UTC,ThreatFox,
54,media,media,168935f2a155f7d2385b1fce86543ba5,168935f2a155f7d2385b1fce86543ba5,md5_hash,WannaCryptor,ThreatFox,,,,0,95,2026-10-02 14:50:12 UTC,ThreatFox,
54,media,media,7a149a4922ae27f48de2ed527a34edb58fa646f7,7a149a4922ae27f48de2ed527a34edb58fa646f7,sha1_hash,WannaCryptor,ThreatFox,,,,0,95,2026-10-02 14:50:11 UTC,ThreatFox,
54,media,media,312cf3b93b80caeffa7c5b9b77ec505dfccb88adaffa516dc19dd5c9a140da14,312cf3b93b80caeffa7c5b9b77ec505dfccb88adaffa516dc19dd5c9a140da14,sha256_hash,WannaCryptor,ThreatFox,,,,0,95,2026-10-02 14:50:11 UTC,ThreatFox,
54,media,alta,d9308962ded34dc930c02c17e615eb7d,d9308962ded34dc930c02c17e615eb7d,md5_hash,Formbook,ThreatFox,,,,0,95,2026-10-02 14:50:11 UTC,ThreatFox,
54,media,alta,65764bf3b4422bcce4ee50b5e171dbc54f7d26c6,65764bf3b4422bcce4ee50b5e171dbc54f7d26c6,sha1_hash,Formbook,ThreatFox,,,,0,95,2026-10-02 14:50:10 UTC,ThreatFox,
54,media,alta,3d9749403fa06f24ca82efc3f9250da240c57d99163aa0121a4cb565d606b9a8,3d9749403fa06f24ca82efc3f9250da240c57d99163aa0121a4cb565d606b9a8,sha256_hash,Formbook,ThreatFox,,,,0,95,2026-10-02 14:50:10 UTC,ThreatFox,
54,media,media,db807ebaff3009ce314772baf347529a,db807ebaff3009ce314772baf347529a,md5_hash,WannaCryptor,ThreatFox,,,,0,95,2026-10-02 14:50:10 UTC,ThreatFox,
54,media,media,90e4b41f08adef7a6056f87b37332946cb7481f8,90e4b41f08adef7a6056f87b37332946cb7481f8,sha1_hash,WannaCryptor,ThreatFox,,,,0,95,2026-10-02 14:50:10 UTC,ThreatFox,
54,media,media,5c6d2bdb58ca319c1c59fa0379fbc542b3fa2378f2ecbc9b334642e4a740819f,5c6d2bdb58ca319c1c59fa0379fbc542b3fa2378f2ecbc9b334642e4a740819f,sha256_hash,WannaCryptor,ThreatFox,,,,0,95,2026-10-02 14:50:09 UTC,ThreatFox,
54,media,media,d26dcee9175d152bb8c5dfbb70485e98,d26dcee9175d152bb8c5dfbb70485e98,md5_hash,Coinminer,ThreatFox,,,,0,95,2026-10-02 14:50:09 UTC,ThreatFox,
54,media,media,eeaac6049d6f1e96ce9c0a845ed389441e1a9c92,eeaac6049d6f1e96ce9c0a845ed389441e1a9c92,sha1_hash,Coinminer,ThreatFox,,,,0,95,2026-10-02 14:50:08 UTC,ThreatFox,
54,media,media,3ea15dafb800d3181d230e227623055a863c03ec8045ab96565a95f9ac057156,3ea15dafb800d3181d230e227623055a863c03ec8045ab96565a95f9ac057156,sha256_hash,Coinminer,ThreatFox,,,,0,95,2026-10-02 14:50:07 UTC,ThreatFox,
54,media,alta,4f398ea864ade8635dbabce66a963d91,4f398ea864ade8635dbabce66a963d91,md5_hash,VIP Keylogger,ThreatFox,,,,0,95,2026-10-02 14:50:07 UTC,ThreatFox,
54,media,alta,a29bb10d171b6d65f11c3b8e9e8dc50f6f2bc91b,a29bb10d171b6d65f11c3b8e9e8dc50f6f2bc91b,sha1_hash,VIP Keylogger,ThreatFox,,,,0,95,2026-10-02 14:50:07 UTC,ThreatFox,
54,media,alta,03e934c4dd23a0f630dec0f3c89ac864f94629f0a4c74c1e69ff71c49588a219,03e934c4dd23a0f630dec0f3c89ac864f94629f0a4c74c1e69ff71c49588a219,sha256_hash,VIP Keylogger,ThreatFox,,,,0,95,2026-10-02 14:50:07 UTC,ThreatFox,
54,media,media,3c9f13c34042ac53efd0878e8b8c7d29,3c9f13c34042ac53efd0878e8b8c7d29,md5_hash,MASS Logger,ThreatFox,,,,0,95,2026-10-02 14:50:06 UTC,ThreatFox,
54,media,media,7c20859d394e0ca4f5adc512f06f62f6c3e6f6df,7c20859d394e0ca4f5adc512f06f62f6c3e6f6df,sha1_hash,MASS Logger,ThreatFox,,,,0,95,2026-10-02 14:50:06 UTC,ThreatFox,
54,media,media,c66bc009627d9d81259a05206854f4508af42191962739801787f3f92ac182e2,c66bc009627d9d81259a05206854f4508af42191962739801787f3f92ac182e2,sha256_hash,MASS Logger,ThreatFox,,,,0,95,2026-10-02 14:50:06 UTC,ThreatFox,
54,media,media,7d7792af4bc247d434a2a743e0d61dba,7d7792af4bc247d434a2a743e0d61dba,md5_hash,VShell,ThreatFox,,,,0,95,2026-10-02 14:50:06 UTC,ThreatFox,
54,media,media,03db2418a467c819bc6077359aba04b5ba6cd4cb,03db2418a467c819bc6077359aba04b5ba6cd4cb,sha1_hash,VShell,ThreatFox,,,,0,95,2026-10-02 14:50:05 UTC,ThreatFox,
54,media,alta,7b784e84c211dbdc94f2b19039b176f0,7b784e84c211dbdc94f2b19039b176f0,md5_hash,Formbook,ThreatFox,,,,0,95,2026-10-02 14:50:05 UTC,ThreatFox,
54,media,alta,ca1044fcbf781e3e3a6a7e0a6f5294760371ed65,ca1044fcbf781e3e3a6a7e0a6f5294760371ed65,sha1_hash,Formbook,ThreatFox,,,,0,95,2026-10-02 14:50:04 UTC,ThreatFox,
54,media,alta,140a2b7ff0068183429a3e7783623394f82ee2a9d0f725beedce6c54430524a2,140a2b7ff0068183429a3e7783623394f82ee2a9d0f725beedce6c54430524a2,sha256_hash,Formbook,ThreatFox,,,,0,95,2026-10-02 14:50:04 UTC,ThreatFox,
54,media,media,dfc25c1f77918338f758aadc795a16c5,dfc25c1f77918338f758aadc795a16c5,md5_hash,stealler,ThreatFox,,,,0,95,2026-10-02 14:50:04 UTC,ThreatFox,
54,media,media,1cdcebaf33ccb190de9e819969e0fcb467f8fc4f,1cdcebaf33ccb190de9e819969e0fcb467f8fc4f,sha1_hash,stealler,ThreatFox,,,,0,95,2026-10-02 14:50:03 UTC,ThreatFox,
54,media,media,a8986d143b465f2c556c69288d118c46255ee45002f8e73fa9d133e121b6425c,a8986d143b465f2c556c69288d118c46255ee45002f8e73fa9d133e121b6425c,sha256_hash,stealler,ThreatFox,,,,0,95,2026-10-02 14:50:03 UTC,ThreatFox,
54,media,alta,www.swissrentalselect.ch,www[.]swissrentalselect[.]ch,domain,ClearFake,ThreatFox,,,,0,90,2026-10-02 14:47:18 UTC,ThreatFox,
54,media,alta,b4a1d6cb.rudeusgreyrat.my,b4a1d6cb[.]rudeusgreyrat[.]my,domain,ClearFake,ThreatFox,,,,0,90,2026-10-02 14:37:16 UTC,ThreatFox,
54,media,alta,418e3611.rudeusgreyrat.my,418e3611[.]rudeusgreyrat[.]my,domain,ClearFake,ThreatFox,,,,0,90,2026-10-02 14:37:16 UTC,ThreatFox,
54,media,media,http://176.65.139.157/telnet2.sh,hxxp://176[.]65[.]139[.]157/telnet2[.]sh,url,Unknown malware,ThreatFox,,,,0,90,2026-10-02 12:39:45 UTC,ThreatFox,
54,media,media,http://178.132.198.200/payload_v12.sh,hxxp://178[.]132[.]198[.]200/payload_v12[.]sh,url,Echobot,ThreatFox,,,,0,95,2026-10-02 12:39:44 UTC,ThreatFox,
54,media,alta,openai-credit.com,openai-credit[.]com,domain,ClearFake,ThreatFox,,1/91,,0,90,2026-10-02 11:07:13 UTC,ThreatFox,
54,media,alta,efs.au,efs[.]au,domain,ClearFake,ThreatFox,,0/91,,0,90,2026-10-02 10:03:34 UTC,ThreatFox,
54,media,media,http://45.125.32.79:6699/?h=45.125.32.79&p=6699&t=ws&a=w32&stage=true,hxxp://45[.]125[.]32[.]79:6699/?h=45[.]125[.]32[.]79&p=6699&t=ws&a=w32&stage=true,url,VShell,ThreatFox,,,,0,95,2026-10-02 08:40:10 UTC,ThreatFox,
54,media,alta,feba4a84.linuxfortravelers.com,feba4a84[.]linuxfortravelers[.]com,domain,ClearFake,ThreatFox,,,,0,90,2026-10-02 08:37:49 UTC,ThreatFox,
54,media,alta,4c6b9766.linuxfortravelers.com,4c6b9766[.]linuxfortravelers[.]com,domain,ClearFake,ThreatFox,,,,0,90,2026-10-02 08:37:49 UTC,ThreatFox,
54,media,media,beffc2ba67c460d84527c09f70e05f9ea79f0463e7ad0256dfade62b8335e8b5,beffc2ba67c460d84527c09f70e05f9ea79f0463e7ad0256dfade62b8335e8b5,sha256_hash,VShell,ThreatFox,,,,0,95,2026-10-02 07:45:54 UTC,ThreatFox,
54,media,media,http://45.125.32.79:6699/?h=45.125.32.79&p=6699&t=tcp&a=w64&stage=true,hxxp://45[.]125[.]32[.]79:6699/?h=45[.]125[.]32[.]79&p=6699&t=tcp&a=w64&stage=true,url,VShell,ThreatFox,,,,0,95,2026-10-02 07:40:16 UTC,ThreatFox,
54,media,media,http://139.99.135.67:19999/?h=139.99.135.67&p=19999&t=ws&a=w64&stage=true,hxxp://139[.]99[.]135[.]67:19999/?h=139[.]99[.]135[.]67&p=19999&t=ws&a=w64&stage=true,url,VShell,ThreatFox,,,,0,95,2026-10-02 07:40:14 UTC,ThreatFox,
54,media,media,https://openai-credit.com/,hxxps://openai-credit[.]com/,url,Unknown malware,ThreatFox,,,,0,90,2026-10-02 07:31:03 UTC,ThreatFox,https://clickfix.carsonww.com/domains/openai-credit.com
54,media,alta,couhe79.xyz,couhe79[.]xyz,domain,ClearFake,ThreatFox,,,,0,90,2026-10-02 06:47:20 UTC,ThreatFox,
54,media,media,23f900e9fb8ff57f420901178a087cc5570dcaf1fd161d8e8c0b38fcdb4e68f1,23f900e9fb8ff57f420901178a087cc5570dcaf1fd161d8e8c0b38fcdb4e68f1,sha256_hash,AMOS,ThreatFox,,,,0,90,2026-10-02 06:31:10 UTC,ThreatFox,https://www.virustotal.com/gui/file/6bfcdb4920383375b7e519918df7eb4db751b974b5571a15ce66b82478012620
54,media,media,6bfcdb4920383375b7e519918df7eb4db751b974b5571a15ce66b82478012620,6bfcdb4920383375b7e519918df7eb4db751b974b5571a15ce66b82478012620,sha256_hash,AMOS,ThreatFox,,,,0,90,2026-10-02 06:31:10 UTC,ThreatFox,https://www.virustotal.com/gui/file/6bfcdb4920383375b7e519918df7eb4db751b974b5571a15ce66b82478012620
54,media,media,rise-96.com,rise-96[.]com,domain,AMOS,ThreatFox,,,,0,90,2026-10-02 06:31:09 UTC,ThreatFox,https://www.virustotal.com/gui/file/6bfcdb4920383375b7e519918df7eb4db751b974b5571a15ce66b82478012620
54,media,media,ec0d13eb92a22465723e904b2ace56ddf20489810971f3b437197fdc78d10098,ec0d13eb92a22465723e904b2ace56ddf20489810971f3b437197fdc78d10098,sha256_hash,AMOS,ThreatFox,,,,0,90,2026-10-02 06:31:09 UTC,ThreatFox,https://www.virustotal.com/gui/file/6bfcdb4920383375b7e519918df7eb4db751b974b5571a15ce66b82478012620
54,media,media,4504006d1911057be42435d4625f03d83c4d0b7b6898d14beb9cdeba6cf667b9,4504006d1911057be42435d4625f03d83c4d0b7b6898d14beb9cdeba6cf667b9,sha256_hash,AMOS,ThreatFox,,,,0,90,2026-10-02 06:31:09 UTC,ThreatFox,https://www.virustotal.com/gui/file/6bfcdb4920383375b7e519918df7eb4db751b974b5571a15ce66b82478012620
54,media,media,161.35.146.120:80,161[.]35[.]146[.]120:80,ip:port,AMOS,ThreatFox,NL,,0,0,90,2026-10-02 06:31:08 UTC,ThreatFox,https://www.virustotal.com/gui/file/6bfcdb4920383375b7e519918df7eb4db751b974b5571a15ce66b82478012620
54,media,media,facetstem5.com,facetstem5[.]com,domain,AMOS,ThreatFox,,,,0,90,2026-10-02 06:31:08 UTC,ThreatFox,https://www.virustotal.com/gui/file/6bfcdb4920383375b7e519918df7eb4db751b974b5571a15ce66b82478012620
54,media,alta,47f6d3e47b1a56eb25eca9ba92dd6d7daedf3c7541f4555c517fffebc0db235b,47f6d3e47b1a56eb25eca9ba92dd6d7daedf3c7541f4555c517fffebc0db235b,sha256_hash,Mirai,ThreatFox,,,,0,95,2026-10-02 05:45:54 UTC,ThreatFox,
54,media,alta,095b8b1d.imzural.info,095b8b1d[.]imzural[.]info,domain,ClearFake,ThreatFox,,0/91,,0,90,2026-10-02 04:46:19 UTC,ThreatFox,
54,media,alta,3b7ed5ab.imzural.info,3b7ed5ab[.]imzural[.]info,domain,ClearFake,ThreatFox,,0/91,,0,90,2026-10-02 04:46:18 UTC,ThreatFox,
54,media,alta,mqff.preprod.concept-image.fr,mqff[.]preprod[.]concept-image[.]fr,domain,ClearFake,ThreatFox,,0/91,,0,90,2026-10-02 03:58:57 UTC,ThreatFox,
54,media,media,8f990f1e541560dfd73f07bd44965c7855e62ef7b5631962a36ee211945b8ef8,8f990f1e541560dfd73f07bd44965c7855e62ef7b5631962a36ee211945b8ef8,sha256_hash,BlankGrabber,ThreatFox,,,,0,95,2026-10-02 02:45:57 UTC,ThreatFox,
54,media,alta,frontline-coating.pl,frontline-coating[.]pl,domain,ClearFake,ThreatFox,,,,0,90,2026-10-02 02:16:34 UTC,ThreatFox,
54,media,alta,cd239429.hwgrouppik.com,cd239429[.]hwgrouppik[.]com,domain,ClearFake,ThreatFox,,,,0,90,2026-10-02 02:11:18 UTC,ThreatFox,
54,media,alta,638e8adb.hwgrouppik.com,638e8adb[.]hwgrouppik[.]com,domain,ClearFake,ThreatFox,,,,0,90,2026-10-02 02:11:17 UTC,ThreatFox,
54,media,media,https://kyosotechltd.co.uk/,hxxps://kyosotechltd[.]co[.]uk/,url,Unknown malware,ThreatFox,,,,0,90,2026-10-02 02:01:05 UTC,ThreatFox,https://clickfix.carsonww.com/domains/kyosotechltd.co.uk
54,media,media,https://physio-benecke.de/,hxxps://physio-benecke[.]de/,url,Unknown malware,ThreatFox,,,,0,90,2026-10-02 02:01:05 UTC,ThreatFox,https://clickfix.carsonww.com/domains/physio-benecke.de
54,media,media,ce2d762121198452681f234593138c8e75a415c9756c993ee53541d35298bd1d,ce2d762121198452681f234593138c8e75a415c9756c993ee53541d35298bd1d,sha256_hash,VShell,ThreatFox,,,,0,95,2026-10-02 01:45:47 UTC,ThreatFox,
54,media,media,https://idyeahcentral.com/,hxxps://idyeahcentral[.]com/,url,Unknown malware,ThreatFox,,,,0,90,2026-10-02 01:31:00 UTC,ThreatFox,https://clickfix.carsonww.com/domains/idyeahcentral.com
54,media,media,https://cgageauthor.com/,hxxps://cgageauthor[.]com/,url,Unknown malware,ThreatFox,,,,0,90,2026-10-02 01:31:00 UTC,ThreatFox,https://clickfix.carsonww.com/domains/cgageauthor.com
54,media,media,https://yegoyogarwanda.com/,hxxps://yegoyogarwanda[.]com/,url,Unknown malware,ThreatFox,,,,0,90,2026-10-02 01:01:07 UTC,ThreatFox,https://clickfix.carsonww.com/domains/yegoyogarwanda.com
54,media,media,https://zumio.pl/,hxxps://zumio[.]pl/,url,Unknown malware,ThreatFox,,,,0,90,2026-10-02 01:01:07 UTC,ThreatFox,https://clickfix.carsonww.com/domains/zumio.pl
54,media,media,https://yameneekhalta.com/,hxxps://yameneekhalta[.]com/,url,Unknown malware,ThreatFox,,,,0,90,2026-10-02 01:01:07 UTC,ThreatFox,https://clickfix.carsonww.com/domains/yameneekhalta.com
54,media,alta,1dc53faeebe25b41fe88b757a07190842e58369eb2c95cddd95eccb90183d2a7,1dc53faeebe25b41fe88b757a07190842e58369eb2c95cddd95eccb90183d2a7,sha256_hash,Mirai,ThreatFox,,,,0,95,2026-10-02 00:46:09 UTC,ThreatFox,
54,media,media,http://111.235.143.155:8080/info.zip,hxxp://111[.]235[.]143[.]155:8080/info[.]zip,url,Coinminer,ThreatFox,,,,0,95,2026-10-02 00:44:00 UTC,ThreatFox,
54,media,media,https://www.udruzenjetekstilnihskola.org.rs/,hxxps://www[.]udruzenjetekstilnihskola[.]org[.]rs/,url,Unknown malware,ThreatFox,,,,0,90,2026-10-02 00:31:03 UTC,ThreatFox,https://clickfix.carsonww.com/domains/www.udruzenjetekstilnihskola.org.rs
54,media,media,https://vivianreyes.com/,hxxps://vivianreyes[.]com/,url,Unknown malware,ThreatFox,,,,0,90,2026-10-02 00:31:03 UTC,ThreatFox,https://clickfix.carsonww.com/domains/vivianreyes.com
54,media,alta,26a0ed72.finowfurt.com,26a0ed72[.]finowfurt[.]com,domain,ClearFake,ThreatFox,,,,0,90,2026-10-02 00:26:16 UTC,ThreatFox,
54,media,alta,3d5108a1.finowfurt.com,3d5108a1[.]finowfurt[.]com,domain,ClearFake,ThreatFox,,,,0,90,2026-10-02 00:26:15 UTC,ThreatFox,
54,media,alta,www.jtcblenders.com,www[.]jtcblenders[.]com,domain,ClearFake,ThreatFox,,,,0,90,2026-10-02 00:10:47 UTC,ThreatFox,
54,media,alta,www.alicias-beauty.ch,www[.]alicias-beauty[.]ch,domain,ClearFake,ThreatFox,,,,0,90,2026-10-02 00:10:47 UTC,ThreatFox,
54,media,media,https://sundasaziz.com/,hxxps://sundasaziz[.]com/,url,Unknown malware,ThreatFox,,,,0,90,2026-10-02 00:01:13 UTC,ThreatFox,https://clickfix.carsonww.com/domains/sundasaziz.com
54,media,media,https://studio-salazar.com/,hxxps://studio-salazar[.]com/,url,Unknown malware,ThreatFox,,,,0,90,2026-10-02 00:01:13 UTC,ThreatFox,https://clickfix.carsonww.com/domains/studio-salazar.com
54,media,media,https://tomowell2020.com/,hxxps://tomowell2020[.]com/,url,Unknown malware,ThreatFox,,,,0,90,2026-10-02 00:01:13 UTC,ThreatFox,https://clickfix.carsonww.com/domains/tomowell2020.com
54,media,media,https://www.szoketiszahe.hu/,hxxps://www[.]szoketiszahe[.]hu/,url,Unknown malware,ThreatFox,,,,0,90,2026-10-02 00:01:13 UTC,ThreatFox,https://clickfix.carsonww.com/domains/www.szoketiszahe.hu
54,media,media,https://tampabaylawnservice.com/,hxxps://tampabaylawnservice[.]com/,url,Unknown malware,ThreatFox,,,,0,90,2026-10-02 00:01:13 UTC,ThreatFox,https://clickfix.carsonww.com/domains/tampabaylawnservice.com
54,media,alta,wemovetucson.com,wemovetucson[.]com,domain,ClearFake,ThreatFox,,,,0,90,2026-10-02 00:00:45 UTC,ThreatFox,
54,media,alta,9d98dcaafcafd8b68104b162d22b33a6acade533fed7b1f62b1717f7421378fa,9d98dcaafcafd8b68104b162d22b33a6acade533fed7b1f62b1717f7421378fa,sha256_hash,Mirai,ThreatFox,,,,0,95,2026-10-01 23:38:38 UTC,ThreatFox,
54,media,alta,f8c6f2a0e5078faa6d2d85b14a7eed161dafdf32ffe47819aab715b6fb90f3b8,f8c6f2a0e5078faa6d2d85b14a7eed161dafdf32ffe47819aab715b6fb90f3b8,sha256_hash,Mirai,ThreatFox,,,,0,95,2026-10-01 23:38:37 UTC,ThreatFox,
54,media,alta,9d94a59e168170c07ef8217d980da3652b0c8b611ebe10e7ea47274017008f89,9d94a59e168170c07ef8217d980da3652b0c8b611ebe10e7ea47274017008f89,sha256_hash,Mirai,ThreatFox,,,,0,95,2026-10-01 23:38:36 UTC,ThreatFox,
54,media,alta,f9e554febbe32d19e39a23a163e331ca5828f697c60ff17a30282daf855ffea2,f9e554febbe32d19e39a23a163e331ca5828f697c60ff17a30282daf855ffea2,sha256_hash,Mirai,ThreatFox,,,,0,95,2026-10-01 23:38:35 UTC,ThreatFox,
54,media,media,https://www.shackbd.com/,hxxps://www[.]shackbd[.]com/,url,Unknown malware,ThreatFox,,,,0,90,2026-10-01 23:31:06 UTC,ThreatFox,https://clickfix.carsonww.com/domains/www.shackbd.com
54,media,media,https://shepherdsbushmobiletyrefitting.co.uk/,hxxps://shepherdsbushmobiletyrefitting[.]co[.]uk/,url,Unknown malware,ThreatFox,,,,0,90,2026-10-01 23:31:05 UTC,ThreatFox,https://clickfix.carsonww.com/domains/shepherdsbushmobiletyrefitting.co.uk
54,media,media,https://www.servapool.ca/,hxxps://www[.]servapool[.]ca/,url,Unknown malware,ThreatFox,,,,0,90,2026-10-01 23:31:05 UTC,ThreatFox,https://clickfix.carsonww.com/domains/www.servapool.ca
54,media,media,https://sofography.com/,hxxps://sofography[.]com/,url,Unknown malware,ThreatFox,,,,0,90,2026-10-01 23:31:05 UTC,ThreatFox,https://clickfix.carsonww.com/domains/sofography.com
54,media,media,https://silverstonerealty.in/,hxxps://silverstonerealty[.]in/,url,Unknown malware,ThreatFox,,,,0,90,2026-10-01 23:31:05 UTC,ThreatFox,https://clickfix.carsonww.com/domains/silverstonerealty.in
54,media,media,https://miyagi.group/,hxxps://miyagi[.]group/,url,Unknown malware,ThreatFox,,,,0,90,2026-10-01 23:01:09 UTC,ThreatFox,https://clickfix.carsonww.com/domains/miyagi.group
54,media,media,504a8cb701a8c8e90589a72a3f52d9efc33abd65913d20ad8774ddc88bb18c1b,504a8cb701a8c8e90589a72a3f52d9efc33abd65913d20ad8774ddc88bb18c1b,sha256_hash,VShell,ThreatFox,,,,0,95,2026-10-01 22:38:34 UTC,ThreatFox,
53,media,media,https://vencord.cfd/VencordInstallerCli.exe,hxxps://vencord[.]cfd/VencordInstallerCli[.]exe,url,Unknown malware,ThreatFox,,,,0,85,2026-10-02 21:39:15 UTC,ThreatFox,
53,media,media,https://vencord.cfd/VencordInstaller.exe,hxxps://vencord[.]cfd/VencordInstaller[.]exe,url,Unknown malware,ThreatFox,,,,0,85,2026-10-02 17:40:51 UTC,ThreatFox,
53,media,alta,08cb98c815d6cd6114f4353a905ee96ee450ee212a425b3beeab5a5211d072c3,08cb98c815d6cd6114f4353a905ee96ee450ee212a425b3beeab5a5211d072c3,sha256_hash,Unknown Loader,ThreatFox,,,,0,85,2026-10-02 12:46:14 UTC,ThreatFox,
53,media,alta,4e351a3b911e9e80fbb8dbebe88128a4930ce1037d390e9bee88611499d85666,4e351a3b911e9e80fbb8dbebe88128a4930ce1037d390e9bee88611499d85666,sha256_hash,Unknown Loader,ThreatFox,,,,0,85,2026-10-02 09:42:53 UTC,ThreatFox,
53,media,alta,ddb3a8c2556961f8549dea60181e57081e10a017c4afb93f485fee017b3cf578,ddb3a8c2556961f8549dea60181e57081e10a017c4afb93f485fee017b3cf578,sha256_hash,Unknown Loader,ThreatFox,,,,0,85,2026-10-02 09:42:51 UTC,ThreatFox,
53,media,alta,58c753e3a755b079f284207f99cc27ce4a5a382d82eabebedd006d41c1538738,58c753e3a755b079f284207f99cc27ce4a5a382d82eabebedd006d41c1538738,sha256_hash,Unknown Loader,ThreatFox,,,,0,85,2026-10-02 09:42:50 UTC,ThreatFox,
53,media,alta,566a760102b83a6b2adffded839d6bf1d02164295617fbe097f2071ae84f65de,566a760102b83a6b2adffded839d6bf1d02164295617fbe097f2071ae84f65de,sha256_hash,Unknown Loader,ThreatFox,,,,0,85,2026-10-02 09:42:49 UTC,ThreatFox,
53,media,alta,b3dd0c64f1ac41808087fb0caa11818e0cd2b88a595fbb27a2e89b35c1ac472c,b3dd0c64f1ac41808087fb0caa11818e0cd2b88a595fbb27a2e89b35c1ac472c,sha256_hash,Unknown Loader,ThreatFox,,,,0,85,2026-10-02 09:42:48 UTC,ThreatFox,
53,media,alta,5ec36b2d19ce3ac66f9f664d3b9b9ca21b38ecdf683cc21d76e7b1fa4e58e0ed,5ec36b2d19ce3ac66f9f664d3b9b9ca21b38ecdf683cc21d76e7b1fa4e58e0ed,sha256_hash,Unknown Loader,ThreatFox,,,,0,85,2026-10-02 09:42:47 UTC,ThreatFox,
53,media,media,http://43.246.210.160:443/?h=43.246.210.160&p=443&t=ws&a=w64&stage=true,hxxp://43[.]246[.]210[.]160:443/?h=43[.]246[.]210[.]160&p=443&t=ws&a=w64&stage=true,url,Unknown malware,ThreatFox,,,,0,85,2026-10-02 09:42:45 UTC,ThreatFox,
53,media,alta,http://43.246.210.160:443/?h=43.246.210.160&p=443&t=tcp&a=w32&stage=true,hxxp://43[.]246[.]210[.]160:443/?h=43[.]246[.]210[.]160&p=443&t=tcp&a=w32&stage=true,url,Unknown Loader,ThreatFox,,,,0,85,2026-10-02 09:42:43 UTC,ThreatFox,
53,media,alta,86a88534fd8eeafa587baee15d29a58cc290dcd4ccd43d87c3903c3ebd1c1bcb,86a88534fd8eeafa587baee15d29a58cc290dcd4ccd43d87c3903c3ebd1c1bcb,sha256_hash,Unknown Loader,ThreatFox,,,,0,85,2026-10-02 08:46:05 UTC,ThreatFox,
53,media,alta,feb434b0754a004e6080c1d427a149165bc460edf918ce749f3ae413c6a45b20,feb434b0754a004e6080c1d427a149165bc460edf918ce749f3ae413c6a45b20,sha256_hash,Unknown Loader,ThreatFox,,,,0,85,2026-10-02 08:46:04 UTC,ThreatFox,
53,media,alta,666f328c34980f0b43c0181c078a909bbdfe7e8cc1efa6c2acf2b1c0778e661d,666f328c34980f0b43c0181c078a909bbdfe7e8cc1efa6c2acf2b1c0778e661d,sha256_hash,Unknown Loader,ThreatFox,,,,0,85,2026-10-02 08:46:03 UTC,ThreatFox,
53,media,alta,411cdaa8949f4f77502d5ffb28c5ecd854b27b10ac73c2e1009a0a81b08a33c9,411cdaa8949f4f77502d5ffb28c5ecd854b27b10ac73c2e1009a0a81b08a33c9,sha256_hash,Unknown Loader,ThreatFox,,,,0,85,2026-10-02 08:46:01 UTC,ThreatFox,
53,media,alta,0345370e70311cfab06adb18c67785c3f8377f35a66b54d0619d620434165373,0345370e70311cfab06adb18c67785c3f8377f35a66b54d0619d620434165373,sha256_hash,Unknown Loader,ThreatFox,,,,0,85,2026-10-02 08:46:00 UTC,ThreatFox,
53,media,alta,47d8a0b88390349bec539db0e4323bea1e56f9afcbf5a847a0cc82e63ce55ec9,47d8a0b88390349bec539db0e4323bea1e56f9afcbf5a847a0cc82e63ce55ec9,sha256_hash,Unknown Loader,ThreatFox,,,,0,85,2026-10-02 08:45:59 UTC,ThreatFox,
53,media,alta,f9fc7339fe8db0e0fa7feb20403a274692f3e51cebfade3d8647b16a33b7bd8c,f9fc7339fe8db0e0fa7feb20403a274692f3e51cebfade3d8647b16a33b7bd8c,sha256_hash,Unknown Loader,ThreatFox,,,,0,85,2026-10-02 08:45:58 UTC,ThreatFox,
53,media,media,https://melatoninv1.site/downloads/melatonin.exe,hxxps://melatoninv1[.]site/downloads/melatonin[.]exe,url,Unknown malware,ThreatFox,,,,0,85,2026-10-02 08:38:58 UTC,ThreatFox,
53,media,alta,27ae3159b8da864cab010d28145efdea472dde225a3454993b9dc0e85bd5dbb0,27ae3159b8da864cab010d28145efdea472dde225a3454993b9dc0e85bd5dbb0,sha256_hash,Unknown Loader,ThreatFox,,,,0,85,2026-10-02 07:45:58 UTC,ThreatFox,
53,media,alta,98af0b13d4ff6fac233171b7cfe1a86abd3e20759295a88c5fa0ad64661a3cb4,98af0b13d4ff6fac233171b7cfe1a86abd3e20759295a88c5fa0ad64661a3cb4,sha256_hash,Unknown Loader,ThreatFox,,,,0,85,2026-10-02 07:45:57 UTC,ThreatFox,
53,media,alta,a248d1269b6515dd39d0f3891d59d2aff1faf0ea3a568617b92a09036499e5ff,a248d1269b6515dd39d0f3891d59d2aff1faf0ea3a568617b92a09036499e5ff,sha256_hash,Unknown Loader,ThreatFox,,,,0,85,2026-10-02 07:45:56 UTC,ThreatFox,
53,media,alta,4fa2e2914963ed78db1ab3bbb3870de5c50027eb7d035e74ce86fccd2fca339b,4fa2e2914963ed78db1ab3bbb3870de5c50027eb7d035e74ce86fccd2fca339b,sha256_hash,Unknown Loader,ThreatFox,,,,0,85,2026-10-02 07:45:55 UTC,ThreatFox,
53,media,media,http://calm-dust-a19a.pedroha2704.workers.dev/,hxxp://calm-dust-a19a[.]pedroha2704[.]workers[.]dev/,url,Unknown malware,ThreatFox,,,,0,85,2026-10-02 05:38:52 UTC,ThreatFox,
53,media,media,http://nexssbs.sbs:9932/contacts,hxxp://nexssbs[.]sbs:9932/contacts,url,Remus,ThreatFox,,5/92,,0,75,2026-10-02 03:24:23 UTC,ThreatFox,
53,media,alta,f02e83dab20843b48f6072ab04a9aa49bc134392779916aff87a409189165b23,f02e83dab20843b48f6072ab04a9aa49bc134392779916aff87a409189165b23,sha256_hash,Unknown Loader,ThreatFox,,,,0,85,2026-10-02 00:46:03 UTC,ThreatFox,
53,media,alta,e70745807f277cf046c8ec352b296f748a3fd497f4f0b2e0f6818e37608051a6,e70745807f277cf046c8ec352b296f748a3fd497f4f0b2e0f6818e37608051a6,sha256_hash,Unknown Loader,ThreatFox,,,,0,85,2026-10-01 22:38:38 UTC,ThreatFox,
53,media,alta,a8d5fe2fc077e3385a64f1d75ebbed2c75f1c98897b2a205ecc4ab49280f1d6e,a8d5fe2fc077e3385a64f1d75ebbed2c75f1c98897b2a205ecc4ab49280f1d6e,sha256_hash,Unknown Loader,ThreatFox,,,,0,85,2026-10-01 22:38:35 UTC,ThreatFox,
52,media,media,http://176.65.139.78/eclipse.sh,hxxp://176[.]65[.]139[.]78/eclipse[.]sh,url,Unknown malware,ThreatFox,,,,0,80,2026-10-02 21:39:12 UTC,ThreatFox,
52,media,media,https://l2ancients.com/downloads/L2AncientsSetup.exe,hxxps://l2ancients[.]com/downloads/L2AncientsSetup[.]exe,url,Unknown malware,ThreatFox,,,,0,80,2026-10-02 19:38:58 UTC,ThreatFox,
52,media,media,https://whynotmarket.com/downloads/TribeWatchLoader.exe,hxxps://whynotmarket[.]com/downloads/TribeWatchLoader[.]exe,url,Unknown malware,ThreatFox,,,,0,80,2026-10-02 17:40:52 UTC,ThreatFox,
52,media,alta,https://petrus-media.com/DHL_08533676_Tcopy.zip,hxxps://petrus-media[.]com/DHL_08533676_Tcopy[.]zip,url,Unknown Loader,ThreatFox,,,,0,80,2026-10-02 15:38:50 UTC,ThreatFox,
52,media,critica,92.51.46.35:8443,92[.]51[.]46[.]35:8443,ip:port,Havoc,ThreatFox,NL,1/91,0,0,75,2026-10-02 09:45:49 UTC,ThreatFox,
52,media,alta,78.17.25.46:56002,78[.]17[.]25[.]46:56002,ip:port,PureRAT,ThreatFox,DE,1/91,0,0,75,2026-10-02 09:45:37 UTC,ThreatFox,
52,media,critica,64.177.45.143:4321,64[.]177[.]45[.]143:4321,ip:port,AdaptixC2,ThreatFox,US,1/91,0,0,75,2026-10-02 09:45:31 UTC,ThreatFox,
52,media,media,45.93.95.212:7443,45[.]93[.]95[.]212:7443,ip:port,Unknown malware,ThreatFox,IL,1/91,0,0,75,2026-10-02 09:45:22 UTC,ThreatFox,
52,media,media,https://otvet-vsoh.online/downloads/XMAZING-Launcher-2026-09-25.exe,hxxps://otvet-vsoh[.]online/downloads/XMAZING-Launcher-2026-09-25[.]exe,url,Unknown malware,ThreatFox,,,,0,80,2026-10-02 09:40:50 UTC,ThreatFox,
52,media,alta,93.113.180.149:3778,93[.]113[.]180[.]149:3778,ip:port,Mirai,ThreatFox,DE,0/91,0,0,80,2026-10-02 06:30:52 UTC,ThreatFox,
52,media,media,https://grandwayscreditunion.com/grandways-release.apk,hxxps://grandwayscreditunion[.]com/grandways-release[.]apk,url,Unknown malware,ThreatFox,,,,0,80,2026-10-02 05:38:48 UTC,ThreatFox,
52,media,critica,68.178.202.150:443,68[.]178[.]202[.]150:443,ip:port,Havoc,ThreatFox,US,15/91,0,0,50,2026-10-02 04:47:57 UTC,ThreatFox,https://www.shodan.io/host/68.178.202.150#443
52,media,critica,192.169.176.54:443,192[.]169[.]176[.]54:443,ip:port,Havoc,ThreatFox,US,15/91,0,0,50,2026-10-02 04:47:54 UTC,ThreatFox,https://www.shodan.io/host/192.169.176.54#443
52,media,media,https://www.yundatabox.com/KL.zip,hxxps://www[.]yundatabox[.]com/KL[.]zip,url,Unknown malware,ThreatFox,,4/92,,0,75,2026-10-02 03:41:08 UTC,ThreatFox,
52,media,media,http://glolsbs.top:5621/collections,hxxp://glolsbs[.]top:5621/collections,url,Remus,ThreatFox,,3/92,,0,75,2026-10-02 03:24:23 UTC,ThreatFox,
52,media,alta,abb109b77d1aaea2a6dcf74844d9c1a2e11859568e000ea51e9850f893e8c476,abb109b77d1aaea2a6dcf74844d9c1a2e11859568e000ea51e9850f893e8c476,sha256_hash,Unknown Loader,ThreatFox,,,,0,80,2026-10-01 23:38:34 UTC,ThreatFox,
52,media,alta,d445fbca8303ea2e7cd8fa3544dba4c13e4cc6c38c90ec60579cf3374fcf53da,d445fbca8303ea2e7cd8fa3544dba4c13e4cc6c38c90ec60579cf3374fcf53da,sha256_hash,Unknown Loader,ThreatFox,,,,0,80,2026-10-01 22:38:37 UTC,ThreatFox,
52,media,media,http://glolsbs.top:5621/subscriptions,hxxp://glolsbs[.]top:5621/subscriptions,url,Remus,ThreatFox,,4/92,,0,75,2026-10-01 22:19:51 UTC,ThreatFox,
52,media,media,http://nexssbs.sbs:9932/comments,hxxp://nexssbs[.]sbs:9932/comments,url,Remus,ThreatFox,,3/92,,0,75,2026-10-01 22:19:51 UTC,ThreatFox,
51,media,media,http://203.159.90.39/a.sh,hxxp://203[.]159[.]90[.]39/a[.]sh,url,Unknown malware,ThreatFox,,,,0,75,2026-10-02 21:39:13 UTC,ThreatFox,
51,media,alta,casinohouse.co,casinohouse[.]co,domain,AsyncRAT,ThreatFox,,,,0,75,2026-10-02 21:25:12 UTC,ThreatFox,https://bazaar.abuse.ch/sample/e2ce5effecaa7e91d3d8c2adde74650077f51bd26b50cfa839996324bb58db3d/
51,media,media,07b511a6f7715ccd2f77b5f51e4cf46542ccaada99564252711f4a142ac26179,07b511a6f7715ccd2f77b5f51e4cf46542ccaada99564252711f4a142ac26179,sha256_hash,Unknown malware,ThreatFox,,,,0,75,2026-10-02 21:24:22 UTC,ThreatFox,
51,media,media,ee40c4fbad43bc4f34034a3d224efe71e8498c88d52a09088f8b2d00ee04199f,ee40c4fbad43bc4f34034a3d224efe71e8498c88d52a09088f8b2d00ee04199f,sha256_hash,Unknown malware,ThreatFox,,,,0,75,2026-10-02 21:24:22 UTC,ThreatFox,
51,media,media,00f77813d48061fb4c2e374f531c6c0bc1dc45375366066f7e4147ef3ba0bbe8,00f77813d48061fb4c2e374f531c6c0bc1dc45375366066f7e4147ef3ba0bbe8,sha256_hash,Unknown malware,ThreatFox,,,,0,75,2026-10-02 21:24:21 UTC,ThreatFox,
51,media,media,b84ccf36e373db0f1d41121e7d3ddc57a3e12aa4637b09c16fa88e96fa1cdf6c,b84ccf36e373db0f1d41121e7d3ddc57a3e12aa4637b09c16fa88e96fa1cdf6c,sha256_hash,Unknown malware,ThreatFox,,,,0,75,2026-10-02 21:24:21 UTC,ThreatFox,
51,media,media,00ce33524815a7efbfabf08c88f2733f3f92bf1b43e32098f96fef91d43f817a,00ce33524815a7efbfabf08c88f2733f3f92bf1b43e32098f96fef91d43f817a,sha256_hash,Unknown malware,ThreatFox,,,,0,75,2026-10-02 21:24:20 UTC,ThreatFox,
51,media,media,b7c7704d7cfb0a10db9a4c6900e8adacc4ee69c2ed9857675f2810f8271c7bf9,b7c7704d7cfb0a10db9a4c6900e8adacc4ee69c2ed9857675f2810f8271c7bf9,sha256_hash,Unknown malware,ThreatFox,,,,0,75,2026-10-02 21:24:20 UTC,ThreatFox,
51,media,media,7a83708da58732571932c302038739f91a870b2f6f4e687c010ff4e7d86b0469,7a83708da58732571932c302038739f91a870b2f6f4e687c010ff4e7d86b0469,sha256_hash,Unknown malware,ThreatFox,,,,0,75,2026-10-02 21:24:19 UTC,ThreatFox,
51,media,media,8ba4ca942c8ef7b844df8a98c7f6bc6de872c50beea65239194cabcdb71f4524,8ba4ca942c8ef7b844df8a98c7f6bc6de872c50beea65239194cabcdb71f4524,sha256_hash,Unknown malware,ThreatFox,,,,0,75,2026-10-02 21:24:19 UTC,ThreatFox,
51,media,media,37ccf42fa41c9da423389035151d132aace739d7f11f8e229e5ef1ea1b54dd58,37ccf42fa41c9da423389035151d132aace739d7f11f8e229e5ef1ea1b54dd58,sha256_hash,Unknown malware,ThreatFox,,,,0,75,2026-10-02 21:24:19 UTC,ThreatFox,
51,media,media,2a443baa14be4a2a45b7ea477a8ffc326169aaecc89919a42cf386d0978db0f2,2a443baa14be4a2a45b7ea477a8ffc326169aaecc89919a42cf386d0978db0f2,sha256_hash,Unknown malware,ThreatFox,,,,0,75,2026-10-02 21:24:18 UTC,ThreatFox,
51,media,alta,420zm3.org,420zm3[.]org,domain,Unknown Stealer,ThreatFox,,,,0,75,2026-10-02 21:24:12 UTC,ThreatFox,
51,media,media,http://glolsbs.top:5621/tokens,hxxp://glolsbs[.]top:5621/tokens,url,Remus,ThreatFox,,,,0,75,2026-10-02 20:46:53 UTC,ThreatFox,
51,media,media,http://sparlink.click:7528/addresses,hxxp://sparlink[.]click:7528/addresses,url,Remus,ThreatFox,,,,0,75,2026-10-02 20:46:53 UTC,ThreatFox,
51,media,alta,tutorappoint.com,tutorappoint[.]com,domain,Unknown Loader,ThreatFox,,,,0,75,2026-10-02 20:30:47 UTC,ThreatFox,
51,media,alta,sumitratextiles.com,sumitratextiles[.]com,domain,Unknown Loader,ThreatFox,,,,0,75,2026-10-02 20:30:47 UTC,ThreatFox,
51,media,alta,skywaystourism.com,skywaystourism[.]com,domain,Unknown Loader,ThreatFox,,,,0,75,2026-10-02 20:30:47 UTC,ThreatFox,
51,media,alta,rydeliberals.com,rydeliberals[.]com,domain,Unknown Loader,ThreatFox,,,,0,75,2026-10-02 20:30:47 UTC,ThreatFox,
51,media,alta,plazachavarria.com,plazachavarria[.]com,domain,Unknown Loader,ThreatFox,,,,0,75,2026-10-02 20:30:46 UTC,ThreatFox,
51,media,alta,lesondeleau.fr,lesondeleau[.]fr,domain,Unknown Loader,ThreatFox,,,,0,75,2026-10-02 20:30:46 UTC,ThreatFox,
51,media,alta,itserviceskennewick.com,itserviceskennewick[.]com,domain,Unknown Loader,ThreatFox,,,,0,75,2026-10-02 20:30:46 UTC,ThreatFox,
51,media,alta,innerfocustherapy.com.au,innerfocustherapy[.]com[.]au,domain,Unknown Loader,ThreatFox,,,,0,75,2026-10-02 20:30:46 UTC,ThreatFox,
51,media,alta,hostbuddy.org,hostbuddy[.]org,domain,Unknown Loader,ThreatFox,,,,0,75,2026-10-02 20:30:46 UTC,ThreatFox,
51,media,alta,hillowle.media,hillowle[.]media,domain,Unknown Loader,ThreatFox,,,,0,75,2026-10-02 20:30:46 UTC,ThreatFox,
51,media,alta,forbettercare.com.au,forbettercare[.]com[.]au,domain,Unknown Loader,ThreatFox,,,,0,75,2026-10-02 20:30:46 UTC,ThreatFox,
51,media,alta,flash-deal-guarantee.com,flash-deal-guarantee[.]com,domain,Unknown Loader,ThreatFox,,,,0,75,2026-10-02 20:30:46 UTC,ThreatFox,
51,media,alta,fisioterapiaab.com,fisioterapiaab[.]com,domain,Unknown Loader,ThreatFox,,,,0,75,2026-10-02 20:30:46 UTC,ThreatFox,
51,media,alta,fekrkade.com,fekrkade[.]com,domain,Unknown Loader,ThreatFox,,,,0,75,2026-10-02 20:30:46 UTC,ThreatFox,
51,media,alta,fashioncontinental.com,fashioncontinental[.]com,domain,Unknown Loader,ThreatFox,,,,0,75,2026-10-02 20:30:46 UTC,ThreatFox,
51,media,alta,digitalwom.com,digitalwom[.]com,domain,Unknown Loader,ThreatFox,,,,0,75,2026-10-02 20:30:46 UTC,ThreatFox,
51,media,alta,balajicrackerz.com,balajicrackerz[.]com,domain,Unknown Loader,ThreatFox,,,,0,75,2026-10-02 20:30:45 UTC,ThreatFox,
51,media,alta,aibox.co.id,aibox[.]co[.]id,domain,Unknown Loader,ThreatFox,,,,0,75,2026-10-02 20:30:45 UTC,ThreatFox,
51,media,alta,abitaziones.com,abitaziones[.]com,domain,Unknown Loader,ThreatFox,,,,0,75,2026-10-02 20:30:45 UTC,ThreatFox,
51,media,media,http://visnary.my:5621/reports,hxxp://visnary[.]my:5621/reports,url,Remus,ThreatFox,,,,0,75,2026-10-02 20:10:07 UTC,ThreatFox,
51,media,media,http://prility.top:9932/contacts,hxxp://prility[.]top:9932/contacts,url,Remus,ThreatFox,,,,0,75,2026-10-02 20:10:07 UTC,ThreatFox,
51,media,alta,91.92.41.92:443,91[.]92[.]41[.]92:443,ip:port,PureRAT,ThreatFox,BG,,0,0,75,2026-10-02 19:45:55 UTC,ThreatFox,
51,media,alta,91.92.41.66:56002,91[.]92[.]41[.]66:56002,ip:port,PureRAT,ThreatFox,BG,,0,0,75,2026-10-02 19:45:55 UTC,ThreatFox,
51,media,alta,46.246.84.19:2703,46[.]246[.]84[.]19:2703,ip:port,AsyncRAT,ThreatFox,SE,,0,0,75,2026-10-02 19:45:30 UTC,ThreatFox,
51,media,alta,40.160.135.244:9091,40[.]160[.]135[.]244:9091,ip:port,Mirai,ThreatFox,US,,0,0,75,2026-10-02 19:45:16 UTC,ThreatFox,
51,media,alta,31.56.209.82:6606,31[.]56[.]209[.]82:6606,ip:port,AsyncRAT,ThreatFox,NL,,0,0,75,2026-10-02 19:45:05 UTC,ThreatFox,
51,media,alta,217.60.102.47:6606,217[.]60[.]102[.]47:6606,ip:port,AsyncRAT,ThreatFox,NL,,0,0,75,2026-10-02 19:44:53 UTC,ThreatFox,
51,media,alta,216.250.252.103:443,216[.]250[.]252[.]103:443,ip:port,PureRAT,ThreatFox,US,,0,0,75,2026-10-02 19:44:52 UTC,ThreatFox,
51,media,alta,2.59.132.206:56003,2[.]59[.]132[.]206:56003,ip:port,PureRAT,ThreatFox,DE,,0,0,75,2026-10-02 19:44:25 UTC,ThreatFox,
51,media,alta,2.27.13.90:8686,2[.]27[.]13[.]90:8686,ip:port,PureRAT,ThreatFox,FI,,0,0,75,2026-10-02 19:44:24 UTC,ThreatFox,
51,media,alta,160.179.238.25:5001,160[.]179[.]238[.]25:5001,ip:port,AsyncRAT,ThreatFox,MA,,0,0,75,2026-10-02 19:43:48 UTC,ThreatFox,
51,media,alta,160.179.238.25:5000,160[.]179[.]238[.]25:5000,ip:port,AsyncRAT,ThreatFox,MA,,0,0,75,2026-10-02 19:43:47 UTC,ThreatFox,
51,media,alta,150.241.226.20:56001,150[.]241[.]226[.]20:56001,ip:port,PureRAT,ThreatFox,US,,0,0,75,2026-10-02 19:43:37 UTC,ThreatFox,
51,media,alta,13.143.247.153:2021,13[.]143[.]247[.]153:2021,ip:port,AsyncRAT,ThreatFox,US,,0,0,75,2026-10-02 19:43:23 UTC,ThreatFox,
51,media,media,109.199.114.141:7443,109[.]199[.]114[.]141:7443,ip:port,Unknown malware,ThreatFox,DE,,0,0,75,2026-10-02 19:43:17 UTC,ThreatFox,
51,media,alta,104.239.66.182:56003,104[.]239[.]66[.]182:56003,ip:port,PureRAT,ThreatFox,FR,,0,0,75,2026-10-02 19:43:11 UTC,ThreatFox,
51,media,alta,104.239.66.182:56002,104[.]239[.]66[.]182:56002,ip:port,PureRAT,ThreatFox,FR,,0,0,75,2026-10-02 19:43:11 UTC,ThreatFox,
51,media,alta,www.brooklynbooks.us,www[.]brooklynbooks[.]us,domain,Unknown Loader,ThreatFox,,,,0,75,2026-10-02 19:31:53 UTC,ThreatFox,
51,media,alta,gastonrenard.com,gastonrenard[.]com,domain,Unknown Loader,ThreatFox,,,,0,75,2026-10-02 19:31:53 UTC,ThreatFox,
51,media,alta,https://steamcommunity.com/profiles/76561198630398488,hxxps://steamcommunity[.]com/profiles/76561198630398488,url,Vidar,ThreatFox,,,,0,75,2026-10-02 19:05:24 UTC,ThreatFox,https://bazaar.abuse.ch/sample/829ab6332d5cb30c790012cd52057b4628bd9bcfcbca0eb154e5719a42cf744f/
51,media,alta,https://community.fandom.com/wikia.php?controller=UserProfile&method=getUserData&format=json&userId=64444700,hxxps://community[.]fandom[.]com/wikia[.]php?controller=UserProfile&method=getUserData&format=json&userId=64444700,url,Vidar,ThreatFox,,,,0,75,2026-10-02 19:05:23 UTC,ThreatFox,https://bazaar.abuse.ch/sample/829ab6332d5cb30c790012cd52057b4628bd9bcfcbca0eb154e5719a42cf744f/
51,media,alta,https://telegram.me/bj00tyr,hxxps://telegram[.]me/bj00tyr,url,Vidar,ThreatFox,,,,0,75,2026-10-02 19:05:21 UTC,ThreatFox,https://bazaar.abuse.ch/sample/829ab6332d5cb30c790012cd52057b4628bd9bcfcbca0eb154e5719a42cf744f/
51,media,alta,https://104.105.28.246,hxxps://104[.]105[.]28[.]246,url,Vidar,ThreatFox,,,,0,75,2026-10-02 19:05:20 UTC,ThreatFox,https://bazaar.abuse.ch/sample/829ab6332d5cb30c790012cd52057b4628bd9bcfcbca0eb154e5719a42cf744f/
51,media,media,http://caxools.click:7728/imports,hxxp://caxools[.]click:7728/imports,url,Remus,ThreatFox,,,,0,75,2026-10-02 18:56:13 UTC,ThreatFox,
51,media,media,http://gerzone.click:4262/folders,hxxp://gerzone[.]click:4262/folders,url,Remus,ThreatFox,,,,0,75,2026-10-02 18:56:13 UTC,ThreatFox,
51,media,media,http://124.29.247.79:54299/Mozi.7,hxxp://124[.]29[.]247[.]79:54299/Mozi[.]7,url,Mozi,ThreatFox,,,,0,75,2026-10-02 18:18:51 UTC,ThreatFox,https://honeylabs.net/lookup/124.29.247.79
51,media,media,http://175.107.217.82:48392/Mozi.m,hxxp://175[.]107[.]217[.]82:48392/Mozi[.]m,url,Mozi,ThreatFox,,,,0,75,2026-10-02 18:18:50 UTC,ThreatFox,https://honeylabs.net/lookup/175.107.217.82
51,media,media,http://gerzone.click:4262/sessions,hxxp://gerzone[.]click:4262/sessions,url,Remus,ThreatFox,,,,0,75,2026-10-02 17:41:53 UTC,ThreatFox,
51,media,media,http://sxdment.click:5003/invoices,hxxp://sxdment[.]click:5003/invoices,url,Remus,ThreatFox,,,,0,75,2026-10-02 17:41:53 UTC,ThreatFox,
51,media,media,http://coxmics.shop:4262/users,hxxp://coxmics[.]shop:4262/users,url,Remus,ThreatFox,,,,0,75,2026-10-02 17:41:53 UTC,ThreatFox,
51,media,media,http://dctshop.shop:7728/comments,hxxp://dctshop[.]shop:7728/comments,url,Remus,ThreatFox,,,,0,75,2026-10-02 17:41:53 UTC,ThreatFox,
51,media,media,http://gerzone.click:4262/subscriptions,hxxp://gerzone[.]click:4262/subscriptions,url,Remus,ThreatFox,,,,0,75,2026-10-02 17:10:03 UTC,ThreatFox,
51,media,media,http://sxdment.click:5003/reports,hxxp://sxdment[.]click:5003/reports,url,Remus,ThreatFox,,,,0,75,2026-10-02 17:10:03 UTC,ThreatFox,
51,media,media,http://caxools.click:7728/transactions,hxxp://caxools[.]click:7728/transactions,url,Remus,ThreatFox,,,,0,75,2026-10-02 17:10:03 UTC,ThreatFox,
51,media,media,http://glolsbs.top:5621/settings,hxxp://glolsbs[.]top:5621/settings,url,Remus,ThreatFox,,,,0,75,2026-10-02 14:33:25 UTC,ThreatFox,
51,media,media,http://nexssbs.sbs:9932/products,hxxp://nexssbs[.]sbs:9932/products,url,Remus,ThreatFox,,,,0,75,2026-10-02 14:33:25 UTC,ThreatFox,
51,media,critica,159.75.202.228:443,159[.]75[.]202[.]228:443,ip:port,Cobalt Strike,ThreatFox,CN,,0,0,75,2026-10-02 13:46:27 UTC,ThreatFox,
51,media,critica,141.255.166.178:8080,141[.]255[.]166[.]178:8080,ip:port,Cobalt Strike,ThreatFox,CH,,0,0,75,2026-10-02 13:46:24 UTC,ThreatFox,
51,media,media,http://caxools.click:7728/notifications,hxxp://caxools[.]click:7728/notifications,url,Remus,ThreatFox,,,,0,75,2026-10-02 13:04:58 UTC,ThreatFox,
51,media,media,http://sxdment.click:5003/notifications,hxxp://sxdment[.]click:5003/notifications,url,Remus,ThreatFox,,,,0,75,2026-10-02 13:04:58 UTC,ThreatFox,
51,media,media,http://gerzone.click:4262/exports,hxxp://gerzone[.]click:4262/exports,url,Remus,ThreatFox,,,,0,75,2026-10-02 13:04:58 UTC,ThreatFox,
51,media,media,http://gerzone.click:4262/images,hxxp://gerzone[.]click:4262/images,url,Remus,ThreatFox,,,,0,75,2026-10-02 12:34:13 UTC,ThreatFox,
51,media,media,http://sxdment.click:5003/images,hxxp://sxdment[.]click:5003/images,url,Remus,ThreatFox,,,,0,75,2026-10-02 12:34:13 UTC,ThreatFox,
51,media,media,http://105.184.94.10:40511/Mozi.a,hxxp://105[.]184[.]94[.]10:40511/Mozi[.]a,url,Mozi,ThreatFox,,,,0,75,2026-10-02 12:19:11 UTC,ThreatFox,https://honeylabs.net/lookup/105.184.94.10
51,media,media,http://144.48.135.109:44529/Mozi.m,hxxp://144[.]48[.]135[.]109:44529/Mozi[.]m,url,Mozi,ThreatFox,,,,0,75,2026-10-02 12:19:10 UTC,ThreatFox,https://honeylabs.net/lookup/144.48.135.109
51,media,alta,45.139.104.199:55006,45[.]139[.]104[.]199:55006,ip:port,PureRAT,ThreatFox,DE,,0,0,75,2026-10-02 09:45:13 UTC,ThreatFox,
51,media,media,45.135.119.121:80,45[.]135[.]119[.]121:80,ip:port,Unknown malware,ThreatFox,HK,,0,0,75,2026-10-02 09:45:13 UTC,ThreatFox,
51,media,alta,31.56.19.40:6666,31[.]56[.]19[.]40:6666,ip:port,DCRat,ThreatFox,SC,,0,0,75,2026-10-02 09:44:55 UTC,ThreatFox,
51,media,alta,217.60.184.45:8855,217[.]60[.]184[.]45:8855,ip:port,AsyncRAT,ThreatFox,DE,,0,0,75,2026-10-02 09:44:46 UTC,ThreatFox,
51,media,critica,216.203.20.87:4321,216[.]203[.]20[.]87:4321,ip:port,AdaptixC2,ThreatFox,NL,,0,0,75,2026-10-02 09:44:45 UTC,ThreatFox,
51,media,alta,207.57.163.104:8848,207[.]57[.]163[.]104:8848,ip:port,DCRat,ThreatFox,US,,0,0,75,2026-10-02 09:44:24 UTC,ThreatFox,
51,media,alta,207.57.163.104:12159,207[.]57[.]163[.]104:12159,ip:port,DCRat,ThreatFox,US,,0,0,75,2026-10-02 09:44:24 UTC,ThreatFox,
51,media,alta,207.57.162.48:12159,207[.]57[.]162[.]48:12159,ip:port,DCRat,ThreatFox,US,,0,0,75,2026-10-02 09:44:24 UTC,ThreatFox,
51,media,media,203.161.47.31:3333,203[.]161[.]47[.]31:3333,ip:port,Evilginx,ThreatFox,US,,0,0,75,2026-10-02 09:44:22 UTC,ThreatFox,
51,media,alta,193.24.123.206:8848,193[.]24[.]123[.]206:8848,ip:port,DCRat,ThreatFox,RU,,0,0,75,2026-10-02 09:44:12 UTC,ThreatFox,
51,media,critica,180.76.97.85:4321,180[.]76[.]97[.]85:4321,ip:port,AdaptixC2,ThreatFox,CN,,0,0,75,2026-10-02 09:43:56 UTC,ThreatFox,
51,media,alta,149.88.76.74:444,149[.]88[.]76[.]74:444,ip:port,PureRAT,ThreatFox,HK,,0,0,75,2026-10-02 09:43:33 UTC,ThreatFox,
51,media,media,149.202.227.107:7444,149[.]202[.]227[.]107:7444,ip:port,Unknown malware,ThreatFox,FR,,0,0,75,2026-10-02 09:43:32 UTC,ThreatFox,
51,media,alta,143.202.93.210:9001,143[.]202[.]93[.]210:9001,ip:port,DanaBot,ThreatFox,BR,,0,0,75,2026-10-02 09:43:28 UTC,ThreatFox,
51,media,media,120.79.146.35:7443,120[.]79[.]146[.]35:7443,ip:port,Unknown malware,ThreatFox,CN,,0,0,75,2026-10-02 09:43:18 UTC,ThreatFox,
51,media,media,http://glolsbs.top:5621/notifications,hxxp://glolsbs[.]top:5621/notifications,url,Remus,ThreatFox,,,,0,75,2026-10-02 09:14:43 UTC,ThreatFox,
51,media,media,http://nexssbs.sbs:9932/exports,hxxp://nexssbs[.]sbs:9932/exports,url,Remus,ThreatFox,,,,0,75,2026-10-02 09:14:43 UTC,ThreatFox,
51,media,media,195045dda7d7928078fb96bcc6cb51869e0cbbfa375b69a69d0efcdf0bfbc3f7,195045dda7d7928078fb96bcc6cb51869e0cbbfa375b69a69d0efcdf0bfbc3f7,sha256_hash,Unknown malware,ThreatFox,,,,0,75,2026-10-02 08:27:43 UTC,ThreatFox,
51,media,media,03c77e109a9faa3e99b0f3e9b83eea4f5f7f030662c08c374cb37a04e92c74cc,03c77e109a9faa3e99b0f3e9b83eea4f5f7f030662c08c374cb37a04e92c74cc,sha256_hash,Unknown malware,ThreatFox,,,,0,75,2026-10-02 08:27:43 UTC,ThreatFox,
51,media,media,144.172.85.64:8443,144[.]172[.]85[.]64:8443,ip:port,Unknown malware,ThreatFox,SG,,0,0,75,2026-10-02 08:24:45 UTC,ThreatFox,https://bazaar.abuse.ch/sample/aba6806c623c0624d573a164146cf6863bd2bd6f34a84d26be77d48f8c60eb97/
51,media,alta,onetouchfromlifeto.ddns.net,onetouchfromlifeto[.]ddns[.]net,domain,Remcos,ThreatFox,,,,0,75,2026-10-02 08:10:19 UTC,ThreatFox,https://bazaar.abuse.ch/sample/9121ef0f2d7b2cc3c887420ecb1eae214db9cb780433d11565ab8c98a6ad99ec/
51,media,media,http://glotech.art:9932/imports,hxxp://glotech[.]art:9932/imports,url,Remus,ThreatFox,,,,0,75,2026-10-02 07:14:23 UTC,ThreatFox,
51,media,media,http://smatart.my:8531/webhooks,hxxp://smatart[.]my:8531/webhooks,url,Remus,ThreatFox,,,,0,75,2026-10-02 07:14:23 UTC,ThreatFox,
51,media,media,52.36.201.99:16000,52[.]36[.]201[.]99:16000,ip:port,Unknown malware,ThreatFox,US,,0,0,75,2026-10-02 06:30:58 UTC,ThreatFox,https://synthient.com/blog/ipweb-peering-from-within
51,media,media,song.bestipip.com,song[.]bestipip[.]com,domain,Unknown malware,ThreatFox,,,,0,75,2026-10-02 06:30:57 UTC,ThreatFox,https://synthient.com/blog/ipweb-peering-from-within
51,media,media,rao.bestipip.com,rao[.]bestipip[.]com,domain,Unknown malware,ThreatFox,,,,0,75,2026-10-02 06:30:57 UTC,ThreatFox,https://synthient.com/blog/ipweb-peering-from-within
51,media,media,bmw.bestipip.com,bmw[.]bestipip[.]com,domain,Unknown malware,ThreatFox,,,,0,75,2026-10-02 06:30:56 UTC,ThreatFox,https://synthient.com/blog/ipweb-peering-from-within
51,media,media,http://124.29.221.143:49889/Mozi.m,hxxp://124[.]29[.]221[.]143:49889/Mozi[.]m,url,Mozi,ThreatFox,,,,0,75,2026-10-02 06:19:20 UTC,ThreatFox,https://honeylabs.net/lookup/124.29.221.143
51,media,media,http://124.29.214.148:47630/Mozi.a,hxxp://124[.]29[.]214[.]148:47630/Mozi[.]a,url,Mozi,ThreatFox,,,,0,75,2026-10-02 06:19:20 UTC,ThreatFox,https://honeylabs.net/lookup/124.29.214.148
51,media,media,http://103.26.83.105:59796/Mozi.m,hxxp://103[.]26[.]83[.]105:59796/Mozi[.]m,url,Mozi,ThreatFox,,,,0,75,2026-10-02 06:19:19 UTC,ThreatFox,https://honeylabs.net/lookup/103.26.83.105
51,media,alta,ogo1.duckdns.org,ogo1[.]duckdns[.]org,domain,XWorm,ThreatFox,,,,0,75,2026-10-02 06:15:24 UTC,ThreatFox,https://bazaar.abuse.ch/sample/73880715a83c2166e198b2b924167a540f919fe57bb5781398266ab0ccc866cc/
51,media,media,http://glolsbs.top:5621/payments,hxxp://glolsbs[.]top:5621/payments,url,Remus,ThreatFox,,,,0,75,2026-10-02 06:12:03 UTC,ThreatFox,
51,media,media,http://nexssbs.sbs:9932/messages,hxxp://nexssbs[.]sbs:9932/messages,url,Remus,ThreatFox,,,,0,75,2026-10-02 06:12:03 UTC,ThreatFox,
51,media,media,http://flozwave.click:6572/webhooks,hxxp://flozwave[.]click:6572/webhooks,url,Remus,ThreatFox,,0/92,,0,75,2026-10-02 03:24:23 UTC,ThreatFox,
51,media,media,http://glolsbs.top:5621/webhooks,hxxp://glolsbs[.]top:5621/webhooks,url,Remus,ThreatFox,,,,0,75,2026-10-02 02:37:23 UTC,ThreatFox,
51,media,media,http://straely.biz:8531/payments,hxxp://straely[.]biz:8531/payments,url,Remus,ThreatFox,,,,0,75,2026-10-02 02:37:23 UTC,ThreatFox,
51,media,media,http://phetsre.shop:3452/tasks,hxxp://phetsre[.]shop:3452/tasks,url,Remus,ThreatFox,,,,0,75,2026-10-02 02:21:23 UTC,ThreatFox,
51,media,media,https://surun.info/nh1ykmf/qagxfjr/cc/Cryptemd.ps1,hxxps://surun[.]info/nh1ykmf/qagxfjr/cc/Cryptemd[.]ps1,url,Unknown malware,ThreatFox,,,,0,75,2026-10-02 01:39:39 UTC,ThreatFox,
51,media,media,http://nexssbs.sbs:9932/addresses,hxxp://nexssbs[.]sbs:9932/addresses,url,Remus,ThreatFox,,,,0,75,2026-10-02 00:51:18 UTC,ThreatFox,
51,media,media,http://glolsbs.top:5621/users,hxxp://glolsbs[.]top:5621/users,url,Remus,ThreatFox,,,,0,75,2026-10-02 00:51:18 UTC,ThreatFox,
51,media,alta,wrconsultoria.org,wrconsultoria[.]org,domain,Unknown Loader,ThreatFox,,,,0,75,2026-10-01 23:40:54 UTC,ThreatFox,
51,media,alta,jtcblenders.com,jtcblenders[.]com,domain,Unknown Loader,ThreatFox,,,,0,75,2026-10-01 23:40:54 UTC,ThreatFox,
51,media,alta,diva-india.cz,diva-india[.]cz,domain,Unknown Loader,ThreatFox,,,,0,75,2026-10-01 23:40:54 UTC,ThreatFox,
51,media,media,http://nexssbs.sbs:9932/users,hxxp://nexssbs[.]sbs:9932/users,url,Remus,ThreatFox,,,,0,75,2026-10-01 23:02:13 UTC,ThreatFox,
51,media,media,http://petcarv.click:8239/tasks,hxxp://petcarv[.]click:8239/tasks,url,Remus,ThreatFox,,,,0,75,2026-10-01 23:02:13 UTC,ThreatFox,
51,media,media,http://cdire.shop:9048/workspaces,hxxp://cdire[.]shop:9048/workspaces,url,Remus,ThreatFox,,,,0,75,2026-10-01 22:46:23 UTC,ThreatFox,
51,media,alta,https://188.34.166.234,hxxps://188[.]34[.]166[.]234,url,Vidar,ThreatFox,,,,0,75,2026-10-01 22:35:27 UTC,ThreatFox,https://bazaar.abuse.ch/sample/04c9688d45188ee977bb3ab1073802ef3b3b19fb5176d0d302eb1aa6116ef2b0/
50,media,critica,196.251.121.120:31337,196[.]251[.]121[.]120:31337,ip:port,Sliver,ThreatFox,UA,10/91,0,0,50,2026-10-02 04:48:08 UTC,ThreatFox,https://www.shodan.io/host/196.251.121.120#31337
50,media,critica,82.156.242.28:82,82[.]156[.]242[.]28:82,ip:port,Cobalt Strike,ThreatFox,CN,8/91,0,0,50,2026-10-02 04:47:52 UTC,ThreatFox,https://www.shodan.io/host/82.156.242.28#82
48,media,media,hs.hangzhouzhiqi.com,hs[.]hangzhouzhiqi[.]com,domain,Unknown malware,ThreatFox,,,,0,50,2026-10-02 21:24:23 UTC,ThreatFox,
48,media,media,o.fecebbk.xyz,o[.]fecebbk[.]xyz,domain,Unknown malware,ThreatFox,,,,0,50,2026-10-02 21:24:23 UTC,ThreatFox,
48,media,media,34.237.159.252:11116,34[.]237[.]159[.]252:11116,ip:port,Unknown malware,ThreatFox,US,,0,0,50,2026-10-02 21:24:22 UTC,ThreatFox,
48,media,media,109f69b0c35ac0de9e2d69888b6f1fd949dae97a64d5c8483abdf9fba6e94f00,109f69b0c35ac0de9e2d69888b6f1fd949dae97a64d5c8483abdf9fba6e94f00,sha256_hash,Unknown malware,ThreatFox,,,,0,50,2026-10-02 21:24:18 UTC,ThreatFox,
48,media,media,7f578fc1035df4fa2a762ecdcd7fe763c176a8ff4799cd15274a926ca936d53d,7f578fc1035df4fa2a762ecdcd7fe763c176a8ff4799cd15274a926ca936d53d,sha256_hash,Unknown malware,ThreatFox,,,,0,50,2026-10-02 21:24:17 UTC,ThreatFox,
48,media,media,f9d4bfe942d1a6575f862d84dae5c116977fb0aa9c000fb45b64524936811543,f9d4bfe942d1a6575f862d84dae5c116977fb0aa9c000fb45b64524936811543,sha256_hash,Unknown malware,ThreatFox,,,,0,50,2026-10-02 21:24:17 UTC,ThreatFox,
48,media,media,abcafc92a3fab6bbd78e33a3df03f69ac8934eee4a2d1a06eb040a9fec75b443,abcafc92a3fab6bbd78e33a3df03f69ac8934eee4a2d1a06eb040a9fec75b443,sha256_hash,Unknown malware,ThreatFox,,,,0,50,2026-10-02 21:24:16 UTC,ThreatFox,
48,media,media,7d455bbc2f361c81d24ec14066790cf83d2b087e8b3aafb742e89e0d26f95c65,7d455bbc2f361c81d24ec14066790cf83d2b087e8b3aafb742e89e0d26f95c65,sha256_hash,Unknown malware,ThreatFox,,,,0,50,2026-10-02 21:24:16 UTC,ThreatFox,
48,media,media,294319b32d8af7ba73a8e87312c50f1c87e300f5a724574a35bbaaf29485153e,294319b32d8af7ba73a8e87312c50f1c87e300f5a724574a35bbaaf29485153e,sha256_hash,Unknown malware,ThreatFox,,,,0,50,2026-10-02 21:24:16 UTC,ThreatFox,
48,media,media,5e53cc7820e9ebbb104584375c921537d3f04918152089faddb94b9b978da025,5e53cc7820e9ebbb104584375c921537d3f04918152089faddb94b9b978da025,sha256_hash,Unknown malware,ThreatFox,,,,0,50,2026-10-02 21:24:15 UTC,ThreatFox,
48,media,media,20662eb820289b35a263995dd898492008ed2e5f09132df49b210b73fd48afea,20662eb820289b35a263995dd898492008ed2e5f09132df49b210b73fd48afea,sha256_hash,Unknown malware,ThreatFox,,,,0,50,2026-10-02 21:24:15 UTC,ThreatFox,
48,media,media,09435ce116f0e5a7d90dcb10f59ad18657a6a567d13b8e61a26f1e260eccc56d,09435ce116f0e5a7d90dcb10f59ad18657a6a567d13b8e61a26f1e260eccc56d,sha256_hash,Unknown malware,ThreatFox,,,,0,50,2026-10-02 21:24:13 UTC,ThreatFox,
48,media,media,1069cae558acc0dbb7b1df930b6f280d877697562945e42669bf130bc0abb4ff,1069cae558acc0dbb7b1df930b6f280d877697562945e42669bf130bc0abb4ff,sha256_hash,Unknown malware,ThreatFox,,,,0,50,2026-10-02 21:24:12 UTC,ThreatFox,
48,media,media,dns-ssl.com,dns-ssl[.]com,domain,IClickFix,ThreatFox,,,,0,50,2026-10-02 20:44:38 UTC,ThreatFox,https://infosec.exchange/@biffbiffbiff/117372495261560457
48,media,media,mebimaqe.workers.dev,mebimaqe[.]workers[.]dev,domain,php.shin_webshell,ThreatFox,,,,0,50,2026-10-02 20:18:51 UTC,ThreatFox,
48,media,media,vfbpo44248.workers.dev,vfbpo44248[.]workers[.]dev,domain,php.shin_webshell,ThreatFox,,,,0,50,2026-10-02 20:09:49 UTC,ThreatFox,
48,media,media,51hjimksoe.workers.dev,51hjimksoe[.]workers[.]dev,domain,php.shin_webshell,ThreatFox,,,,0,50,2026-10-02 18:08:07 UTC,ThreatFox,
48,media,media,redulyda.workers.dev,redulyda[.]workers[.]dev,domain,php.shin_webshell,ThreatFox,,,,0,50,2026-10-02 16:20:24 UTC,ThreatFox,
48,media,media,gyjizyjo.workers.dev,gyjizyjo[.]workers[.]dev,domain,php.shin_webshell,ThreatFox,,,,0,50,2026-10-02 16:11:14 UTC,ThreatFox,
48,media,media,xadohewe.workers.dev,xadohewe[.]workers[.]dev,domain,php.shin_webshell,ThreatFox,,,,0,50,2026-10-02 14:12:19 UTC,ThreatFox,
48,media,media,xhsqa39863.workers.dev,xhsqa39863[.]workers[.]dev,domain,php.shin_webshell,ThreatFox,,,,0,50,2026-10-02 14:06:02 UTC,ThreatFox,
48,media,critica,46.151.182.182:31337,46[.]151[.]182[.]182:31337,ip:port,Sliver,ThreatFox,DE,,0,0,50,2026-10-02 13:13:20 UTC,ThreatFox,https://www.shodan.io/host/46.151.182.182#31337
48,media,critica,159.89.28.205:31337,159[.]89[.]28[.]205:31337,ip:port,Sliver,ThreatFox,DE,,0,0,50,2026-10-02 13:13:16 UTC,ThreatFox,https://www.shodan.io/host/159.89.28.205#31337
48,media,critica,156.251.16.152:31337,156[.]251[.]16[.]152:31337,ip:port,Sliver,ThreatFox,HK,,0,0,50,2026-10-02 13:13:13 UTC,ThreatFox,https://www.shodan.io/host/156.251.16.152#31337
48,media,critica,154.219.114.14:8443,154[.]219[.]114[.]14:8443,ip:port,Sliver,ThreatFox,HK,,0,0,50,2026-10-02 13:13:10 UTC,ThreatFox,https://www.shodan.io/host/154.219.114.14#8443
48,media,alta,156.223.213.38:1177,156[.]223[.]213[.]38:1177,ip:port,NjRAT,ThreatFox,EG,,0,0,50,2026-10-02 13:13:06 UTC,ThreatFox,https://www.shodan.io/host/156.223.213.38#1177
48,media,critica,68.178.205.17:443,68[.]178[.]205[.]17:443,ip:port,Havoc,ThreatFox,US,,0,0,50,2026-10-02 13:13:03 UTC,ThreatFox,https://www.shodan.io/host/68.178.205.17#443
48,media,media,188.132.242.67:8731,188[.]132[.]242[.]67:8731,ip:port,DarkComet,ThreatFox,TR,,0,0,50,2026-10-02 13:12:59 UTC,ThreatFox,https://www.shodan.io/host/188.132.242.67#8731
48,media,critica,47.95.201.24:9443,47[.]95[.]201[.]24:9443,ip:port,Cobalt Strike,ThreatFox,CN,,1,0,50,2026-10-02 13:12:56 UTC,ThreatFox,https://www.shodan.io/host/47.95.201.24#9443
48,media,critica,47.113.98.42:50050,47[.]113[.]98[.]42:50050,ip:port,Cobalt Strike,ThreatFox,CN,,0,0,50,2026-10-02 13:12:53 UTC,ThreatFox,https://www.shodan.io/host/47.113.98.42#50050
48,media,critica,223.109.142.7:50050,223[.]109[.]142[.]7:50050,ip:port,Cobalt Strike,ThreatFox,CN,,1,0,50,2026-10-02 13:12:49 UTC,ThreatFox,https://www.shodan.io/host/223.109.142.7#50050
48,media,critica,129.204.11.247:50050,129[.]204[.]11[.]247:50050,ip:port,Cobalt Strike,ThreatFox,CN,,0,0,50,2026-10-02 13:12:46 UTC,ThreatFox,https://www.shodan.io/host/129.204.11.247#50050
48,media,media,81.169.151.12:8888,81[.]169[.]151[.]12:8888,ip:port,Unknown malware,ThreatFox,DE,,4,0,50,2026-10-02 13:12:43 UTC,ThreatFox,https://www.shodan.io/host/81.169.151.12#8888
48,media,media,78.46.206.8:443,78[.]46[.]206[.]8:443,ip:port,Unknown malware,ThreatFox,DE,,0,0,50,2026-10-02 13:12:39 UTC,ThreatFox,https://www.shodan.io/host/78.46.206.8#443
48,media,media,43.133.13.81:8412,43[.]133[.]13[.]81:8412,ip:port,Unknown malware,ThreatFox,JP,,0,0,50,2026-10-02 13:12:36 UTC,ThreatFox,https://www.shodan.io/host/43.133.13.81#8412
48,media,media,103.239.168.12:4443,103[.]239[.]168[.]12:4443,ip:port,Unknown malware,ThreatFox,IN,,0,0,50,2026-10-02 13:12:29 UTC,ThreatFox,https://www.shodan.io/host/103.239.168.12#4443
48,media,media,p81hy9mwgt.workers.dev,p81hy9mwgt[.]workers[.]dev,domain,php.shin_webshell,ThreatFox,,0/91,,0,50,2026-10-02 12:12:16 UTC,ThreatFox,
48,media,media,ty03679659.workers.dev,ty03679659[.]workers[.]dev,domain,php.shin_webshell,ThreatFox,,0/91,,0,50,2026-10-02 10:21:05 UTC,ThreatFox,
48,media,media,invisiblereina.workers.dev,invisiblereina[.]workers[.]dev,domain,php.shin_webshell,ThreatFox,,0/91,,0,50,2026-10-02 10:12:26 UTC,ThreatFox,
48,media,media,43.157.108.39:9152,43[.]157[.]108[.]39:9152,ip:port,Unknown malware,ThreatFox,DE,,0,0,50,2026-10-02 09:20:46 UTC,ThreatFox,https://www.shodan.io/host/43.157.108.39#9152
48,media,media,b9a6l0cojm.workers.dev,b9a6l0cojm[.]workers[.]dev,domain,php.shin_webshell,ThreatFox,,,,0,50,2026-10-02 08:25:43 UTC,ThreatFox,
48,media,media,niguxi.workers.dev,niguxi[.]workers[.]dev,domain,php.shin_webshell,ThreatFox,,,,0,50,2026-10-02 08:18:52 UTC,ThreatFox,
48,media,media,172.236.132.235:23017,172[.]236[.]132[.]235:23017,ip:port,Unknown malware,ThreatFox,SG,,0,0,50,2026-10-02 06:30:59 UTC,ThreatFox,https://synthient.com/blog/ipweb-peering-from-within
48,media,media,172.236.132.235:23009,172[.]236[.]132[.]235:23009,ip:port,Unknown malware,ThreatFox,SG,,0,0,50,2026-10-02 06:30:58 UTC,ThreatFox,https://synthient.com/blog/ipweb-peering-from-within
48,media,media,172.236.129.220:23007,172[.]236[.]129[.]220:23007,ip:port,Unknown malware,ThreatFox,SG,,0,0,50,2026-10-02 06:30:58 UTC,ThreatFox,https://synthient.com/blog/ipweb-peering-from-within
48,media,media,higylo.workers.dev,higylo[.]workers[.]dev,domain,php.shin_webshell,ThreatFox,,,,0,50,2026-10-02 06:30:41 UTC,ThreatFox,
48,media,media,58pef9ti5f.workers.dev,58pef9ti5f[.]workers[.]dev,domain,php.shin_webshell,ThreatFox,,,,0,50,2026-10-02 06:23:45 UTC,ThreatFox,
48,media,critica,45.130.167.184:31337,45[.]130[.]167[.]184:31337,ip:port,Sliver,ThreatFox,JP,0/91,0,0,50,2026-10-02 04:48:14 UTC,ThreatFox,https://www.shodan.io/host/45.130.167.184#31337
48,media,critica,207.148.73.17:31337,207[.]148[.]73[.]17:31337,ip:port,Sliver,ThreatFox,SG,1/91,0,0,50,2026-10-02 04:48:11 UTC,ThreatFox,https://www.shodan.io/host/207.148.73.17#31337
48,media,critica,152.67.199.142:10443,152[.]67[.]199[.]142:10443,ip:port,Sliver,ThreatFox,KR,2/91,0,0,50,2026-10-02 04:48:06 UTC,ThreatFox,https://www.shodan.io/host/152.67.199.142#10443
48,media,critica,137.184.126.9:31337,137[.]184[.]126[.]9:31337,ip:port,Sliver,ThreatFox,US,2/91,0,0,50,2026-10-02 04:48:03 UTC,ThreatFox,https://www.shodan.io/host/137.184.126.9#31337
48,media,media,43.139.9.82:12340,43[.]139[.]9[.]82:12340,ip:port,ShadowPad,ThreatFox,CN,0/91,0,0,50,2026-10-02 04:48:00 UTC,ThreatFox,https://www.shodan.io/host/43.139.9.82#12340
48,media,critica,154.36.164.137:50050,154[.]36[.]164[.]137:50050,ip:port,Cobalt Strike,ThreatFox,HK,3/91,0,0,50,2026-10-02 04:47:49 UTC,ThreatFox,https://www.shodan.io/host/154.36.164.137#50050
48,media,media,54.198.22.96:443,54[.]198[.]22[.]96:443,ip:port,Unknown malware,ThreatFox,US,0/91,0,0,50,2026-10-02 04:47:46 UTC,ThreatFox,https://www.shodan.io/host/54.198.22.96#443
48,media,media,35.238.96.61:10443,35[.]238[.]96[.]61:10443,ip:port,Unknown malware,ThreatFox,US,0/91,0,0,50,2026-10-02 04:47:43 UTC,ThreatFox,https://www.shodan.io/host/35.238.96.61#10443
48,media,media,34.116.242.54:3333,34[.]116[.]242[.]54:3333,ip:port,Unknown malware,ThreatFox,PL,0/91,0,0,50,2026-10-02 04:47:40 UTC,ThreatFox,https://www.shodan.io/host/34.116.242.54#3333
48,media,media,20.96.136.97:3333,20[.]96[.]136[.]97:3333,ip:port,Unknown malware,ThreatFox,US,0/91,0,0,50,2026-10-02 04:47:38 UTC,ThreatFox,https://www.shodan.io/host/20.96.136.97#3333
48,media,media,172.178.123.238:443,172[.]178[.]123[.]238:443,ip:port,Unknown malware,ThreatFox,US,0/91,0,0,50,2026-10-02 04:47:35 UTC,ThreatFox,https://www.shodan.io/host/172.178.123.238#443
48,media,media,edh9mtv8yw.workers.dev,edh9mtv8yw[.]workers[.]dev,domain,php.shin_webshell,ThreatFox,,0/91,,0,50,2026-10-02 04:31:51 UTC,ThreatFox,
48,media,media,lejb8bujjl.workers.dev,lejb8bujjl[.]workers[.]dev,domain,php.shin_webshell,ThreatFox,,0/91,,0,50,2026-10-02 04:21:57 UTC,ThreatFox,
48,media,media,fujumabu.workers.dev,fujumabu[.]workers[.]dev,domain,php.shin_webshell,ThreatFox,,,,0,50,2026-10-02 02:36:00 UTC,ThreatFox,
48,media,media,hujixowu.workers.dev,hujixowu[.]workers[.]dev,domain,php.shin_webshell,ThreatFox,,,,0,50,2026-10-02 02:30:25 UTC,ThreatFox,
48,media,media,ravufini.workers.dev,ravufini[.]workers[.]dev,domain,php.shin_webshell,ThreatFox,,,,0,50,2026-10-02 00:59:43 UTC,ThreatFox,
48,media,media,zicolywo.workers.dev,zicolywo[.]workers[.]dev,domain,php.shin_webshell,ThreatFox,,,,0,50,2026-10-02 00:50:14 UTC,ThreatFox,
48,media,media,glenpossible.workers.dev,glenpossible[.]workers[.]dev,domain,php.shin_webshell,ThreatFox,,,,0,50,2026-10-01 23:02:14 UTC,ThreatFox,
48,media,media,lafymexe.workers.dev,lafymexe[.]workers[.]dev,domain,php.shin_webshell,ThreatFox,,,,0,50,2026-10-01 22:54:58 UTC,ThreatFox,
40,media,media,http://175.148.158.11:35329/bin.sh,hxxp://175[.]148[.]158[.]11:35329/bin[.]sh,url,malware_download,URLhaus,,,,0,,2026-10-02 21:47:12 UTC,URLhaus,https://urlhaus.abuse.ch/url/3927175/
40,media,media,http://115.57.183.7:47813/bin.sh,hxxp://115[.]57[.]183[.]7:47813/bin[.]sh,url,malware_download,URLhaus,,,,0,,2026-10-02 21:47:12 UTC,URLhaus,https://urlhaus.abuse.ch/url/3927176/
40,media,media,http://115.48.162.176:35189/bin.sh,hxxp://115[.]48[.]162[.]176:35189/bin[.]sh,url,malware_download,URLhaus,,,,0,,2026-10-02 21:47:11 UTC,URLhaus,https://urlhaus.abuse.ch/url/3927173/
40,media,media,http://42.6.60.72:56795/i,hxxp://42[.]6[.]60[.]72:56795/i,url,malware_download,URLhaus,,,,0,,2026-10-02 21:47:11 UTC,URLhaus,https://urlhaus.abuse.ch/url/3927174/
40,media,media,http://117.190.134.251:53823/bin.sh,hxxp://117[.]190[.]134[.]251:53823/bin[.]sh,url,malware_download,URLhaus,,,,0,,2026-10-02 21:44:27 UTC,URLhaus,https://urlhaus.abuse.ch/url/3927172/
40,media,media,http://115.53.222.166:35076/i,hxxp://115[.]53[.]222[.]166:35076/i,url,malware_download,URLhaus,,,,0,,2026-10-02 21:32:17 UTC,URLhaus,https://urlhaus.abuse.ch/url/3927171/
40,media,media,http://113.230.235.85:33943/i,hxxp://113[.]230[.]235[.]85:33943/i,url,malware_download,URLhaus,,,,0,,2026-10-02 21:32:15 UTC,URLhaus,https://urlhaus.abuse.ch/url/3927170/
40,media,media,http://175.148.154.114:57967/i,hxxp://175[.]148[.]154[.]114:57967/i,url,malware_download,URLhaus,,,,0,,2026-10-02 21:32:14 UTC,URLhaus,https://urlhaus.abuse.ch/url/3927169/
40,media,media,http://217.145.72.196/arm,hxxp://217[.]145[.]72[.]196/arm,url,malware_download,URLhaus,,,,0,,2026-10-02 21:23:24 UTC,URLhaus,https://urlhaus.abuse.ch/url/3927168/
40,media,media,http://176.65.139.78/eclipse.sparc,hxxp://176[.]65[.]139[.]78/eclipse[.]sparc,url,malware_download,URLhaus,,,,0,,2026-10-02 21:23:09 UTC,URLhaus,https://urlhaus.abuse.ch/url/3927167/
40,media,media,http://176.65.139.78/eclipse.aarch64,hxxp://176[.]65[.]139[.]78/eclipse[.]aarch64,url,malware_download,URLhaus,,,,0,,2026-10-02 21:22:14 UTC,URLhaus,https://urlhaus.abuse.ch/url/3927166/
40,media,media,http://115.49.20.207:38643/i,hxxp://115[.]49[.]20[.]207:38643/i,url,malware_download,URLhaus,,,,0,,2026-10-02 21:21:30 UTC,URLhaus,https://urlhaus.abuse.ch/url/3927165/
40,media,media,http://115.61.47.213:60869/i,hxxp://115[.]61[.]47[.]213:60869/i,url,malware_download,URLhaus,,,,0,,2026-10-02 21:17:19 UTC,URLhaus,https://urlhaus.abuse.ch/url/3927164/
40,media,media,http://182.127.69.67:46810/bin.sh,hxxp://182[.]127[.]69[.]67:46810/bin[.]sh,url,malware_download,URLhaus,,,,0,,2026-10-02 21:17:11 UTC,URLhaus,https://urlhaus.abuse.ch/url/3927162/
40,media,media,http://222.127.49.242:37677/i,hxxp://222[.]127[.]49[.]242:37677/i,url,malware_download,URLhaus,,,,0,,2026-10-02 21:17:11 UTC,URLhaus,https://urlhaus.abuse.ch/url/3927163/
40,media,media,http://105.186.99.138:47309/i,hxxp://105[.]186[.]99[.]138:47309/i,url,malware_download,URLhaus,,,,0,,2026-10-02 21:02:15 UTC,URLhaus,https://urlhaus.abuse.ch/url/3927159/
40,media,media,http://175.148.154.114:57967/bin.sh,hxxp://175[.]148[.]154[.]114:57967/bin[.]sh,url,malware_download,URLhaus,,,,0,,2026-10-02 21:02:15 UTC,URLhaus,https://urlhaus.abuse.ch/url/3927160/
40,media,media,http://42.226.78.24:59512/i,hxxp://42[.]226[.]78[.]24:59512/i,url,malware_download,URLhaus,,,,0,,2026-10-02 21:02:15 UTC,URLhaus,https://urlhaus.abuse.ch/url/3927161/
40,media,media,http://177.36.24.217:53390/bin.sh,hxxp://177[.]36[.]24[.]217:53390/bin[.]sh,url,malware_download,URLhaus,,,,0,,2026-10-02 21:02:14 UTC,URLhaus,https://urlhaus.abuse.ch/url/3927155/
40,media,media,http://182.121.152.52:52165/i,hxxp://182[.]121[.]152[.]52:52165/i,url,malware_download,URLhaus,,,,0,,2026-10-02 21:02:14 UTC,URLhaus,https://urlhaus.abuse.ch/url/3927156/
40,media,media,http://103.111.23.11:53731/i,hxxp://103[.]111[.]23[.]11:53731/i,url,malware_download,URLhaus,,,,0,,2026-10-02 21:02:14 UTC,URLhaus,https://urlhaus.abuse.ch/url/3927157/
40,media,media,http://27.206.184.220:55514/bin.sh,hxxp://27[.]206[.]184[.]220:55514/bin[.]sh,url,malware_download,URLhaus,,,,0,,2026-10-02 21:02:14 UTC,URLhaus,https://urlhaus.abuse.ch/url/3927158/
40,media,media,http://123.14.58.117:38572/i,hxxp://123[.]14[.]58[.]117:38572/i,url,malware_download,URLhaus,,,,0,,2026-10-02 20:57:25 UTC,URLhaus,https://urlhaus.abuse.ch/url/3927154/
40,media,media,https://cdn.discordapp.com/attachments/1555672813413732352/1555673509751951361/bundle.zip?ex=6ac1615b&is=6ac00fdb&hm=7fa01976e030509c4017d9478904258c81d5c0e0aadee2e32b2df9c7cfa81d1f&,hxxps://cdn[.]discordapp[.]com/attachments/1555672813413732352/1555673509751951361/bundle[.]zip?ex=6ac1615b&is=6ac00fdb&hm=7fa01976e030509c4017d9478904258c81d5c0e0aadee2e32b2df9c7cfa81d1f&,url,malware_download,URLhaus,,,,0,,2026-10-02 20:46:37 UTC,URLhaus,https://urlhaus.abuse.ch/url/3927153/
40,media,media,http://196.189.198.173:51863/i,hxxp://196[.]189[.]198[.]173:51863/i,url,malware_download,URLhaus,,,,0,,2026-10-02 20:46:32 UTC,URLhaus,https://urlhaus.abuse.ch/url/3927152/
40,media,media,http://31.56.209.73:65161/s/kswpad,hxxp://31[.]56[.]209[.]73:65161/s/kswpad,url,malware_download,URLhaus,,,,0,,2026-10-02 20:46:26 UTC,URLhaus,https://urlhaus.abuse.ch/url/3927149/
40,media,media,http://31.56.209.73:65161/s/amd64,hxxp://31[.]56[.]209[.]73:65161/s/amd64,url,malware_download,URLhaus,,,,0,,2026-10-02 20:46:26 UTC,URLhaus,https://urlhaus.abuse.ch/url/3927150/
40,media,media,http://31.56.209.73:65161/s/kal64,hxxp://31[.]56[.]209[.]73:65161/s/kal64,url,malware_download,URLhaus,,,,0,,2026-10-02 20:46:26 UTC,URLhaus,https://urlhaus.abuse.ch/url/3927151/
40,media,media,http://60.19.209.10:51270/i,hxxp://60[.]19[.]209[.]10:51270/i,url,malware_download,URLhaus,,,,0,,2026-10-02 20:46:20 UTC,URLhaus,https://urlhaus.abuse.ch/url/3927148/
40,media,media,http://42.226.64.166:51342/i,hxxp://42[.]226[.]64[.]166:51342/i,url,malware_download,URLhaus,,,,0,,2026-10-02 20:46:18 UTC,URLhaus,https://urlhaus.abuse.ch/url/3927145/
40,media,media,http://117.190.134.251:53823/i,hxxp://117[.]190[.]134[.]251:53823/i,url,malware_download,URLhaus,,,,0,,2026-10-02 20:46:18 UTC,URLhaus,https://urlhaus.abuse.ch/url/3927146/
40,media,media,http://91.92.242.236/files-129312398/files/file_d3e9763172c39cfb.exe,hxxp://91[.]92[.]242[.]236/files-129312398/files/file_d3e9763172c39cfb[.]exe,url,malware_download,URLhaus,,,,0,,2026-10-02 20:46:18 UTC,URLhaus,https://urlhaus.abuse.ch/url/3927147/
40,media,media,http://170.254.10.219:57000/i,hxxp://170[.]254[.]10[.]219:57000/i,url,malware_download,URLhaus,,,,0,,2026-10-02 20:46:17 UTC,URLhaus,https://urlhaus.abuse.ch/url/3927142/
40,media,media,https://tetris-supdate.xyz/d/unix58962202,hxxps://tetris-supdate[.]xyz/d/unix58962202,url,malware_download,URLhaus,,,,0,,2026-10-02 20:46:17 UTC,URLhaus,https://urlhaus.abuse.ch/url/3927143/
40,media,media,http://109.238.87.111/d/unix37077334,hxxp://109[.]238[.]87[.]111/d/unix37077334,url,malware_download,URLhaus,,,,0,,2026-10-02 20:46:17 UTC,URLhaus,https://urlhaus.abuse.ch/url/3927144/
40,media,media,http://39.80.60.21:38015/Mozi.m,hxxp://39[.]80[.]60[.]21:38015/Mozi[.]m,url,malware_download,URLhaus,,,,0,,2026-10-02 20:46:16 UTC,URLhaus,https://urlhaus.abuse.ch/url/3927141/
40,media,media,http://91.92.242.236/files-129312398/files/file_18b51ad133197bb3.exe,hxxp://91[.]92[.]242[.]236/files-129312398/files/file_18b51ad133197bb3[.]exe,url,malware_download,URLhaus,,,,0,,2026-10-02 20:46:14 UTC,URLhaus,https://urlhaus.abuse.ch/url/3927140/
40,media,media,http://176.65.139.160/xmrig-x86,hxxp://176[.]65[.]139[.]160/xmrig-x86,url,malware_download,URLhaus,,,,0,,2026-10-02 20:45:26 UTC,URLhaus,https://urlhaus.abuse.ch/url/3927138/
40,media,media,http://176.65.139.160/cnc.pre-raw-apk,hxxp://176[.]65[.]139[.]160/cnc[.]pre-raw-apk,url,malware_download,URLhaus,,,,0,,2026-10-02 20:45:26 UTC,URLhaus,https://urlhaus.abuse.ch/url/3927139/
40,media,media,http://176.65.139.160/xmrig-aarch64,hxxp://176[.]65[.]139[.]160/xmrig-aarch64,url,malware_download,URLhaus,,,,0,,2026-10-02 20:45:25 UTC,URLhaus,https://urlhaus.abuse.ch/url/3927135/
40,media,media,http://176.65.139.160/xmrig-x64,hxxp://176[.]65[.]139[.]160/xmrig-x64,url,malware_download,URLhaus,,,,0,,2026-10-02 20:45:25 UTC,URLhaus,https://urlhaus.abuse.ch/url/3927136/
40,media,media,http://94.154.43.203:8090/cur.sh,hxxp://94[.]154[.]43[.]203:8090/cur[.]sh,url,malware_download,URLhaus,,,,0,,2026-10-02 20:45:25 UTC,URLhaus,https://urlhaus.abuse.ch/url/3927137/
40,media,media,http://176.65.139.160/cnc.pre-category,hxxp://176[.]65[.]139[.]160/cnc[.]pre-category,url,malware_download,URLhaus,,,,0,,2026-10-02 20:45:21 UTC,URLhaus,https://urlhaus.abuse.ch/url/3927134/
40,media,media,http://176.65.139.160/xmrig-arm,hxxp://176[.]65[.]139[.]160/xmrig-arm,url,malware_download,URLhaus,,,,0,,2026-10-02 20:45:20 UTC,URLhaus,https://urlhaus.abuse.ch/url/3927132/
40,media,media,http://176.65.139.160/cnc.backup-ui,hxxp://176[.]65[.]139[.]160/cnc[.]backup-ui,url,malware_download,URLhaus,,,,0,,2026-10-02 20:45:20 UTC,URLhaus,https://urlhaus.abuse.ch/url/3927133/
40,media,media,http://176.65.139.160/l4_armv7l,hxxp://176[.]65[.]139[.]160/l4_armv7l,url,malware_download,URLhaus,,,,0,,2026-10-02 20:45:19 UTC,URLhaus,https://urlhaus.abuse.ch/url/3927130/
40,media,media,http://176.65.139.160/pid.ppc64le,hxxp://176[.]65[.]139[.]160/pid[.]ppc64le,url,malware_download,URLhaus,,,,0,,2026-10-02 20:45:19 UTC,URLhaus,https://urlhaus.abuse.ch/url/3927131/
40,media,media,https://github.com/thuhangn562727-del/maqueo/raw/refs/heads/main/mko1.exe,hxxps://github[.]com/thuhangn562727-del/maqueo/raw/refs/heads/main/mko1[.]exe,url,malware_download,URLhaus,,,,0,,2026-10-02 20:45:16 UTC,URLhaus,https://urlhaus.abuse.ch/url/3927129/
40,media,media,https://raw.githubusercontent.com/thuhangn562727-del/maqueo/refs/heads/main/mko1.js?download=1,hxxps://raw[.]githubusercontent[.]com/thuhangn562727-del/maqueo/refs/heads/main/mko1[.]js?download=1,url,malware_download,URLhaus,,,,0,,2026-10-02 20:45:14 UTC,URLhaus,https://urlhaus.abuse.ch/url/3927128/
40,media,media,http://176.65.139.160/juan.apk,hxxp://176[.]65[.]139[.]160/juan[.]apk,url,malware_download,URLhaus,,,,0,,2026-10-02 20:45:13 UTC,URLhaus,https://urlhaus.abuse.ch/url/3927127/
40,media,media,http://176.65.139.160/pid.armv6l,hxxp://176[.]65[.]139[.]160/pid[.]armv6l,url,malware_download,URLhaus,,,,0,,2026-10-02 20:44:26 UTC,URLhaus,https://urlhaus.abuse.ch/url/3927125/
40,media,media,http://176.65.139.160/armv7l.pre-persist,hxxp://176[.]65[.]139[.]160/armv7l[.]pre-persist,url,malware_download,URLhaus,,,,0,,2026-10-02 20:44:26 UTC,URLhaus,https://urlhaus.abuse.ch/url/3927126/
40,media,media,http://176.65.139.160/aarch64.pre-variant,hxxp://176[.]65[.]139[.]160/aarch64[.]pre-variant,url,malware_download,URLhaus,,,,0,,2026-10-02 20:44:23 UTC,URLhaus,https://urlhaus.abuse.ch/url/3927122/
40,media,media,http://176.65.139.160/aarch64.pre-persist,hxxp://176[.]65[.]139[.]160/aarch64[.]pre-persist,url,malware_download,URLhaus,,,,0,,2026-10-02 20:44:23 UTC,URLhaus,https://urlhaus.abuse.ch/url/3927123/
40,media,media,http://176.65.139.160/armv7l.pre-variant,hxxp://176[.]65[.]139[.]160/armv7l[.]pre-variant,url,malware_download,URLhaus,,,,0,,2026-10-02 20:44:23 UTC,URLhaus,https://urlhaus.abuse.ch/url/3927124/
40,media,media,http://176.65.139.160/pid.armv5tel,hxxp://176[.]65[.]139[.]160/pid[.]armv5tel,url,malware_download,URLhaus,,,,0,,2026-10-02 20:44:22 UTC,URLhaus,https://urlhaus.abuse.ch/url/3927120/
40,media,media,http://176.65.139.160/pid.armv7l,hxxp://176[.]65[.]139[.]160/pid[.]armv7l,url,malware_download,URLhaus,,,,0,,2026-10-02 20:44:22 UTC,URLhaus,https://urlhaus.abuse.ch/url/3927121/
40,media,media,http://31.76.61.78/t/stg.lnk,hxxp://31[.]76[.]61[.]78/t/stg[.]lnk,url,malware_download,URLhaus,,,,0,,2026-10-02 20:42:11 UTC,URLhaus,https://urlhaus.abuse.ch/url/3927119/
40,media,media,http://31.76.61.78/t/reader.hta,hxxp://31[.]76[.]61[.]78/t/reader[.]hta,url,malware_download,URLhaus,,,,0,,2026-10-02 20:41:13 UTC,URLhaus,https://urlhaus.abuse.ch/url/3927118/
40,media,media,http://101.59.79.119:43520/bin.sh,hxxp://101[.]59[.]79[.]119:43520/bin[.]sh,url,malware_download,URLhaus,,,,0,,2026-10-02 20:40:23 UTC,URLhaus,https://urlhaus.abuse.ch/url/3927117/
40,media,media,http://123.14.58.117:38572/bin.sh,hxxp://123[.]14[.]58[.]117:38572/bin[.]sh,url,malware_download,URLhaus,,,,0,,2026-10-02 20:35:13 UTC,URLhaus,https://urlhaus.abuse.ch/url/3927116/
40,media,media,http://115.55.54.132:41453/i,hxxp://115[.]55[.]54[.]132:41453/i,url,malware_download,URLhaus,,,,0,,2026-10-02 20:32:17 UTC,URLhaus,https://urlhaus.abuse.ch/url/3927113/
40,media,media,http://220.161.160.97:56313/i,hxxp://220[.]161[.]160[.]97:56313/i,url,malware_download,URLhaus,,,,0,,2026-10-02 20:32:17 UTC,URLhaus,https://urlhaus.abuse.ch/url/3927114/
40,media,media,http://115.57.199.235:49961/i,hxxp://115[.]57[.]199[.]235:49961/i,url,malware_download,URLhaus,,,,0,,2026-10-02 20:32:17 UTC,URLhaus,https://urlhaus.abuse.ch/url/3927115/
40,media,media,http://77.79.160.210:35699/i,hxxp://77[.]79[.]160[.]210:35699/i,url,malware_download,URLhaus,,,,0,,2026-10-02 20:32:15 UTC,URLhaus,https://urlhaus.abuse.ch/url/3927112/
40,media,media,http://217.60.195.187/x86_64_nl,hxxp://217[.]60[.]195[.]187/x86_64_nl,url,malware_download,URLhaus,,,,0,,2026-10-02 20:29:22 UTC,URLhaus,https://urlhaus.abuse.ch/url/3927110/
40,media,media,http://217.60.195.187/b_wt,hxxp://217[.]60[.]195[.]187/b_wt,url,malware_download,URLhaus,,,,0,,2026-10-02 20:29:22 UTC,URLhaus,https://urlhaus.abuse.ch/url/3927111/
40,media,media,http://217.60.195.187/b_persist,hxxp://217[.]60[.]195[.]187/b_persist,url,malware_download,URLhaus,,,,0,,2026-10-02 20:28:26 UTC,URLhaus,https://urlhaus.abuse.ch/url/3927105/
40,media,media,http://217.60.195.187/x86_64_nowd,hxxp://217[.]60[.]195[.]187/x86_64_nowd,url,malware_download,URLhaus,,,,0,,2026-10-02 20:28:26 UTC,URLhaus,https://urlhaus.abuse.ch/url/3927106/
40,media,media,http://217.60.195.187/x86_64_dbg,hxxp://217[.]60[.]195[.]187/x86_64_dbg,url,malware_download,URLhaus,,,,0,,2026-10-02 20:28:26 UTC,URLhaus,https://urlhaus.abuse.ch/url/3927107/
40,media,media,http://217.60.195.187/b_kt,hxxp://217[.]60[.]195[.]187/b_kt,url,malware_download,URLhaus,,,,0,,2026-10-02 20:28:26 UTC,URLhaus,https://urlhaus.abuse.ch/url/3927108/
40,media,media,http://217.60.195.187/x86_64_fin,hxxp://217[.]60[.]195[.]187/x86_64_fin,url,malware_download,URLhaus,,,,0,,2026-10-02 20:28:26 UTC,URLhaus,https://urlhaus.abuse.ch/url/3927109/
40,media,media,http://217.60.195.187/x86_64_sr,hxxp://217[.]60[.]195[.]187/x86_64_sr,url,malware_download,URLhaus,,,,0,,2026-10-02 20:28:25 UTC,URLhaus,https://urlhaus.abuse.ch/url/3927102/
40,media,media,http://217.60.195.187/x86_64_v2,hxxp://217[.]60[.]195[.]187/x86_64_v2,url,malware_download,URLhaus,,,,0,,2026-10-02 20:28:25 UTC,URLhaus,https://urlhaus.abuse.ch/url/3927103/
40,media,media,http://217.60.195.187/x86_64_nsr,hxxp://217[.]60[.]195[.]187/x86_64_nsr,url,malware_download,URLhaus,,,,0,,2026-10-02 20:28:25 UTC,URLhaus,https://urlhaus.abuse.ch/url/3927104/
40,media,media,http://217.60.195.187/x86_64_ns,hxxp://217[.]60[.]195[.]187/x86_64_ns,url,malware_download,URLhaus,,,,0,,2026-10-02 20:28:16 UTC,URLhaus,https://urlhaus.abuse.ch/url/3927100/
40,media,media,http://217.60.195.187/x86_64_new,hxxp://217[.]60[.]195[.]187/x86_64_new,url,malware_download,URLhaus,,,,0,,2026-10-02 20:28:16 UTC,URLhaus,https://urlhaus.abuse.ch/url/3927101/
40,media,media,http://217.60.195.187/x86_64_clean,hxxp://217[.]60[.]195[.]187/x86_64_clean,url,malware_download,URLhaus,,,,0,,2026-10-02 20:28:15 UTC,URLhaus,https://urlhaus.abuse.ch/url/3927097/
40,media,media,http://217.60.195.187/x86_64_t8,hxxp://217[.]60[.]195[.]187/x86_64_t8,url,malware_download,URLhaus,,,,0,,2026-10-02 20:28:15 UTC,URLhaus,https://urlhaus.abuse.ch/url/3927098/
40,media,media,http://217.60.195.187/b_lt,hxxp://217[.]60[.]195[.]187/b_lt,url,malware_download,URLhaus,,,,0,,2026-10-02 20:28:15 UTC,URLhaus,https://urlhaus.abuse.ch/url/3927099/
40,media,media,http://175.149.91.64:38924/i,hxxp://175[.]149[.]91[.]64:38924/i,url,malware_download,URLhaus,,,,0,,2026-10-02 20:25:44 UTC,URLhaus,https://urlhaus.abuse.ch/url/3927096/
40,media,media,http://193.26.115.64/setup_Unassigned.msi,hxxp://193[.]26[.]115[.]64/setup_Unassigned[.]msi,url,malware_download,URLhaus,,,,0,,2026-10-02 20:19:19 UTC,URLhaus,https://urlhaus.abuse.ch/url/3927095/
40,media,media,http://178.16.52.209/agent.exe,hxxp://178[.]16[.]52[.]209/agent[.]exe,url,malware_download,URLhaus,,,,0,,2026-10-02 20:19:16 UTC,URLhaus,https://urlhaus.abuse.ch/url/3927094/
40,media,media,http://160.179.255.198:45158/i,hxxp://160[.]179[.]255[.]198:45158/i,url,malware_download,URLhaus,,,,0,,2026-10-02 20:16:18 UTC,URLhaus,https://urlhaus.abuse.ch/url/3927093/
40,media,media,http://77.79.160.210:35699/bin.sh,hxxp://77[.]79[.]160[.]210:35699/bin[.]sh,url,malware_download,URLhaus,,,,0,,2026-10-02 20:16:15 UTC,URLhaus,https://urlhaus.abuse.ch/url/3927092/
40,media,media,http://112.242.231.62:59223/bin.sh,hxxp://112[.]242[.]231[.]62:59223/bin[.]sh,url,malware_download,URLhaus,,,,0,,2026-10-02 20:03:12 UTC,URLhaus,https://urlhaus.abuse.ch/url/3927091/
40,media,media,http://42.176.197.73:53327/bin.sh,hxxp://42[.]176[.]197[.]73:53327/bin[.]sh,url,malware_download,URLhaus,,,,0,,2026-10-02 20:02:15 UTC,URLhaus,https://urlhaus.abuse.ch/url/3927090/
40,media,media,http://36.69.66.206:40622/i,hxxp://36[.]69[.]66[.]206:40622/i,url,malware_download,URLhaus,,,,0,,2026-10-02 20:01:18 UTC,URLhaus,https://urlhaus.abuse.ch/url/3927089/
40,media,media,http://125.44.252.89:54690/bin.sh,hxxp://125[.]44[.]252[.]89:54690/bin[.]sh,url,malware_download,URLhaus,,,,0,,2026-10-02 20:01:12 UTC,URLhaus,https://urlhaus.abuse.ch/url/3927088/
40,media,media,http://175.149.91.64:38924/bin.sh,hxxp://175[.]149[.]91[.]64:38924/bin[.]sh,url,malware_download,URLhaus,,,,0,,2026-10-02 19:58:40 UTC,URLhaus,https://urlhaus.abuse.ch/url/3927087/
40,media,media,http://103.125.31.101:37202/i,hxxp://103[.]125[.]31[.]101:37202/i,url,malware_download,URLhaus,,,,0,,2026-10-02 19:47:12 UTC,URLhaus,https://urlhaus.abuse.ch/url/3927085/
40,media,media,http://113.236.122.119:56180/i,hxxp://113[.]236[.]122[.]119:56180/i,url,malware_download,URLhaus,,,,0,,2026-10-02 19:47:12 UTC,URLhaus,https://urlhaus.abuse.ch/url/3927086/
40,media,media,http://180.191.20.148:49271/i,hxxp://180[.]191[.]20[.]148:49271/i,url,malware_download,URLhaus,,,,0,,2026-10-02 19:32:23 UTC,URLhaus,https://urlhaus.abuse.ch/url/3927083/
40,media,media,http://112.198.179.93:56538/i,hxxp://112[.]198[.]179[.]93:56538/i,url,malware_download,URLhaus,,,,0,,2026-10-02 19:32:23 UTC,URLhaus,https://urlhaus.abuse.ch/url/3927084/
40,media,media,http://221.15.189.1:35189/i,hxxp://221[.]15[.]189[.]1:35189/i,url,malware_download,URLhaus,,,,0,,2026-10-02 19:32:12 UTC,URLhaus,https://urlhaus.abuse.ch/url/3927080/
40,media,media,http://178.74.91.108:3344/i,hxxp://178[.]74[.]91[.]108:3344/i,url,malware_download,URLhaus,,,,0,,2026-10-02 19:32:12 UTC,URLhaus,https://urlhaus.abuse.ch/url/3927081/
40,media,media,http://42.235.167.45:35993/i,hxxp://42[.]235[.]167[.]45:35993/i,url,malware_download,URLhaus,,,,0,,2026-10-02 19:32:12 UTC,URLhaus,https://urlhaus.abuse.ch/url/3927082/
40,media,media,http://222.141.2.255:39795/bin.sh,hxxp://222[.]141[.]2[.]255:39795/bin[.]sh,url,malware_download,URLhaus,,,,0,,2026-10-02 19:32:11 UTC,URLhaus,https://urlhaus.abuse.ch/url/3927079/
40,media,media,http://217.60.195.87/main_x86_64,hxxp://217[.]60[.]195[.]87/main_x86_64,url,malware_download,URLhaus,,,,0,,2026-10-02 19:27:24 UTC,URLhaus,https://urlhaus.abuse.ch/url/3927078/
40,media,media,http://217.60.195.87/main_sh4,hxxp://217[.]60[.]195[.]87/main_sh4,url,malware_download,URLhaus,,,,0,,2026-10-02 19:26:14 UTC,URLhaus,https://urlhaus.abuse.ch/url/3927076/
25,baja,media,CVE-2025-26399,CVE-2025-26399,cve,Determined Attacker Uploads Malicious Webshells to Parks and Rec Management Platform Servers,OTX,,,,0,,2026-10-02T07:17:53,OTX,https://otx.alienvault.com/pulse/6abf5aa04b47ef1458d7472a
25,baja,media,0d8f7bf30aa1ac95d59fed24c433dd2b3d57767f38c088721699c841c6e861d3,0d8f7bf30aa1ac95d59fed24c433dd2b3d57767f38c088721699c841c6e861d3,filehash-sha256,Determined Attacker Uploads Malicious Webshells to Parks and Rec Management Platform Servers,OTX,,,,0,,2026-10-02T07:17:53,OTX,https://otx.alienvault.com/pulse/6abf5aa04b47ef1458d7472a
25,baja,media,0d93c3a8ded46887f79ac4ca7f238c458de2231243176f6c05062e34f238d19a,0d93c3a8ded46887f79ac4ca7f238c458de2231243176f6c05062e34f238d19a,filehash-sha256,Determined Attacker Uploads Malicious Webshells to Parks and Rec Management Platform Servers,OTX,,,,0,,2026-10-02T07:17:53,OTX,https://otx.alienvault.com/pulse/6abf5aa04b47ef1458d7472a
25,baja,media,5f69ff7a2e024f94cc5f816fa16c90054b09d9ac430b1f8b0631dfdd4472905e,5f69ff7a2e024f94cc5f816fa16c90054b09d9ac430b1f8b0631dfdd4472905e,filehash-sha256,Determined Attacker Uploads Malicious Webshells to Parks and Rec Management Platform Servers,OTX,,,,0,,2026-10-02T07:17:53,OTX,https://otx.alienvault.com/pulse/6abf5aa04b47ef1458d7472a
25,baja,media,7bb594a77f726bf21a49f717024f2915f82f47eb623d2ad305259301de1f1ab4,7bb594a77f726bf21a49f717024f2915f82f47eb623d2ad305259301de1f1ab4,filehash-sha256,Determined Attacker Uploads Malicious Webshells to Parks and Rec Management Platform Servers,OTX,,,,0,,2026-10-02T07:17:53,OTX,https://otx.alienvault.com/pulse/6abf5aa04b47ef1458d7472a
25,baja,media,b06b581d91f4108900d188c3ee1af18502a8cb65d4e101663b791bd670867485,b06b581d91f4108900d188c3ee1af18502a8cb65d4e101663b791bd670867485,filehash-sha256,Determined Attacker Uploads Malicious Webshells to Parks and Rec Management Platform Servers,OTX,,,,0,,2026-10-02T07:17:53,OTX,https://otx.alienvault.com/pulse/6abf5aa04b47ef1458d7472a
25,baja,media,e9dee286069afb6b411febb96b91a963cd16baffbf8b6aa951e0ef1a7e0e3879,e9dee286069afb6b411febb96b91a963cd16baffbf8b6aa951e0ef1a7e0e3879,filehash-sha256,Determined Attacker Uploads Malicious Webshells to Parks and Rec Management Platform Servers,OTX,,,,0,,2026-10-02T07:17:53,OTX,https://otx.alienvault.com/pulse/6abf5aa04b47ef1458d7472a
25,baja,media,0099bf67cfa72030c1c317240441f3b8,0099bf67cfa72030c1c317240441f3b8,filehash-md5,August 2026 Threat Trend Report on APT Attacks (South Korea),OTX,,,,0,,2026-10-02T07:16:45,OTX,https://otx.alienvault.com/pulse/6abf5a5d160f0149844cd8c1
25,baja,media,01e099f0947d0ef7bcb967063d761fa6,01e099f0947d0ef7bcb967063d761fa6,filehash-md5,August 2026 Threat Trend Report on APT Attacks (South Korea),OTX,,,,0,,2026-10-02T07:16:45,OTX,https://otx.alienvault.com/pulse/6abf5a5d160f0149844cd8c1
25,baja,media,02f87ffe09edad431746660b310956c5,02f87ffe09edad431746660b310956c5,filehash-md5,August 2026 Threat Trend Report on APT Attacks (South Korea),OTX,,,,0,,2026-10-02T07:16:45,OTX,https://otx.alienvault.com/pulse/6abf5a5d160f0149844cd8c1
25,baja,media,03be987cd4c4e1e788f803ca6e464a29,03be987cd4c4e1e788f803ca6e464a29,filehash-md5,August 2026 Threat Trend Report on APT Attacks (South Korea),OTX,,,,0,,2026-10-02T07:16:45,OTX,https://otx.alienvault.com/pulse/6abf5a5d160f0149844cd8c1
25,baja,media,06b3b6fbf106d46534459d2189aac739,06b3b6fbf106d46534459d2189aac739,filehash-md5,August 2026 Threat Trend Report on APT Attacks (South Korea),OTX,,,,0,,2026-10-02T07:16:45,OTX,https://otx.alienvault.com/pulse/6abf5a5d160f0149844cd8c1
25,baja,media,www.cwmodern.com,www[.]cwmodern[.]com,hostname,August 2026 Threat Trend Report on APT Attacks (South Korea),OTX,,,,0,,2026-10-02T07:16:45,OTX,https://otx.alienvault.com/pulse/6abf5a5d160f0149844cd8c1
25,baja,media,www.dolgicap.com,www[.]dolgicap[.]com,hostname,August 2026 Threat Trend Report on APT Attacks (South Korea),OTX,,,,0,,2026-10-02T07:16:45,OTX,https://otx.alienvault.com/pulse/6abf5a5d160f0149844cd8c1
25,baja,alta,quick-neo.com,quick-neo[.]com,domain,$100k in Crypto Drained by the Underground Operation,OTX,,,,0,,2026-10-02T07:13:35,OTX,https://otx.alienvault.com/pulse/6abf599ea3419c5518645c45
25,baja,alta,95.164.53.76,95[.]164[.]53[.]76,ipv4,$100k in Crypto Drained by the Underground Operation,OTX,BG,,0,0,,2026-10-02T07:13:35,OTX,https://otx.alienvault.com/pulse/6abf599ea3419c5518645c45
25,baja,alta,http://95.164.53.76/new/log/048466C5/startCrypt,hxxp://95[.]164[.]53[.]76/new/log/048466C5/startCrypt,url,$100k in Crypto Drained by the Underground Operation,OTX,,,,0,,2026-10-02T07:13:35,OTX,https://otx.alienvault.com/pulse/6abf599ea3419c5518645c45
25,baja,alta,http://95.164.53.76/new/log/29A5FDA7/failed/1769331221,hxxp://95[.]164[.]53[.]76/new/log/29A5FDA7/failed/1769331221,url,$100k in Crypto Drained by the Underground Operation,OTX,,,,0,,2026-10-02T07:13:35,OTX,https://otx.alienvault.com/pulse/6abf599ea3419c5518645c45
25,baja,alta,http://95.164.53.76/new/log/29A5FDA7/startLoader/1769331211,hxxp://95[.]164[.]53[.]76/new/log/29A5FDA7/startLoader/1769331211,url,$100k in Crypto Drained by the Underground Operation,OTX,,,,0,,2026-10-02T07:13:35,OTX,https://otx.alienvault.com/pulse/6abf599ea3419c5518645c45
25,baja,alta,http://95.164.53.76/new/log/8320E1A4/success/1767499039,hxxp://95[.]164[.]53[.]76/new/log/8320E1A4/success/1767499039,url,$100k in Crypto Drained by the Underground Operation,OTX,,,,0,,2026-10-02T07:13:35,OTX,https://otx.alienvault.com/pulse/6abf599ea3419c5518645c45
25,baja,alta,http://95.164.53.76/new/log/8320e1a4/startloader/1767499038,hxxp://95[.]164[.]53[.]76/new/log/8320e1a4/startloader/1767499038,url,$100k in Crypto Drained by the Underground Operation,OTX,,,,0,,2026-10-02T07:13:35,OTX,https://otx.alienvault.com/pulse/6abf599ea3419c5518645c45
25,baja,alta,http://95.164.53.76/new/log/D9D278DD/success/1696492954,hxxp://95[.]164[.]53[.]76/new/log/D9D278DD/success/1696492954,url,$100k in Crypto Drained by the Underground Operation,OTX,,,,0,,2026-10-02T07:13:35,OTX,https://otx.alienvault.com/pulse/6abf599ea3419c5518645c45
25,baja,alta,https://easybooters.com/newlog.php',hxxps://easybooters[.]com/newlog[.]php',url,$100k in Crypto Drained by the Underground Operation,OTX,,,,0,,2026-10-02T07:13:35,OTX,https://otx.alienvault.com/pulse/6abf599ea3419c5518645c45
25,baja,alta,easybooters.com,easybooters[.]com,domain,$100k in Crypto Drained by the Underground Operation,OTX,,,,0,,2026-10-02T07:13:35,OTX,https://otx.alienvault.com/pulse/6abf599ea3419c5518645c45
25,baja,critica,CVE-2025-49704,CVE-2025-49704,cve,Warlock Ransomware Attackers Hit Water and Telecom Operators,OTX,,,,0,,2026-10-01T15:37:44,OTX,https://otx.alienvault.com/pulse/6abe7e463c092196777a7816
25,baja,critica,CVE-2025-49706,CVE-2025-49706,cve,Warlock Ransomware Attackers Hit Water and Telecom Operators,OTX,,,,0,,2026-10-01T15:37:44,OTX,https://otx.alienvault.com/pulse/6abe7e463c092196777a7816
25,baja,critica,CVE-2025-53770,CVE-2025-53770,cve,Warlock Ransomware Attackers Hit Water and Telecom Operators,OTX,,,,0,,2026-10-01T15:37:44,OTX,https://otx.alienvault.com/pulse/6abe7e463c092196777a7816
25,baja,critica,CVE-2025-53771,CVE-2025-53771,cve,Warlock Ransomware Attackers Hit Water and Telecom Operators,OTX,,,,0,,2026-10-01T15:37:44,OTX,https://otx.alienvault.com/pulse/6abe7e463c092196777a7816
25,baja,critica,206f27ae820783b7755bca89f83a0fe096dbb510018dd65b63fc80bd20c03261,206f27ae820783b7755bca89f83a0fe096dbb510018dd65b63fc80bd20c03261,filehash-sha256,Warlock Ransomware Attackers Hit Water and Telecom Operators,OTX,,,,0,,2026-10-01T15:37:44,OTX,https://otx.alienvault.com/pulse/6abe7e463c092196777a7816
25,baja,critica,80961850786d6531f075b8a6f9a756ad,80961850786d6531f075b8a6f9a756ad,filehash-md5,Warlock Ransomware Attackers Hit Water and Telecom Operators,OTX,,,,0,,2026-10-01T15:37:44,OTX,https://otx.alienvault.com/pulse/6abe7e463c092196777a7816
25,baja,critica,b0b912a3fd1c05d72080848ec4c92880004021a1,b0b912a3fd1c05d72080848ec4c92880004021a1,filehash-sha1,Warlock Ransomware Attackers Hit Water and Telecom Operators,OTX,,,,0,,2026-10-01T15:37:44,OTX,https://otx.alienvault.com/pulse/6abe7e463c092196777a7816
25,baja,critica,CVE-2025-1055,CVE-2025-1055,cve,Warlock Ransomware Attackers Hit Water and Telecom Operators,OTX,,,,0,,2026-10-01T15:37:44,OTX,https://otx.alienvault.com/pulse/6abe7e463c092196777a7816
25,baja,critica,116ca4e88a1bcebb6c0da7fb431c8eca7b8ef3f9767194820c56091972ccac2c,116ca4e88a1bcebb6c0da7fb431c8eca7b8ef3f9767194820c56091972ccac2c,filehash-sha256,Warlock Ransomware Attackers Hit Water and Telecom Operators,OTX,,,,0,,2026-10-01T15:37:44,OTX,https://otx.alienvault.com/pulse/6abe7e463c092196777a7816
25,baja,critica,155fb1cbdaea12c83ba92d18c88cf38bbc42bb684f913ca0bc26fcf115426a55,155fb1cbdaea12c83ba92d18c88cf38bbc42bb684f913ca0bc26fcf115426a55,filehash-sha256,Warlock Ransomware Attackers Hit Water and Telecom Operators,OTX,,,,0,,2026-10-01T15:37:44,OTX,https://otx.alienvault.com/pulse/6abe7e463c092196777a7816
25,baja,critica,1edb2c0b537cd95bbd5fc16321b4c38a6adf325ccc7b588ad6acc980b0463b60,1edb2c0b537cd95bbd5fc16321b4c38a6adf325ccc7b588ad6acc980b0463b60,filehash-sha256,Warlock Ransomware Attackers Hit Water and Telecom Operators,OTX,,,,0,,2026-10-01T15:37:44,OTX,https://otx.alienvault.com/pulse/6abe7e463c092196777a7816
25,baja,critica,27b7591cf9e1283010ca98fa5dbe970a73fee0d8cde277639924c144718db7c0,27b7591cf9e1283010ca98fa5dbe970a73fee0d8cde277639924c144718db7c0,filehash-sha256,Warlock Ransomware Attackers Hit Water and Telecom Operators,OTX,,,,0,,2026-10-01T15:37:44,OTX,https://otx.alienvault.com/pulse/6abe7e463c092196777a7816
25,baja,critica,37f94fe1b4a106f02b6f74a69cbc05e69c17406f688beef4c9a045ffcbd2e65e,37f94fe1b4a106f02b6f74a69cbc05e69c17406f688beef4c9a045ffcbd2e65e,filehash-sha256,Warlock Ransomware Attackers Hit Water and Telecom Operators,OTX,,,,0,,2026-10-01T15:37:44,OTX,https://otx.alienvault.com/pulse/6abe7e463c092196777a7816
25,baja,critica,6d07f1232dc59b84038fd0b2e75fdd3d5b825882bb0dba9e6724b7b0823fa3ad,6d07f1232dc59b84038fd0b2e75fdd3d5b825882bb0dba9e6724b7b0823fa3ad,filehash-sha256,Warlock Ransomware Attackers Hit Water and Telecom Operators,OTX,,,,0,,2026-10-01T15:37:44,OTX,https://otx.alienvault.com/pulse/6abe7e463c092196777a7816
25,baja,critica,73c5268256c9da5488cd9e2b79013060ac321c7e54129344dc7b51e268af36ea,73c5268256c9da5488cd9e2b79013060ac321c7e54129344dc7b51e268af36ea,filehash-sha256,Warlock Ransomware Attackers Hit Water and Telecom Operators,OTX,,,,0,,2026-10-01T15:37:44,OTX,https://otx.alienvault.com/pulse/6abe7e463c092196777a7816
25,baja,critica,8b58f7811a2a2f2a5024220490473774f02759dd2dd904b5b9fabfbaae37125f,8b58f7811a2a2f2a5024220490473774f02759dd2dd904b5b9fabfbaae37125f,filehash-sha256,Warlock Ransomware Attackers Hit Water and Telecom Operators,OTX,,,,0,,2026-10-01T15:37:44,OTX,https://otx.alienvault.com/pulse/6abe7e463c092196777a7816
25,baja,critica,8ce8d8270ee9de02644530b8dd7fa78973b4a3b80f121e2c5f45ae68cce196f9,8ce8d8270ee9de02644530b8dd7fa78973b4a3b80f121e2c5f45ae68cce196f9,filehash-sha256,Warlock Ransomware Attackers Hit Water and Telecom Operators,OTX,,,,0,,2026-10-01T15:37:44,OTX,https://otx.alienvault.com/pulse/6abe7e463c092196777a7816
25,baja,critica,9ceb01f8bf7d6dba2ae07f5bd6070de3ec67b5eb01f969b0ba85e74564fb83a7,9ceb01f8bf7d6dba2ae07f5bd6070de3ec67b5eb01f969b0ba85e74564fb83a7,filehash-sha256,Warlock Ransomware Attackers Hit Water and Telecom Operators,OTX,,,,0,,2026-10-01T15:37:44,OTX,https://otx.alienvault.com/pulse/6abe7e463c092196777a7816
25,baja,critica,aaff04d84ef85353966aa4af186ff1254b72c068f33f802417b29dc23fb9f192,aaff04d84ef85353966aa4af186ff1254b72c068f33f802417b29dc23fb9f192,filehash-sha256,Warlock Ransomware Attackers Hit Water and Telecom Operators,OTX,,,,0,,2026-10-01T15:37:44,OTX,https://otx.alienvault.com/pulse/6abe7e463c092196777a7816
25,baja,critica,ae9f7fce57c7b928e659dccf0e00fa79cd9cd61a106f18d4e03f92dc3a03c295,ae9f7fce57c7b928e659dccf0e00fa79cd9cd61a106f18d4e03f92dc3a03c295,filehash-sha256,Warlock Ransomware Attackers Hit Water and Telecom Operators,OTX,,,,0,,2026-10-01T15:37:44,OTX,https://otx.alienvault.com/pulse/6abe7e463c092196777a7816
25,baja,critica,c46825fcc0d1bf7a8b192facb176d6bf916c9dccfd6fa994be691e3b0e585f4e,c46825fcc0d1bf7a8b192facb176d6bf916c9dccfd6fa994be691e3b0e585f4e,filehash-sha256,Warlock Ransomware Attackers Hit Water and Telecom Operators,OTX,,,,0,,2026-10-01T15:37:44,OTX,https://otx.alienvault.com/pulse/6abe7e463c092196777a7816
25,baja,media,sharehub.space,sharehub[.]space,domain,Hallucinating Credibility: China-Aligned TA419 Impersonates its Way into US AI Policy Circles,OTX,,,,0,,2026-10-01T10:43:48,OTX,https://otx.alienvault.com/pulse/6abe39636551c6c071894d2b
25,baja,media,driftshare.co,driftshare[.]co,domain,Hallucinating Credibility: China-Aligned TA419 Impersonates its Way into US AI Policy Circles,OTX,,,,0,,2026-10-01T10:43:48,OTX,https://otx.alienvault.com/pulse/6abe39636551c6c071894d2b
25,baja,media,globalfileshareplatform.com,globalfileshareplatform[.]com,domain,Hallucinating Credibility: China-Aligned TA419 Impersonates its Way into US AI Policy Circles,OTX,,,,0,,2026-10-01T10:43:48,OTX,https://otx.alienvault.com/pulse/6abe39636551c6c071894d2b
25,baja,media,quickfly.online,quickfly[.]online,domain,Hallucinating Credibility: China-Aligned TA419 Impersonates its Way into US AI Policy Circles,OTX,,,,0,,2026-10-01T10:43:48,OTX,https://otx.alienvault.com/pulse/6abe39636551c6c071894d2b
25,baja,media,smartsyncbox.com,smartsyncbox[.]com,domain,Hallucinating Credibility: China-Aligned TA419 Impersonates its Way into US AI Policy Circles,OTX,,,,0,,2026-10-01T10:43:48,OTX,https://otx.alienvault.com/pulse/6abe39636551c6c071894d2b
25,baja,media,cirrushare.co,cirrushare[.]co,domain,Hallucinating Credibility: China-Aligned TA419 Impersonates its Way into US AI Policy Circles,OTX,,,,0,,2026-10-01T10:43:48,OTX,https://otx.alienvault.com/pulse/6abe39636551c6c071894d2b
25,baja,media,mypublicshare.com,mypublicshare[.]com,domain,Hallucinating Credibility: China-Aligned TA419 Impersonates its Way into US AI Policy Circles,OTX,,,,0,,2026-10-01T10:43:48,OTX,https://otx.alienvault.com/pulse/6abe39636551c6c071894d2b
25,baja,media,goshshare.online,goshshare[.]online,domain,Hallucinating Credibility: China-Aligned TA419 Impersonates its Way into US AI Policy Circles,OTX,,,,0,,2026-10-01T10:43:48,OTX,https://otx.alienvault.com/pulse/6abe39636551c6c071894d2b
25,baja,media,synchvault.co,synchvault[.]co,domain,Hallucinating Credibility: China-Aligned TA419 Impersonates its Way into US AI Policy Circles,OTX,,,,0,,2026-10-01T10:43:48,OTX,https://otx.alienvault.com/pulse/6abe39636551c6c071894d2b
25,baja,media,cloudsyncpulse.com,cloudsyncpulse[.]com,domain,Hallucinating Credibility: China-Aligned TA419 Impersonates its Way into US AI Policy Circles,OTX,,,,0,,2026-10-01T10:43:48,OTX,https://otx.alienvault.com/pulse/6abe39636551c6c071894d2b
25,baja,media,onecloudfilesync.com,onecloudfilesync[.]com,domain,Hallucinating Credibility: China-Aligned TA419 Impersonates its Way into US AI Policy Circles,OTX,,,,0,,2026-10-01T10:43:48,OTX,https://otx.alienvault.com/pulse/6abe39636551c6c071894d2b
25,baja,media,msfile.online,msfile[.]online,domain,Hallucinating Credibility: China-Aligned TA419 Impersonates its Way into US AI Policy Circles,OTX,,,,0,,2026-10-01T10:43:48,OTX,https://otx.alienvault.com/pulse/6abe39636551c6c071894d2b
25,baja,media,winsync.cloud,winsync[.]cloud,domain,Hallucinating Credibility: China-Aligned TA419 Impersonates its Way into US AI Policy Circles,OTX,,,,0,,2026-10-01T10:43:48,OTX,https://otx.alienvault.com/pulse/6abe39636551c6c071894d2b
25,baja,media,publicsharefile.cloud,publicsharefile[.]cloud,domain,Hallucinating Credibility: China-Aligned TA419 Impersonates its Way into US AI Policy Circles,OTX,,,,0,,2026-10-01T10:43:48,OTX,https://otx.alienvault.com/pulse/6abe39636551c6c071894d2b
25,baja,media,fileswiftonline.cloud,fileswiftonline[.]cloud,domain,Hallucinating Credibility: China-Aligned TA419 Impersonates its Way into US AI Policy Circles,OTX,,,,0,,2026-10-01T10:43:48,OTX,https://otx.alienvault.com/pulse/6abe39636551c6c071894d2b
25,baja,media,tw-koryu.org,tw-koryu[.]org,domain,Hallucinating Credibility: China-Aligned TA419 Impersonates its Way into US AI Policy Circles,OTX,,,,0,,2026-10-01T10:43:48,OTX,https://otx.alienvault.com/pulse/6abe39636551c6c071894d2b
25,baja,media,heritiages.org,heritiages[.]org,domain,Hallucinating Credibility: China-Aligned TA419 Impersonates its Way into US AI Policy Circles,OTX,,,,0,,2026-10-01T10:43:48,OTX,https://otx.alienvault.com/pulse/6abe39636551c6c071894d2b
25,baja,media,heritiage.org,heritiage[.]org,domain,Hallucinating Credibility: China-Aligned TA419 Impersonates its Way into US AI Policy Circles,OTX,,,,0,,2026-10-01T10:43:48,OTX,https://otx.alienvault.com/pulse/6abe39636551c6c071894d2b
25,baja,media,shinjirou.info,shinjirou[.]info,domain,Hallucinating Credibility: China-Aligned TA419 Impersonates its Way into US AI Policy Circles,OTX,,,,0,,2026-10-01T10:43:48,OTX,https://otx.alienvault.com/pulse/6abe39636551c6c071894d2b
25,baja,media,b314a1499cd728ca3e54b7150661fd0c7d2279065fe3f570f0f66c395d744460,b314a1499cd728ca3e54b7150661fd0c7d2279065fe3f570f0f66c395d744460,filehash-sha256,Hallucinating Credibility: China-Aligned TA419 Impersonates its Way into US AI Policy Circles,OTX,,,,0,,2026-10-01T10:43:48,OTX,https://otx.alienvault.com/pulse/6abe39636551c6c071894d2b
25,baja,alta,https://y32me8.com/Wavel.dmg,hxxps://y32me8[.]com/Wavel[.]dmg,url,New PamStealer variant targets macOS via fake crypto wallet,OTX,,,,0,,2026-09-22T20:35:42,OTX,https://otx.alienvault.com/pulse/6ab2e69de1b172350066344d
25,baja,alta,y32me8.com,y32me8[.]com,domain,New PamStealer variant targets macOS via fake crypto wallet,OTX,,,,0,,2026-09-22T20:35:42,OTX,https://otx.alienvault.com/pulse/6ab2e69de1b172350066344d
25,baja,alta,484129123e8509acdc733d44e9a53c1cafa5afc1e2a28d49a55d0e209806d898,484129123e8509acdc733d44e9a53c1cafa5afc1e2a28d49a55d0e209806d898,filehash-sha256,New PamStealer variant targets macOS via fake crypto wallet,OTX,,,,0,,2026-09-22T20:35:42,OTX,https://otx.alienvault.com/pulse/6ab2e69de1b172350066344d
25,baja,alta,be7ac520b804f933db0dc789431034eaae7b14c7ff7ff65605d736e9d5873163,be7ac520b804f933db0dc789431034eaae7b14c7ff7ff65605d736e9d5873163,filehash-sha256,New PamStealer variant targets macOS via fake crypto wallet,OTX,,,,0,,2026-09-22T20:35:42,OTX,https://otx.alienvault.com/pulse/6ab2e69de1b172350066344d
25,baja,alta,ed980f2fa0642b1a5ba0bca65f5b3baee8a7b3f5d149bf295aa4ac7a70b92cec,ed980f2fa0642b1a5ba0bca65f5b3baee8a7b3f5d149bf295aa4ac7a70b92cec,filehash-sha256,New PamStealer variant targets macOS via fake crypto wallet,OTX,,,,0,,2026-09-22T20:35:42,OTX,https://otx.alienvault.com/pulse/6ab2e69de1b172350066344d
25,baja,alta,http://wavel.apple03cloudstore.com/4e7a12e1c294f377/CoreUpdate.pkg.enc,hxxp://wavel[.]apple03cloudstore[.]com/4e7a12e1c294f377/CoreUpdate[.]pkg[.]enc,url,New PamStealer variant targets macOS via fake crypto wallet,OTX,,,,0,,2026-09-22T20:35:42,OTX,https://otx.alienvault.com/pulse/6ab2e69de1b172350066344d
25,baja,alta,http://wavel.apple03cloudstore.com/pkgunpack,hxxp://wavel[.]apple03cloudstore[.]com/pkgunpack,url,New PamStealer variant targets macOS via fake crypto wallet,OTX,,,,0,,2026-09-22T20:35:42,OTX,https://otx.alienvault.com/pulse/6ab2e69de1b172350066344d
25,baja,alta,http://wavel.apple03cloudstore.com/v1/asset/1789753519-10913-1182,hxxp://wavel[.]apple03cloudstore[.]com/v1/asset/1789753519-10913-1182,url,New PamStealer variant targets macOS via fake crypto wallet,OTX,,,,0,,2026-09-22T20:35:42,OTX,https://otx.alienvault.com/pulse/6ab2e69de1b172350066344d
25,baja,alta,https://wavel.apple03cloudstore.com/4e7a12e1c294f377/CoreUpdate.pkg.enc,hxxps://wavel[.]apple03cloudstore[.]com/4e7a12e1c294f377/CoreUpdate[.]pkg[.]enc,url,New PamStealer variant targets macOS via fake crypto wallet,OTX,,,,0,,2026-09-22T20:35:42,OTX,https://otx.alienvault.com/pulse/6ab2e69de1b172350066344d
25,baja,alta,https://wavel.apple03cloudstore.com/pkgunpack,hxxps://wavel[.]apple03cloudstore[.]com/pkgunpack,url,New PamStealer variant targets macOS via fake crypto wallet,OTX,,,,0,,2026-09-22T20:35:42,OTX,https://otx.alienvault.com/pulse/6ab2e69de1b172350066344d
25,baja,alta,https://wavel.apple03cloudstore.com/v1/asset,hxxps://wavel[.]apple03cloudstore[.]com/v1/asset,url,New PamStealer variant targets macOS via fake crypto wallet,OTX,,,,0,,2026-09-22T20:35:42,OTX,https://otx.alienvault.com/pulse/6ab2e69de1b172350066344d
25,baja,alta,https://wavel.apple03cloudstore.com/v1/asset/$,hxxps://wavel[.]apple03cloudstore[.]com/v1/asset/$,url,New PamStealer variant targets macOS via fake crypto wallet,OTX,,,,0,,2026-09-22T20:35:42,OTX,https://otx.alienvault.com/pulse/6ab2e69de1b172350066344d
25,baja,alta,https://wavel.apple03cloudstore.com/v1/loader/dek,hxxps://wavel[.]apple03cloudstore[.]com/v1/loader/dek,url,New PamStealer variant targets macOS via fake crypto wallet,OTX,,,,0,,2026-09-22T20:35:42,OTX,https://otx.alienvault.com/pulse/6ab2e69de1b172350066344d
25,baja,alta,https://wavel.apple03cloudstore.com/v1/loader/log,hxxps://wavel[.]apple03cloudstore[.]com/v1/loader/log,url,New PamStealer variant targets macOS via fake crypto wallet,OTX,,,,0,,2026-09-22T20:35:42,OTX,https://otx.alienvault.com/pulse/6ab2e69de1b172350066344d
25,baja,alta,apple03cloudstore.com,apple03cloudstore[.]com,domain,New PamStealer variant targets macOS via fake crypto wallet,OTX,,,,0,,2026-09-22T20:35:42,OTX,https://otx.alienvault.com/pulse/6ab2e69de1b172350066344d
25,baja,alta,wavel.apple03cloudstore.com,wavel[.]apple03cloudstore[.]com,hostname,New PamStealer variant targets macOS via fake crypto wallet,OTX,,,,0,,2026-09-22T20:35:42,OTX,https://otx.alienvault.com/pulse/6ab2e69de1b172350066344d
25,baja,media,gitlab.bet,gitlab[.]bet,domain,Gaming the system: how a Chinese-speaking actor turned Brazilian government sites into an SEO weapon,OTX,,,,0,,2026-09-02T13:40:06,OTX,https://otx.alienvault.com/pulse/6a982735d832e36397a5fad9
25,baja,media,github.wiki,github[.]wiki,domain,Gaming the system: how a Chinese-speaking actor turned Brazilian government sites into an SEO weapon,OTX,,,,0,,2026-09-02T13:40:06,OTX,https://otx.alienvault.com/pulse/6a982735d832e36397a5fad9
25,baja,media,0e7c96a22e3612c68866a8693cc583df95972d3444978ce163c024a45682133a,0e7c96a22e3612c68866a8693cc583df95972d3444978ce163c024a45682133a,filehash-sha256,Gaming the system: how a Chinese-speaking actor turned Brazilian government sites into an SEO weapon,OTX,,,,0,,2026-09-02T13:40:06,OTX,https://otx.alienvault.com/pulse/6a982735d832e36397a5fad9
25,baja,media,data.windows-update-cdn.com,data[.]windows-update-cdn[.]com,hostname,Gaming the system: how a Chinese-speaking actor turned Brazilian government sites into an SEO weapon,OTX,,,,0,,2026-09-02T13:40:06,OTX,https://otx.alienvault.com/pulse/6a982735d832e36397a5fad9
25,baja,media,468e351ba751f0c431e0d14a05fb5714,468e351ba751f0c431e0d14a05fb5714,filehash-md5,Gaming the system: how a Chinese-speaking actor turned Brazilian government sites into an SEO weapon,OTX,,,,0,,2026-09-02T13:40:06,OTX,https://otx.alienvault.com/pulse/6a982735d832e36397a5fad9
25,baja,media,78ef38411156857f4255c14d68abb9ce,78ef38411156857f4255c14d68abb9ce,filehash-md5,Gaming the system: how a Chinese-speaking actor turned Brazilian government sites into an SEO weapon,OTX,,,,0,,2026-09-02T13:40:06,OTX,https://otx.alienvault.com/pulse/6a982735d832e36397a5fad9
25,baja,media,7ca0c57e583876a52a4d1787320734b1,7ca0c57e583876a52a4d1787320734b1,filehash-md5,Gaming the system: how a Chinese-speaking actor turned Brazilian government sites into an SEO weapon,OTX,,,,0,,2026-09-02T13:40:06,OTX,https://otx.alienvault.com/pulse/6a982735d832e36397a5fad9
25,baja,media,911bd81294fa704fd27ec55d9fc987be,911bd81294fa704fd27ec55d9fc987be,filehash-md5,Gaming the system: how a Chinese-speaking actor turned Brazilian government sites into an SEO weapon,OTX,,,,0,,2026-09-02T13:40:06,OTX,https://otx.alienvault.com/pulse/6a982735d832e36397a5fad9
25,baja,media,b9b32c1354bccde1d0b94dd12c272c98,b9b32c1354bccde1d0b94dd12c272c98,filehash-md5,Gaming the system: how a Chinese-speaking actor turned Brazilian government sites into an SEO weapon,OTX,,,,0,,2026-09-02T13:40:06,OTX,https://otx.alienvault.com/pulse/6a982735d832e36397a5fad9
25,baja,media,c1350e2a357a1dffa2de3557d0af5a44,c1350e2a357a1dffa2de3557d0af5a44,filehash-md5,Gaming the system: how a Chinese-speaking actor turned Brazilian government sites into an SEO weapon,OTX,,,,0,,2026-09-02T13:40:06,OTX,https://otx.alienvault.com/pulse/6a982735d832e36397a5fad9
25,baja,media,c6b598aabfcab8c48e981913aeeb4d7e,c6b598aabfcab8c48e981913aeeb4d7e,filehash-md5,Gaming the system: how a Chinese-speaking actor turned Brazilian government sites into an SEO weapon,OTX,,,,0,,2026-09-02T13:40:06,OTX,https://otx.alienvault.com/pulse/6a982735d832e36397a5fad9
25,baja,media,c829548196e0621d4a4e5a7bb2c5127b,c829548196e0621d4a4e5a7bb2c5127b,filehash-md5,Gaming the system: how a Chinese-speaking actor turned Brazilian government sites into an SEO weapon,OTX,,,,0,,2026-09-02T13:40:06,OTX,https://otx.alienvault.com/pulse/6a982735d832e36397a5fad9
25,baja,media,ce77fdfb89848f2542f9761f1532e6b9,ce77fdfb89848f2542f9761f1532e6b9,filehash-md5,Gaming the system: how a Chinese-speaking actor turned Brazilian government sites into an SEO weapon,OTX,,,,0,,2026-09-02T13:40:06,OTX,https://otx.alienvault.com/pulse/6a982735d832e36397a5fad9
25,baja,media,f36f305ae2a503f9b46ec2c6fc0334a4,f36f305ae2a503f9b46ec2c6fc0334a4,filehash-md5,Gaming the system: how a Chinese-speaking actor turned Brazilian government sites into an SEO weapon,OTX,,,,0,,2026-09-02T13:40:06,OTX,https://otx.alienvault.com/pulse/6a982735d832e36397a5fad9
25,baja,media,088eb32b6ce5a1887265445de239b31ec613d1e1,088eb32b6ce5a1887265445de239b31ec613d1e1,filehash-sha1,Gaming the system: how a Chinese-speaking actor turned Brazilian government sites into an SEO weapon,OTX,,,,0,,2026-09-02T13:40:06,OTX,https://otx.alienvault.com/pulse/6a982735d832e36397a5fad9
25,baja,media,1e8c224812a39d2a01ab7c0e98f5763f6c9c852e,1e8c224812a39d2a01ab7c0e98f5763f6c9c852e,filehash-sha1,Gaming the system: how a Chinese-speaking actor turned Brazilian government sites into an SEO weapon,OTX,,,,0,,2026-09-02T13:40:06,OTX,https://otx.alienvault.com/pulse/6a982735d832e36397a5fad9
25,baja,media,2e0dcbbaecac8d96de2e2c69d830ee3bc09ce05c,2e0dcbbaecac8d96de2e2c69d830ee3bc09ce05c,filehash-sha1,Gaming the system: how a Chinese-speaking actor turned Brazilian government sites into an SEO weapon,OTX,,,,0,,2026-09-02T13:40:06,OTX,https://otx.alienvault.com/pulse/6a982735d832e36397a5fad9
25,baja,media,8a2d7dd8f50d0ec84870c488728fdafe30135765,8a2d7dd8f50d0ec84870c488728fdafe30135765,filehash-sha1,Gaming the system: how a Chinese-speaking actor turned Brazilian government sites into an SEO weapon,OTX,,,,0,,2026-09-02T13:40:06,OTX,https://otx.alienvault.com/pulse/6a982735d832e36397a5fad9
25,baja,media,9cf2ed9f10d0497eea29b69a1e93dfda43cf9f3f,9cf2ed9f10d0497eea29b69a1e93dfda43cf9f3f,filehash-sha1,Gaming the system: how a Chinese-speaking actor turned Brazilian government sites into an SEO weapon,OTX,,,,0,,2026-09-02T13:40:06,OTX,https://otx.alienvault.com/pulse/6a982735d832e36397a5fad9
25,baja,media,c74242abe9a8b79a67c0f11e97bb530387e28c77,c74242abe9a8b79a67c0f11e97bb530387e28c77,filehash-sha1,Gaming the system: how a Chinese-speaking actor turned Brazilian government sites into an SEO weapon,OTX,,,,0,,2026-09-02T13:40:06,OTX,https://otx.alienvault.com/pulse/6a982735d832e36397a5fad9
25,baja,media,d2defbaadd731483ea56b3499f997f2bfa6756b6,d2defbaadd731483ea56b3499f997f2bfa6756b6,filehash-sha1,Gaming the system: how a Chinese-speaking actor turned Brazilian government sites into an SEO weapon,OTX,,,,0,,2026-09-02T13:40:06,OTX,https://otx.alienvault.com/pulse/6a982735d832e36397a5fad9
25,baja,media,e51b45428e7a26a6db1ad7650bf4d22eb5930d9d,e51b45428e7a26a6db1ad7650bf4d22eb5930d9d,filehash-sha1,Gaming the system: how a Chinese-speaking actor turned Brazilian government sites into an SEO weapon,OTX,,,,0,,2026-09-02T13:40:06,OTX,https://otx.alienvault.com/pulse/6a982735d832e36397a5fad9
25,baja,media,ec761c824a20f478c2aa81badf4f60165a40bff5,ec761c824a20f478c2aa81badf4f60165a40bff5,filehash-sha1,Gaming the system: how a Chinese-speaking actor turned Brazilian government sites into an SEO weapon,OTX,,,,0,,2026-09-02T13:40:06,OTX,https://otx.alienvault.com/pulse/6a982735d832e36397a5fad9
25,baja,media,f8cddd9c1c1bd063d1665db097ca7fda6621a6ca,f8cddd9c1c1bd063d1665db097ca7fda6621a6ca,filehash-sha1,Gaming the system: how a Chinese-speaking actor turned Brazilian government sites into an SEO weapon,OTX,,,,0,,2026-09-02T13:40:06,OTX,https://otx.alienvault.com/pulse/6a982735d832e36397a5fad9
25,baja,media,02f5e07dd4c97a3de48cc886f46dad35443f1c221a352630e2c7787806ee21b6,02f5e07dd4c97a3de48cc886f46dad35443f1c221a352630e2c7787806ee21b6,filehash-sha256,Gaming the system: how a Chinese-speaking actor turned Brazilian government sites into an SEO weapon,OTX,,,,0,,2026-09-02T13:40:06,OTX,https://otx.alienvault.com/pulse/6a982735d832e36397a5fad9
25,baja,media,0611c153bf8b8561ef53f2a5ba1413115bdc0e4554e0c22cf9641bd8845db03e,0611c153bf8b8561ef53f2a5ba1413115bdc0e4554e0c22cf9641bd8845db03e,filehash-sha256,Gaming the system: how a Chinese-speaking actor turned Brazilian government sites into an SEO weapon,OTX,,,,0,,2026-09-02T13:40:06,OTX,https://otx.alienvault.com/pulse/6a982735d832e36397a5fad9
25,baja,media,088d0742a667f1acfc83edb94671a10b951f6745badec6d5c754ef594dddf815,088d0742a667f1acfc83edb94671a10b951f6745badec6d5c754ef594dddf815,filehash-sha256,Gaming the system: how a Chinese-speaking actor turned Brazilian government sites into an SEO weapon,OTX,,,,0,,2026-09-02T13:40:06,OTX,https://otx.alienvault.com/pulse/6a982735d832e36397a5fad9
25,baja,media,090e886e5605255ad5708e1f27aecc54319de835abd28853e54182981410707e,090e886e5605255ad5708e1f27aecc54319de835abd28853e54182981410707e,filehash-sha256,Gaming the system: how a Chinese-speaking actor turned Brazilian government sites into an SEO weapon,OTX,,,,0,,2026-09-02T13:40:06,OTX,https://otx.alienvault.com/pulse/6a982735d832e36397a5fad9
25,baja,media,0963c0034a5e0665729d686d50c5375948c4a684c56770adb13d24ff5df8013d,0963c0034a5e0665729d686d50c5375948c4a684c56770adb13d24ff5df8013d,filehash-sha256,Gaming the system: how a Chinese-speaking actor turned Brazilian government sites into an SEO weapon,OTX,,,,0,,2026-09-02T13:40:06,OTX,https://otx.alienvault.com/pulse/6a982735d832e36397a5fad9
25,baja,media,0d4a28d5cf7b99f11ffe972abd0284d9e35b6858eeb288532a55633b3e29f9c7,0d4a28d5cf7b99f11ffe972abd0284d9e35b6858eeb288532a55633b3e29f9c7,filehash-sha256,Gaming the system: how a Chinese-speaking actor turned Brazilian government sites into an SEO weapon,OTX,,,,0,,2026-09-02T13:40:06,OTX,https://otx.alienvault.com/pulse/6a982735d832e36397a5fad9
25,baja,media,0f26e1ba39ddd1f0a7e6f72bd8c4e02a5f0140de72eeda9fe5ab56402821e31e,0f26e1ba39ddd1f0a7e6f72bd8c4e02a5f0140de72eeda9fe5ab56402821e31e,filehash-sha256,Gaming the system: how a Chinese-speaking actor turned Brazilian government sites into an SEO weapon,OTX,,,,0,,2026-09-02T13:40:06,OTX,https://otx.alienvault.com/pulse/6a982735d832e36397a5fad9
25,baja,media,114824bccfafcbb42040f119fdcd3ec48f54eb154ffee6676d06986cba2b0af0,114824bccfafcbb42040f119fdcd3ec48f54eb154ffee6676d06986cba2b0af0,filehash-sha256,Gaming the system: how a Chinese-speaking actor turned Brazilian government sites into an SEO weapon,OTX,,,,0,,2026-09-02T13:40:06,OTX,https://otx.alienvault.com/pulse/6a982735d832e36397a5fad9
25,baja,media,12af9d95c44e20a375148c25f8a2978a62ee95489134654c3537ccfb2d42120d,12af9d95c44e20a375148c25f8a2978a62ee95489134654c3537ccfb2d42120d,filehash-sha256,Gaming the system: how a Chinese-speaking actor turned Brazilian government sites into an SEO weapon,OTX,,,,0,,2026-09-02T13:40:06,OTX,https://otx.alienvault.com/pulse/6a982735d832e36397a5fad9
25,baja,media,154c977a113ff4d94ff2f29f7b93a8d0bd6ad8e67a820c09505117f5d386fd40,154c977a113ff4d94ff2f29f7b93a8d0bd6ad8e67a820c09505117f5d386fd40,filehash-sha256,Gaming the system: how a Chinese-speaking actor turned Brazilian government sites into an SEO weapon,OTX,,,,0,,2026-09-02T13:40:06,OTX,https://otx.alienvault.com/pulse/6a982735d832e36397a5fad9
25,baja,media,16d35a725819142d2bd5bc0949dc518d344d6f63626a517e67fcba7322eb3844,16d35a725819142d2bd5bc0949dc518d344d6f63626a517e67fcba7322eb3844,filehash-sha256,Gaming the system: how a Chinese-speaking actor turned Brazilian government sites into an SEO weapon,OTX,,,,0,,2026-09-02T13:40:06,OTX,https://otx.alienvault.com/pulse/6a982735d832e36397a5fad9
25,baja,media,1829efbf7946e1a958779a3e7f1e50ca63fe61c6a2ddc177c14a7b0c5e10020a,1829efbf7946e1a958779a3e7f1e50ca63fe61c6a2ddc177c14a7b0c5e10020a,filehash-sha256,Gaming the system: how a Chinese-speaking actor turned Brazilian government sites into an SEO weapon,OTX,,,,0,,2026-09-02T13:40:06,OTX,https://otx.alienvault.com/pulse/6a982735d832e36397a5fad9
25,baja,media,1eb40363a64e0cad15e340af476d106ccf57ebb6662c1389da1347429ee68c9c,1eb40363a64e0cad15e340af476d106ccf57ebb6662c1389da1347429ee68c9c,filehash-sha256,Gaming the system: how a Chinese-speaking actor turned Brazilian government sites into an SEO weapon,OTX,,,,0,,2026-09-02T13:40:06,OTX,https://otx.alienvault.com/pulse/6a982735d832e36397a5fad9
25,baja,media,2305ae23ea350e31b05b9f071d315ee60c5a88e96ce11be8ff9db16314a6197c,2305ae23ea350e31b05b9f071d315ee60c5a88e96ce11be8ff9db16314a6197c,filehash-sha256,Gaming the system: how a Chinese-speaking actor turned Brazilian government sites into an SEO weapon,OTX,,,,0,,2026-09-02T13:40:06,OTX,https://otx.alienvault.com/pulse/6a982735d832e36397a5fad9
25,baja,media,232ef6be134c2b7c14648aa193daf7e23e987477b8a40150dd77883947fdf017,232ef6be134c2b7c14648aa193daf7e23e987477b8a40150dd77883947fdf017,filehash-sha256,Gaming the system: how a Chinese-speaking actor turned Brazilian government sites into an SEO weapon,OTX,,,,0,,2026-09-02T13:40:06,OTX,https://otx.alienvault.com/pulse/6a982735d832e36397a5fad9
25,baja,media,24f7296ac5ce844678c5f7470eaf64b28e870108ca06851c8f66a27a52003f12,24f7296ac5ce844678c5f7470eaf64b28e870108ca06851c8f66a27a52003f12,filehash-sha256,Gaming the system: how a Chinese-speaking actor turned Brazilian government sites into an SEO weapon,OTX,,,,0,,2026-09-02T13:40:06,OTX,https://otx.alienvault.com/pulse/6a982735d832e36397a5fad9
25,baja,media,2567d6b42dac97a391217ad22ee375f504d541940d3fbb9436a3f5e9bb23ab91,2567d6b42dac97a391217ad22ee375f504d541940d3fbb9436a3f5e9bb23ab91,filehash-sha256,Gaming the system: how a Chinese-speaking actor turned Brazilian government sites into an SEO weapon,OTX,,,,0,,2026-09-02T13:40:06,OTX,https://otx.alienvault.com/pulse/6a982735d832e36397a5fad9
25,baja,media,263c14e84398339b25cd3e59da7e108340306fdbb8112bbe7dc0f07a71eb8a31,263c14e84398339b25cd3e59da7e108340306fdbb8112bbe7dc0f07a71eb8a31,filehash-sha256,Gaming the system: how a Chinese-speaking actor turned Brazilian government sites into an SEO weapon,OTX,,,,0,,2026-09-02T13:40:06,OTX,https://otx.alienvault.com/pulse/6a982735d832e36397a5fad9
25,baja,media,2949f0b16b83b35dc8a3dfa11815b9516403e3997e13100e7b86f3bb81f6c283,2949f0b16b83b35dc8a3dfa11815b9516403e3997e13100e7b86f3bb81f6c283,filehash-sha256,Gaming the system: how a Chinese-speaking actor turned Brazilian government sites into an SEO weapon,OTX,,,,0,,2026-09-02T13:40:06,OTX,https://otx.alienvault.com/pulse/6a982735d832e36397a5fad9
25,baja,media,297c53d935c501864e15fe7abcfdafed83df9aafdf241094604ae405529c5eb7,297c53d935c501864e15fe7abcfdafed83df9aafdf241094604ae405529c5eb7,filehash-sha256,Gaming the system: how a Chinese-speaking actor turned Brazilian government sites into an SEO weapon,OTX,,,,0,,2026-09-02T13:40:06,OTX,https://otx.alienvault.com/pulse/6a982735d832e36397a5fad9
25,baja,media,2de964314a8aacc40897140f6fe21d268e24503a69f9821177e31bca7b1e4035,2de964314a8aacc40897140f6fe21d268e24503a69f9821177e31bca7b1e4035,filehash-sha256,Gaming the system: how a Chinese-speaking actor turned Brazilian government sites into an SEO weapon,OTX,,,,0,,2026-09-02T13:40:06,OTX,https://otx.alienvault.com/pulse/6a982735d832e36397a5fad9
25,baja,media,3537bfeaf2c18feafeaf773700a88118fd50979d97f2c42c7e34ba6c9aa62820,3537bfeaf2c18feafeaf773700a88118fd50979d97f2c42c7e34ba6c9aa62820,filehash-sha256,Gaming the system: how a Chinese-speaking actor turned Brazilian government sites into an SEO weapon,OTX,,,,0,,2026-09-02T13:40:06,OTX,https://otx.alienvault.com/pulse/6a982735d832e36397a5fad9
25,baja,media,36cf87fe2e29cc8b0fd84fce91d70e62a4c4d2fc5f9650dc37440d629ae61b8f,36cf87fe2e29cc8b0fd84fce91d70e62a4c4d2fc5f9650dc37440d629ae61b8f,filehash-sha256,Gaming the system: how a Chinese-speaking actor turned Brazilian government sites into an SEO weapon,OTX,,,,0,,2026-09-02T13:40:06,OTX,https://otx.alienvault.com/pulse/6a982735d832e36397a5fad9
25,baja,media,3a8f464f1f2b5c38173e2a96f95a690af327d85c13c04d37cf0a91893d487bdb,3a8f464f1f2b5c38173e2a96f95a690af327d85c13c04d37cf0a91893d487bdb,filehash-sha256,Gaming the system: how a Chinese-speaking actor turned Brazilian government sites into an SEO weapon,OTX,,,,0,,2026-09-02T13:40:06,OTX,https://otx.alienvault.com/pulse/6a982735d832e36397a5fad9
25,baja,media,3ad35ea116b2c0855c13459a04699318b3944762385e8a47144f1d03b48f0bb1,3ad35ea116b2c0855c13459a04699318b3944762385e8a47144f1d03b48f0bb1,filehash-sha256,Gaming the system: how a Chinese-speaking actor turned Brazilian government sites into an SEO weapon,OTX,,,,0,,2026-09-02T13:40:06,OTX,https://otx.alienvault.com/pulse/6a982735d832e36397a5fad9
25,baja,media,44373953431d7570d9585c91377dbe8b6527ccc00662d249f383b003b68b459f,44373953431d7570d9585c91377dbe8b6527ccc00662d249f383b003b68b459f,filehash-sha256,Gaming the system: how a Chinese-speaking actor turned Brazilian government sites into an SEO weapon,OTX,,,,0,,2026-09-02T13:40:06,OTX,https://otx.alienvault.com/pulse/6a982735d832e36397a5fad9
25,baja,media,45b9382d7e91a4178b47c908b9b5f6884de7c5a1ef849fbf01d6c23d06d81b88,45b9382d7e91a4178b47c908b9b5f6884de7c5a1ef849fbf01d6c23d06d81b88,filehash-sha256,Gaming the system: how a Chinese-speaking actor turned Brazilian government sites into an SEO weapon,OTX,,,,0,,2026-09-02T13:40:06,OTX,https://otx.alienvault.com/pulse/6a982735d832e36397a5fad9
25,baja,media,52863d36a216a86b2f90914db2d9229cba7ea317ab5ee9a678cb229087f04611,52863d36a216a86b2f90914db2d9229cba7ea317ab5ee9a678cb229087f04611,filehash-sha256,Gaming the system: how a Chinese-speaking actor turned Brazilian government sites into an SEO weapon,OTX,,,,0,,2026-09-02T13:40:06,OTX,https://otx.alienvault.com/pulse/6a982735d832e36397a5fad9
25,baja,media,582ecca146a6aef478706e4b2774d6115a9220a18d1db8f92ee54a5118ecebd9,582ecca146a6aef478706e4b2774d6115a9220a18d1db8f92ee54a5118ecebd9,filehash-sha256,Gaming the system: how a Chinese-speaking actor turned Brazilian government sites into an SEO weapon,OTX,,,,0,,2026-09-02T13:40:06,OTX,https://otx.alienvault.com/pulse/6a982735d832e36397a5fad9
25,baja,media,5a11ed7931fb6358846e0f3c8d69921f43f8ccade5937fc41e5c262cc49f82e8,5a11ed7931fb6358846e0f3c8d69921f43f8ccade5937fc41e5c262cc49f82e8,filehash-sha256,Gaming the system: how a Chinese-speaking actor turned Brazilian government sites into an SEO weapon,OTX,,,,0,,2026-09-02T13:40:06,OTX,https://otx.alienvault.com/pulse/6a982735d832e36397a5fad9
25,baja,media,5af1bec4635e52da4909bf744ea4b7e4483ec944241218855212f4a9e3d48611,5af1bec4635e52da4909bf744ea4b7e4483ec944241218855212f4a9e3d48611,filehash-sha256,Gaming the system: how a Chinese-speaking actor turned Brazilian government sites into an SEO weapon,OTX,,,,0,,2026-09-02T13:40:06,OTX,https://otx.alienvault.com/pulse/6a982735d832e36397a5fad9
25,baja,media,5f6d112637545a2e8c1a9f260c39698852c7a22e83db5ccfc99b99d9f6274710,5f6d112637545a2e8c1a9f260c39698852c7a22e83db5ccfc99b99d9f6274710,filehash-sha256,Gaming the system: how a Chinese-speaking actor turned Brazilian government sites into an SEO weapon,OTX,,,,0,,2026-09-02T13:40:06,OTX,https://otx.alienvault.com/pulse/6a982735d832e36397a5fad9
25,baja,media,612fe3a3ace706725aa5415a1cd1cf18548627b4b40636c5443cb770def30b4c,612fe3a3ace706725aa5415a1cd1cf18548627b4b40636c5443cb770def30b4c,filehash-sha256,Gaming the system: how a Chinese-speaking actor turned Brazilian government sites into an SEO weapon,OTX,,,,0,,2026-09-02T13:40:06,OTX,https://otx.alienvault.com/pulse/6a982735d832e36397a5fad9
25,baja,media,67ccc12c0a17dc31388a8c851d076edaaf1213e80398b01d46f5a29b8c7b8b9b,67ccc12c0a17dc31388a8c851d076edaaf1213e80398b01d46f5a29b8c7b8b9b,filehash-sha256,Gaming the system: how a Chinese-speaking actor turned Brazilian government sites into an SEO weapon,OTX,,,,0,,2026-09-02T13:40:06,OTX,https://otx.alienvault.com/pulse/6a982735d832e36397a5fad9
25,baja,media,749784fb7846bb3b52dd8c2f660b53d95d5df30387b87b65b584ef9cc781ae52,749784fb7846bb3b52dd8c2f660b53d95d5df30387b87b65b584ef9cc781ae52,filehash-sha256,Gaming the system: how a Chinese-speaking actor turned Brazilian government sites into an SEO weapon,OTX,,,,0,,2026-09-02T13:40:06,OTX,https://otx.alienvault.com/pulse/6a982735d832e36397a5fad9
25,baja,media,7d9f5eb3f704607e6f63681842f48071cc58f2f2e63b16b64a49440cb4b9e6e3,7d9f5eb3f704607e6f63681842f48071cc58f2f2e63b16b64a49440cb4b9e6e3,filehash-sha256,Gaming the system: how a Chinese-speaking actor turned Brazilian government sites into an SEO weapon,OTX,,,,0,,2026-09-02T13:40:06,OTX,https://otx.alienvault.com/pulse/6a982735d832e36397a5fad9
25,baja,media,8495598b1fec814d72caf76f1460b132071bb7305335331fed3bac9876c6e40c,8495598b1fec814d72caf76f1460b132071bb7305335331fed3bac9876c6e40c,filehash-sha256,Gaming the system: how a Chinese-speaking actor turned Brazilian government sites into an SEO weapon,OTX,,,,0,,2026-09-02T13:40:06,OTX,https://otx.alienvault.com/pulse/6a982735d832e36397a5fad9
25,baja,media,85b5e95cbb5103202abebf8f84b91a286994e61b33ddef53355ab0df2a2b6d9a,85b5e95cbb5103202abebf8f84b91a286994e61b33ddef53355ab0df2a2b6d9a,filehash-sha256,Gaming the system: how a Chinese-speaking actor turned Brazilian government sites into an SEO weapon,OTX,,,,0,,2026-09-02T13:40:06,OTX,https://otx.alienvault.com/pulse/6a982735d832e36397a5fad9
25,baja,media,88544d36beb6dc621c9376806836d0ad109ece64b589605d5674e0c86313d1c0,88544d36beb6dc621c9376806836d0ad109ece64b589605d5674e0c86313d1c0,filehash-sha256,Gaming the system: how a Chinese-speaking actor turned Brazilian government sites into an SEO weapon,OTX,,,,0,,2026-09-02T13:40:06,OTX,https://otx.alienvault.com/pulse/6a982735d832e36397a5fad9
25,baja,media,8a64d368ce14c5a1f5e775714bcc02f080d0541360743bb4235e0d640f1787b1,8a64d368ce14c5a1f5e775714bcc02f080d0541360743bb4235e0d640f1787b1,filehash-sha256,Gaming the system: how a Chinese-speaking actor turned Brazilian government sites into an SEO weapon,OTX,,,,0,,2026-09-02T13:40:06,OTX,https://otx.alienvault.com/pulse/6a982735d832e36397a5fad9
25,baja,media,94aa88ff6222583b2a5b791ddd655837787e31f59483ed91f860857d3399b84a,94aa88ff6222583b2a5b791ddd655837787e31f59483ed91f860857d3399b84a,filehash-sha256,Gaming the system: how a Chinese-speaking actor turned Brazilian government sites into an SEO weapon,OTX,,,,0,,2026-09-02T13:40:06,OTX,https://otx.alienvault.com/pulse/6a982735d832e36397a5fad9
25,baja,media,96488c59287889fcd3b9952ec78b78914fabb901c8b61a7354552439170ed148,96488c59287889fcd3b9952ec78b78914fabb901c8b61a7354552439170ed148,filehash-sha256,Gaming the system: how a Chinese-speaking actor turned Brazilian government sites into an SEO weapon,OTX,,,,0,,2026-09-02T13:40:06,OTX,https://otx.alienvault.com/pulse/6a982735d832e36397a5fad9
25,baja,media,98e17fe36ff77106bbbb9a04f3e00004bf872b88aab22438076966913ea83322,98e17fe36ff77106bbbb9a04f3e00004bf872b88aab22438076966913ea83322,filehash-sha256,Gaming the system: how a Chinese-speaking actor turned Brazilian government sites into an SEO weapon,OTX,,,,0,,2026-09-02T13:40:06,OTX,https://otx.alienvault.com/pulse/6a982735d832e36397a5fad9
25,baja,media,99b5404df81992cad104dd242bc736d75fd6c58af34dc1a75a8ee3c5e1784fa4,99b5404df81992cad104dd242bc736d75fd6c58af34dc1a75a8ee3c5e1784fa4,filehash-sha256,Gaming the system: how a Chinese-speaking actor turned Brazilian government sites into an SEO weapon,OTX,,,,0,,2026-09-02T13:40:06,OTX,https://otx.alienvault.com/pulse/6a982735d832e36397a5fad9
25,baja,media,9d3085eac9a59a94f0473db5ec0173def8777d2f794da281fb1749389ae33cdb,9d3085eac9a59a94f0473db5ec0173def8777d2f794da281fb1749389ae33cdb,filehash-sha256,Gaming the system: how a Chinese-speaking actor turned Brazilian government sites into an SEO weapon,OTX,,,,0,,2026-09-02T13:40:06,OTX,https://otx.alienvault.com/pulse/6a982735d832e36397a5fad9
25,baja,media,9d513a419bf129a42017b29eb7d084451a4f34be0828f6871439ec79f7f9b5fb,9d513a419bf129a42017b29eb7d084451a4f34be0828f6871439ec79f7f9b5fb,filehash-sha256,Gaming the system: how a Chinese-speaking actor turned Brazilian government sites into an SEO weapon,OTX,,,,0,,2026-09-02T13:40:06,OTX,https://otx.alienvault.com/pulse/6a982735d832e36397a5fad9
25,baja,media,a71498bfffae8ac694356b3f2436820b396946c9e71c8915e282c1b2fdba4162,a71498bfffae8ac694356b3f2436820b396946c9e71c8915e282c1b2fdba4162,filehash-sha256,Gaming the system: how a Chinese-speaking actor turned Brazilian government sites into an SEO weapon,OTX,,,,0,,2026-09-02T13:40:06,OTX,https://otx.alienvault.com/pulse/6a982735d832e36397a5fad9
25,baja,media,ab7d531d298f0d77bc7bbbdc36f4f8a1732ceca90ff60e3f225a99b9b10f334e,ab7d531d298f0d77bc7bbbdc36f4f8a1732ceca90ff60e3f225a99b9b10f334e,filehash-sha256,Gaming the system: how a Chinese-speaking actor turned Brazilian government sites into an SEO weapon,OTX,,,,0,,2026-09-02T13:40:06,OTX,https://otx.alienvault.com/pulse/6a982735d832e36397a5fad9
25,baja,media,ac99754357bd4a69c1de576977e0ee19c7354f29f7f52a9893b7a60f9c2f5248,ac99754357bd4a69c1de576977e0ee19c7354f29f7f52a9893b7a60f9c2f5248,filehash-sha256,Gaming the system: how a Chinese-speaking actor turned Brazilian government sites into an SEO weapon,OTX,,,,0,,2026-09-02T13:40:06,OTX,https://otx.alienvault.com/pulse/6a982735d832e36397a5fad9
25,baja,media,adbee84e9a43949b0a816f052ffb3c0b7855e078b985fea95532158c3b9389bc,adbee84e9a43949b0a816f052ffb3c0b7855e078b985fea95532158c3b9389bc,filehash-sha256,Gaming the system: how a Chinese-speaking actor turned Brazilian government sites into an SEO weapon,OTX,,,,0,,2026-09-02T13:40:06,OTX,https://otx.alienvault.com/pulse/6a982735d832e36397a5fad9
25,baja,media,b88a7f3288bdf4b97d75dad4e47e5cb3d4e0962b12674a08e32e5f96e762e877,b88a7f3288bdf4b97d75dad4e47e5cb3d4e0962b12674a08e32e5f96e762e877,filehash-sha256,Gaming the system: how a Chinese-speaking actor turned Brazilian government sites into an SEO weapon,OTX,,,,0,,2026-09-02T13:40:06,OTX,https://otx.alienvault.com/pulse/6a982735d832e36397a5fad9
25,baja,media,bcd7e5964630c34f06a43e48d696d99d7abae6b679509ad839ffa5179a972838,bcd7e5964630c34f06a43e48d696d99d7abae6b679509ad839ffa5179a972838,filehash-sha256,Gaming the system: how a Chinese-speaking actor turned Brazilian government sites into an SEO weapon,OTX,,,,0,,2026-09-02T13:40:06,OTX,https://otx.alienvault.com/pulse/6a982735d832e36397a5fad9
25,baja,media,c3c09fe219e10808f053e580628aeb87b1f00fc683c810aa828905fe03cda98f,c3c09fe219e10808f053e580628aeb87b1f00fc683c810aa828905fe03cda98f,filehash-sha256,Gaming the system: how a Chinese-speaking actor turned Brazilian government sites into an SEO weapon,OTX,,,,0,,2026-09-02T13:40:06,OTX,https://otx.alienvault.com/pulse/6a982735d832e36397a5fad9
25,baja,media,c3c6ab58514cd13638cf049332186ef6d4ec7b256913edb1cd66a19437608882,c3c6ab58514cd13638cf049332186ef6d4ec7b256913edb1cd66a19437608882,filehash-sha256,Gaming the system: how a Chinese-speaking actor turned Brazilian government sites into an SEO weapon,OTX,,,,0,,2026-09-02T13:40:06,OTX,https://otx.alienvault.com/pulse/6a982735d832e36397a5fad9
25,baja,media,c4d2efa57eef0c5defc4ca708ebe35832f8b543cf764beebef56fef6d36d4f69,c4d2efa57eef0c5defc4ca708ebe35832f8b543cf764beebef56fef6d36d4f69,filehash-sha256,Gaming the system: how a Chinese-speaking actor turned Brazilian government sites into an SEO weapon,OTX,,,,0,,2026-09-02T13:40:06,OTX,https://otx.alienvault.com/pulse/6a982735d832e36397a5fad9
25,baja,media,c59ebe5cf45935c7b5f91b5936fe2c8a5feb7ca161e40ca4e3fb93e447373fa6,c59ebe5cf45935c7b5f91b5936fe2c8a5feb7ca161e40ca4e3fb93e447373fa6,filehash-sha256,Gaming the system: how a Chinese-speaking actor turned Brazilian government sites into an SEO weapon,OTX,,,,0,,2026-09-02T13:40:06,OTX,https://otx.alienvault.com/pulse/6a982735d832e36397a5fad9
25,baja,media,cff25a9c84c893e32a9a75c1dae385934cf917f709efa11172a53ea2337fa109,cff25a9c84c893e32a9a75c1dae385934cf917f709efa11172a53ea2337fa109,filehash-sha256,Gaming the system: how a Chinese-speaking actor turned Brazilian government sites into an SEO weapon,OTX,,,,0,,2026-09-02T13:40:06,OTX,https://otx.alienvault.com/pulse/6a982735d832e36397a5fad9
25,baja,media,d138d5f4fbc77650bc3be1cbf8fbd0ee292aa30eed5feec1ea7ba02e57da932b,d138d5f4fbc77650bc3be1cbf8fbd0ee292aa30eed5feec1ea7ba02e57da932b,filehash-sha256,Gaming the system: how a Chinese-speaking actor turned Brazilian government sites into an SEO weapon,OTX,,,,0,,2026-09-02T13:40:06,OTX,https://otx.alienvault.com/pulse/6a982735d832e36397a5fad9
25,baja,media,d478f867512e18d839180ceafc980c8fb26c3aa7d1c9e96d054819c81afef6f4,d478f867512e18d839180ceafc980c8fb26c3aa7d1c9e96d054819c81afef6f4,filehash-sha256,Gaming the system: how a Chinese-speaking actor turned Brazilian government sites into an SEO weapon,OTX,,,,0,,2026-09-02T13:40:06,OTX,https://otx.alienvault.com/pulse/6a982735d832e36397a5fad9
25,baja,media,d948b486c740b66642a5ae29dc1cb80da703ad40296bcda34a1b27216b63a5cd,d948b486c740b66642a5ae29dc1cb80da703ad40296bcda34a1b27216b63a5cd,filehash-sha256,Gaming the system: how a Chinese-speaking actor turned Brazilian government sites into an SEO weapon,OTX,,,,0,,2026-09-02T13:40:06,OTX,https://otx.alienvault.com/pulse/6a982735d832e36397a5fad9
25,baja,media,e8bb763bd10e727228ca9a8e3e6cf10bf4de4639b6be680a3abfb181a0adc052,e8bb763bd10e727228ca9a8e3e6cf10bf4de4639b6be680a3abfb181a0adc052,filehash-sha256,Gaming the system: how a Chinese-speaking actor turned Brazilian government sites into an SEO weapon,OTX,,,,0,,2026-09-02T13:40:06,OTX,https://otx.alienvault.com/pulse/6a982735d832e36397a5fad9
25,baja,media,e8bc706b0b007d6a122c6b19e87451e550baee793540774db13b9a08803ed76a,e8bc706b0b007d6a122c6b19e87451e550baee793540774db13b9a08803ed76a,filehash-sha256,Gaming the system: how a Chinese-speaking actor turned Brazilian government sites into an SEO weapon,OTX,,,,0,,2026-09-02T13:40:06,OTX,https://otx.alienvault.com/pulse/6a982735d832e36397a5fad9
25,baja,media,f025520d648c7799ca5bed4a9be5bee14ac33be1f1e9b20c090c8c6319404fcf,f025520d648c7799ca5bed4a9be5bee14ac33be1f1e9b20c090c8c6319404fcf,filehash-sha256,Gaming the system: how a Chinese-speaking actor turned Brazilian government sites into an SEO weapon,OTX,,,,0,,2026-09-02T13:40:06,OTX,https://otx.alienvault.com/pulse/6a982735d832e36397a5fad9
25,baja,media,f32dfbe4a2c11a975d735297bf76f6497ce9f5789ab8eaaef3fdd182c2f1f7b1,f32dfbe4a2c11a975d735297bf76f6497ce9f5789ab8eaaef3fdd182c2f1f7b1,filehash-sha256,Gaming the system: how a Chinese-speaking actor turned Brazilian government sites into an SEO weapon,OTX,,,,0,,2026-09-02T13:40:06,OTX,https://otx.alienvault.com/pulse/6a982735d832e36397a5fad9
25,baja,media,f4aceaf5c0740093f8040f5e0f29c7582a1bd7ab2bca628d162fb45c29045063,f4aceaf5c0740093f8040f5e0f29c7582a1bd7ab2bca628d162fb45c29045063,filehash-sha256,Gaming the system: how a Chinese-speaking actor turned Brazilian government sites into an SEO weapon,OTX,,,,0,,2026-09-02T13:40:06,OTX,https://otx.alienvault.com/pulse/6a982735d832e36397a5fad9
25,baja,media,fa7d8c44a0ecb5ec40832d0d2cfe22c47879317177eae88d178e156f1c8d61a3,fa7d8c44a0ecb5ec40832d0d2cfe22c47879317177eae88d178e156f1c8d61a3,filehash-sha256,Gaming the system: how a Chinese-speaking actor turned Brazilian government sites into an SEO weapon,OTX,,,,0,,2026-09-02T13:40:06,OTX,https://otx.alienvault.com/pulse/6a982735d832e36397a5fad9
25,baja,media,fa7fc029ac13af2f3880151e9c408e9afadeba7b2cff01659806fb7c3c83288d,fa7fc029ac13af2f3880151e9c408e9afadeba7b2cff01659806fb7c3c83288d,filehash-sha256,Gaming the system: how a Chinese-speaking actor turned Brazilian government sites into an SEO weapon,OTX,,,,0,,2026-09-02T13:40:06,OTX,https://otx.alienvault.com/pulse/6a982735d832e36397a5fad9
25,baja,media,fc789397742aee60b01292b071f79b4165981c31aa431eb1577a47c5911381c3,fc789397742aee60b01292b071f79b4165981c31aa431eb1577a47c5911381c3,filehash-sha256,Gaming the system: how a Chinese-speaking actor turned Brazilian government sites into an SEO weapon,OTX,,,,0,,2026-09-02T13:40:06,OTX,https://otx.alienvault.com/pulse/6a982735d832e36397a5fad9
25,baja,media,github.la,github[.]la,domain,Gaming the system: how a Chinese-speaking actor turned Brazilian government sites into an SEO weapon,OTX,,,,0,,2026-09-02T13:40:06,OTX,https://otx.alienvault.com/pulse/6a982735d832e36397a5fad9
25,baja,media,kerneltty.com,kerneltty[.]com,domain,Gaming the system: how a Chinese-speaking actor turned Brazilian government sites into an SEO weapon,OTX,,,,0,,2026-09-02T13:40:06,OTX,https://otx.alienvault.com/pulse/6a982735d832e36397a5fad9
25,baja,media,microsoft-azure-loadbalance.com,microsoft-azure-loadbalance[.]com,domain,Gaming the system: how a Chinese-speaking actor turned Brazilian government sites into an SEO weapon,OTX,,,,0,,2026-09-02T13:40:06,OTX,https://otx.alienvault.com/pulse/6a982735d832e36397a5fad9
25,baja,media,playfootball.info,playfootball[.]info,domain,Gaming the system: how a Chinese-speaking actor turned Brazilian government sites into an SEO weapon,OTX,,,,0,,2026-09-02T13:40:06,OTX,https://otx.alienvault.com/pulse/6a982735d832e36397a5fad9
25,baja,media,404.443.team,404[.]443[.]team,hostname,Gaming the system: how a Chinese-speaking actor turned Brazilian government sites into an SEO weapon,OTX,,,,0,,2026-09-02T13:40:06,OTX,https://otx.alienvault.com/pulse/6a982735d832e36397a5fad9
25,baja,media,80.443.team,80[.]443[.]team,hostname,Gaming the system: how a Chinese-speaking actor turned Brazilian government sites into an SEO weapon,OTX,,,,0,,2026-09-02T13:40:06,OTX,https://otx.alienvault.com/pulse/6a982735d832e36397a5fad9
25,baja,media,8yiu.kernel-lib.com,8yiu[.]kernel-lib[.]com,hostname,Gaming the system: how a Chinese-speaking actor turned Brazilian government sites into an SEO weapon,OTX,,,,0,,2026-09-02T13:40:06,OTX,https://otx.alienvault.com/pulse/6a982735d832e36397a5fad9
25,baja,media,api.gitlab.bet,api[.]gitlab[.]bet,hostname,Gaming the system: how a Chinese-speaking actor turned Brazilian government sites into an SEO weapon,OTX,,,,0,,2026-09-02T13:40:06,OTX,https://otx.alienvault.com/pulse/6a982735d832e36397a5fad9
25,baja,media,api.onlinevrgame.com,api[.]onlinevrgame[.]com,hostname,Gaming the system: how a Chinese-speaking actor turned Brazilian government sites into an SEO weapon,OTX,,,,0,,2026-09-02T13:40:06,OTX,https://otx.alienvault.com/pulse/6a982735d832e36397a5fad9
25,baja,media,bageyi.kernel-lib.com,bageyi[.]kernel-lib[.]com,hostname,Gaming the system: how a Chinese-speaking actor turned Brazilian government sites into an SEO weapon,OTX,,,,0,,2026-09-02T13:40:06,OTX,https://otx.alienvault.com/pulse/6a982735d832e36397a5fad9
25,baja,media,br.team-c2.com,br[.]team-c2[.]com,hostname,Gaming the system: how a Chinese-speaking actor turned Brazilian government sites into an SEO weapon,OTX,,,,0,,2026-09-02T13:40:06,OTX,https://otx.alienvault.com/pulse/6a982735d832e36397a5fad9
25,baja,media,br.team-hw.com,br[.]team-hw[.]com,hostname,Gaming the system: how a Chinese-speaking actor turned Brazilian government sites into an SEO weapon,OTX,,,,0,,2026-09-02T13:40:06,OTX,https://otx.alienvault.com/pulse/6a982735d832e36397a5fad9
25,baja,media,data.mirrors-inc.com,data[.]mirrors-inc[.]com,hostname,Gaming the system: how a Chinese-speaking actor turned Brazilian government sites into an SEO weapon,OTX,,,,0,,2026-09-02T13:40:06,OTX,https://otx.alienvault.com/pulse/6a982735d832e36397a5fad9
25,baja,media,devops.aliyuntsl.com,devops[.]aliyuntsl[.]com,hostname,Gaming the system: how a Chinese-speaking actor turned Brazilian government sites into an SEO weapon,OTX,,,,0,,2026-09-02T13:40:06,OTX,https://otx.alienvault.com/pulse/6a982735d832e36397a5fad9
25,baja,media,dnslog.kernel-lib.com,dnslog[.]kernel-lib[.]com,hostname,Gaming the system: how a Chinese-speaking actor turned Brazilian government sites into an SEO weapon,OTX,,,,0,,2026-09-02T13:40:06,OTX,https://otx.alienvault.com/pulse/6a982735d832e36397a5fad9
25,baja,media,file.ijjjst23m.com,file[.]ijjjst23m[.]com,hostname,Gaming the system: how a Chinese-speaking actor turned Brazilian government sites into an SEO weapon,OTX,,,,0,,2026-09-02T13:40:06,OTX,https://otx.alienvault.com/pulse/6a982735d832e36397a5fad9
25,baja,media,hwlocal.team-hw.com,hwlocal[.]team-hw[.]com,hostname,Gaming the system: how a Chinese-speaking actor turned Brazilian government sites into an SEO weapon,OTX,,,,0,,2026-09-02T13:40:06,OTX,https://otx.alienvault.com/pulse/6a982735d832e36397a5fad9
25,baja,media,js.ai-jquery.com,js[.]ai-jquery[.]com,hostname,Gaming the system: how a Chinese-speaking actor turned Brazilian government sites into an SEO weapon,OTX,,,,0,,2026-09-02T13:40:06,OTX,https://otx.alienvault.com/pulse/6a982735d832e36397a5fad9
25,baja,media,rb.aliyuntsl.com,rb[.]aliyuntsl[.]com,hostname,Gaming the system: how a Chinese-speaking actor turned Brazilian government sites into an SEO weapon,OTX,,,,0,,2026-09-02T13:40:06,OTX,https://otx.alienvault.com/pulse/6a982735d832e36397a5fad9
25,baja,media,up.443.team,up[.]443[.]team,hostname,Gaming the system: how a Chinese-speaking actor turned Brazilian government sites into an SEO weapon,OTX,,,,0,,2026-09-02T13:40:06,OTX,https://otx.alienvault.com/pulse/6a982735d832e36397a5fad9
25,baja,media,update.aliyun.la,update[.]aliyun[.]la,hostname,Gaming the system: how a Chinese-speaking actor turned Brazilian government sites into an SEO weapon,OTX,,,,0,,2026-09-02T13:40:06,OTX,https://otx.alienvault.com/pulse/6a982735d832e36397a5fad9
25,baja,media,update.opentls2.com,update[.]opentls2[.]com,hostname,Gaming the system: how a Chinese-speaking actor turned Brazilian government sites into an SEO weapon,OTX,,,,0,,2026-09-02T13:40:06,OTX,https://otx.alienvault.com/pulse/6a982735d832e36397a5fad9
25,baja,media,update.team-c2.com,update[.]team-c2[.]com,hostname,Gaming the system: how a Chinese-speaking actor turned Brazilian government sites into an SEO weapon,OTX,,,,0,,2026-09-02T13:40:06,OTX,https://otx.alienvault.com/pulse/6a982735d832e36397a5fad9
25,baja,alta,ba83cc3c9535690191018edf73ca5c6001609df9919462796aa2e551f142e4d3,ba83cc3c9535690191018edf73ca5c6001609df9919462796aa2e551f142e4d3,filehash-sha256,Uncovering StreamRat: From Meta Ads to Full Device Takeover,OTX,,,,0,,2026-09-02T13:39:05,OTX,https://otx.alienvault.com/pulse/6a9826f869eb70a6b15298ec
25,baja,alta,e0714788b4e2518b0d9d4cbf18c7217bb97718e01689d77338f1cc4a230fcb6c,e0714788b4e2518b0d9d4cbf18c7217bb97718e01689d77338f1cc4a230fcb6c,filehash-sha256,Uncovering StreamRat: From Meta Ads to Full Device Takeover,OTX,,,,0,,2026-09-02T13:39:05,OTX,https://otx.alienvault.com/pulse/6a9826f869eb70a6b15298ec
25,baja,media,san-sid.com,san-sid[.]com,domain,Hackers Weaponize Microsoft Teams Help Desk Calls for Malware and Network Lateral Movement,OTX,,,,0,,2026-09-02T09:59:12,OTX,https://otx.alienvault.com/pulse/6a97f37014181775b84892a1
25,baja,media,24ab9fe5d5be62d3bf055a0ca4508e8bca2996b6d78649dce8145d8a27bc1c5b,24ab9fe5d5be62d3bf055a0ca4508e8bca2996b6d78649dce8145d8a27bc1c5b,filehash-sha256,Hackers Weaponize Microsoft Teams Help Desk Calls for Malware and Network Lateral Movement,OTX,,,,0,,2026-09-02T09:59:12,OTX,https://otx.alienvault.com/pulse/6a97f37014181775b84892a1
